/* Generated by tools/converters/obj2gfx.py from PSONE.obj T_PS1.png.
 * 1183 vertices, 524 triangles,
 * 38 vertex batches, source scale 5727.39 units/unit,
 * model height 646 units (6.5 world units at profile scale 0.01).
 * Do not edit by hand — re-run the converter. */
#include "libforest/gbi_extensions.h"
#include "PR/gbi.h"
#include "dolphin/gx.h"

u8 int_psx_tex[65536] = {
    0xAE, 0xCD, 0xCD, 0x88, 0x67, 0x8C, 0x8C, 0x8C, 0xCB, 0xD9, 0xD1, 0x12, 0x10, 0x13, 0x13, 0x13,
    0xC4, 0x4D, 0x36, 0x0C, 0x22, 0x1F, 0x1F, 0x1F, 0xCD, 0x58, 0x09, 0x0E, 0x24, 0x1F, 0x1F, 0x1C,
    0x8C, 0x8C, 0x83, 0x83, 0x8C, 0x8C, 0x8C, 0x8C, 0x12, 0x10, 0x10, 0x10, 0x10, 0x0E, 0x0D, 0x0D,
    0x1F, 0x1F, 0x1F, 0x1F, 0x1F, 0x22, 0x20, 0x22, 0x1F, 0x1F, 0x1F, 0x1F, 0x1C, 0x22, 0x1F, 0x1F,
    0x8C, 0x8D, 0x8C, 0x8C, 0x8C, 0x8C, 0x91, 0x8D, 0x0E, 0x0E, 0x10, 0x0E, 0x10, 0x0E, 0x0E, 0x10,
    0x24, 0x24, 0x24, 0x20, 0x22, 0x1F, 0x24, 0x22, 0x22, 0x22, 0x1F, 0x1F, 0x1F, 0x1F, 0x22, 0x20,
    0x91, 0x91, 0x91, 0x91, 0x91, 0x91, 0x99, 0x99, 0x0E, 0x10, 0x10, 0x10, 0x10, 0x10, 0x10, 0x10,
    0x24, 0x24, 0x22, 0x22, 0x24, 0x24, 0x24, 0x22, 0x22, 0x22, 0x1F, 0x1F, 0x22, 0x1F, 0x24, 0x22,
    0x6E, 0xE1, 0xFA, 0xFA, 0xFB, 0xFA, 0xFA, 0xFA, 0x0D, 0x07, 0xF4, 0xFB, 0xF6, 0xF7, 0xF8, 0xF8,
    0x22, 0x11, 0xF5, 0xEF, 0x03, 0x1A, 0x17, 0x19, 0x1C, 0x11, 0xF5, 0xED, 0x03, 0x22, 0x19, 0x19,
    0xFA, 0xFA, 0xFA, 0xFA, 0xFA, 0xFA, 0xFA, 0xF9, 0xF7, 0xF7, 0xF7, 0xF7, 0xF6, 0xF6, 0xF6, 0xF6,
    0x19, 0x17, 0x17, 0x19, 0x19, 0x1A, 0x1C, 0x1A, 0x19, 0x19, 0x19, 0x1A, 0x1A, 0x1A, 0x19, 0x1A,
    0xF9, 0xF9, 0xF9, 0xF9, 0xF9, 0xF9, 0xF9, 0xF9, 0xF6, 0xF6, 0xF6, 0xF6, 0xF6, 0xF6, 0xF6, 0xF6,
    0x1B, 0x1C, 0x1C, 0x1B, 0x1C, 0x1C, 0x1C, 0x1C, 0x1A, 0x19, 0x1A, 0x1A, 0x19, 0x19, 0x1A, 0x17,
    0xF9, 0xF9, 0xFA, 0xFB, 0xEE, 0xE2, 0xFA, 0xFB, 0xF6, 0xF6, 0xF6, 0xF9, 0xF9, 0xF8, 0xFA, 0xF8,
    0x1F, 0x22, 0x1F, 0x19, 0x1D, 0x22, 0x17, 0x19, 0x13, 0x13, 0x11, 0x10, 0x0D, 0x0C, 0x0D, 0x0D,
    0xF9, 0xFA, 0xFB, 0xFA, 0xFA, 0xFB, 0xEC, 0xE4, 0xF7, 0xF9, 0xF9, 0xF9, 0xF7, 0xF9, 0xF9, 0xF8,
    0x1F, 0x1A, 0x19, 0x1A, 0x1F, 0x19, 0x24, 0x27, 0x0D, 0x0E, 0x0D, 0x0D, 0x0C, 0x0C, 0x0D, 0x10,
    0xFA, 0xFB, 0xFA, 0xFB, 0xFB, 0xE8, 0xEA, 0xFB, 0xFA, 0xF9, 0xF6, 0xF8, 0xFA, 0xF8, 0xF8, 0xFA,
    0x1A, 0x1C, 0x24, 0x1F, 0x1A, 0x27, 0x27, 0x1A, 0x13, 0x19, 0x1F, 0x22, 0x24, 0x20, 0x1C, 0x22,
    0xFB, 0xFA, 0xFA, 0xFA, 0xFA, 0xFA, 0xFA, 0xFA, 0xF9, 0xF8, 0xF8, 0xF8, 0xF8, 0xF8, 0xF8, 0xF8,
    0x20, 0x22, 0x22, 0x22, 0x22, 0x24, 0x24, 0x24, 0x22, 0x1F, 0x1F, 0x22, 0x22, 0x1F, 0x1F, 0x21,
    0xFA, 0xFA, 0xFA, 0xFA, 0xF9, 0xFA, 0xF5, 0xD3, 0xF8, 0xF8, 0xF8, 0xF6, 0xF8, 0xFB, 0xE6, 0x05,
    0x24, 0x24, 0x25, 0x0A, 0x63, 0xFA, 0xDE, 0x09, 0x1F, 0x24, 0x24, 0x09, 0x52, 0xF9, 0xDE, 0x0A,
    0x94, 0xC6, 0xC3, 0xC7, 0xC3, 0xC7, 0xC7, 0xC7, 0x13, 0x19, 0x19, 0x19, 0x19, 0x19, 0x17, 0x17,
    0x3E, 0x35, 0x35, 0x35, 0x36, 0x36, 0x36, 0x39, 0x35, 0x30, 0x35, 0x35, 0x35, 0x35, 0x35, 0x35,
    0xC7, 0xC7, 0xC9, 0xC7, 0xC7, 0xC7, 0xC9, 0xCA, 0x19, 0x19, 0x19, 0x17, 0x19, 0x17, 0x17, 0x19,
    0x39, 0x3E, 0x3C, 0x3C, 0x3E, 0x40, 0x3C, 0x3E, 0x30, 0x39, 0x39, 0x39, 0x39, 0x35, 0x37, 0x3A,
    0xC9, 0xC9, 0xC9, 0xC9, 0xC9, 0xCA, 0xCA, 0xCA, 0x19, 0x1A, 0x19, 0x1A, 0x19, 0x1A, 0x19, 0x1A,
    0x3E, 0x3E, 0x35, 0x3B, 0x3C, 0x45, 0x3E, 0x3F, 0x3A, 0x3A, 0x35, 0x3A, 0x3A, 0x3E, 0x3A, 0x3D,
    0xCB, 0xCC, 0xCC, 0xBE, 0xA3, 0xD8, 0xDA, 0xDE, 0x1A, 0x1A, 0x1C, 0x19, 0x12, 0xD1, 0xD9, 0xD8,
    0x3E, 0x45, 0x3E, 0x3E, 0x0C, 0x36, 0x4D, 0xD7, 0x39, 0x3E, 0x3E, 0x3A, 0x0E, 0x09, 0x58, 0xDA,
    0x07, 0x08, 0x08, 0x08, 0x08, 0x08, 0x08, 0x08, 0x0A, 0x0A, 0x0A, 0x0A, 0x0A, 0x0A, 0x0A, 0x0A,
    0x0A, 0x0A, 0x08, 0x08, 0x08, 0x08, 0x08, 0x07, 0x0A, 0x08, 0x0C, 0x16, 0x12, 0x13, 0x16, 0x15,
    0x08, 0x08, 0x08, 0x08, 0x08, 0x08, 0x08, 0x08, 0x0A, 0x0A, 0x0A, 0x0A, 0x0A, 0x08, 0x08, 0x08,
    0x07, 0x07, 0x08, 0x08, 0x08, 0x08, 0x08, 0x08, 0x15, 0x15, 0x16, 0x19, 0x1B, 0x21, 0x23, 0x23,
    0x08, 0x08, 0x08, 0x08, 0x08, 0x08, 0x08, 0x08, 0x08, 0x08, 0x08, 0x08, 0x08, 0x16, 0x26, 0x36,
    0x08, 0x0A, 0x0A, 0x08, 0x08, 0x23, 0x59, 0x8D, 0x26, 0x26, 0x26, 0x2C, 0x2C, 0x2C, 0x31, 0x31,
    0x0A, 0x0A, 0x0A, 0x0A, 0x0A, 0x0C, 0x0C, 0x0C, 0x50, 0x5F, 0x6D, 0x75, 0x87, 0x90, 0x90, 0x87,
    0xC4, 0xD1, 0xD5, 0xD9, 0xDB, 0xDA, 0xD9, 0xDC, 0x31, 0x36, 0x3B, 0x46, 0x46, 0x47, 0x43, 0x4B,
    0x0C, 0x0D, 0x0C, 0x0D, 0x0D, 0x0E, 0x0E, 0x0E, 0x8D, 0x98, 0x92, 0x90, 0x8D, 0x92, 0x8D, 0x8D,
    0xDD, 0xDA, 0xD9, 0xDA, 0xD9, 0xD7, 0xD5, 0xD5, 0x61, 0x4F, 0x4B, 0x50, 0x52, 0x52, 0x52, 0x53,
    0x0E, 0x0E, 0x0E, 0x0E, 0x0E, 0x0E, 0x0E, 0x0E, 0x87, 0x87, 0x81, 0x81, 0x79, 0x75, 0x74, 0x74,
    0xD5, 0xD5, 0xD5, 0xD5, 0xD5, 0xD5, 0xD5, 0xD5, 0x5A, 0x5F, 0x5F, 0x5A, 0x54, 0x5A, 0x5A, 0x5F,
    0x0C, 0x0D, 0x0C, 0x0C, 0x0C, 0x0C, 0x0C, 0x0C, 0x5F, 0x54, 0x52, 0x50, 0x50, 0x4B, 0x50, 0x4D,
    0xD4, 0xD5, 0xD5, 0xD5, 0xD5, 0xD4, 0xD4, 0xD5, 0x61, 0x61, 0x64, 0x68, 0x64, 0x64, 0x65, 0x65,
    0x0C, 0x0C, 0x0C, 0x0C, 0x0C, 0x0C, 0x0C, 0x0D, 0x4B, 0x4B, 0x4B, 0x4D, 0x4D, 0x50, 0x4F, 0x54,
    0xD5, 0xD5, 0xD5, 0xD7, 0xD7, 0xD6, 0xD8, 0xD8, 0x65, 0x65, 0x64, 0x65, 0x68, 0x68, 0x6D, 0x6D,
    0x0D, 0x0D, 0x0E, 0x0E, 0x0E, 0x0E, 0x0E, 0x11, 0x5A, 0x5F, 0x5F, 0x68, 0x74, 0x79, 0x90, 0xA2,
    0xD9, 0xDA, 0xDB, 0xDB, 0xDC, 0xDC, 0xDC, 0xDE, 0x6D, 0x7E, 0x90, 0x82, 0x89, 0x90, 0x90, 0x98,
    0x11, 0x12, 0x12, 0x13, 0x13, 0x13, 0x13, 0x16, 0xA2, 0xAD, 0xB5, 0xBF, 0xC4, 0xCB, 0xCB, 0xCB,
    0xE1, 0xE1, 0xE1, 0xE2, 0xE3, 0xE4, 0xE4, 0xE5, 0x98, 0x98, 0x98, 0x98, 0xA1, 0xA1, 0xA2, 0xA2,
    0x16, 0x15, 0x16, 0x15, 0x15, 0x16, 0x16, 0x16, 0xCB, 0xCD, 0xCD, 0xD1, 0xD1, 0xD3, 0xD4, 0xD4,
    0xE5, 0xE6, 0xE6, 0xE7, 0xE8, 0xE6, 0xE7, 0xE8, 0xA2, 0xA6, 0xAD, 0xB1, 0xB1, 0xB1, 0xA6, 0xA6,
    0x16, 0x16, 0x16, 0x16, 0x16, 0x19, 0x16, 0x19, 0xD5, 0xD7, 0xD8, 0xDA, 0xDB, 0xDC, 0xDD, 0xDE,
    0xE7, 0xE9, 0xEA, 0xEB, 0xEB, 0xEC, 0xEC, 0xED, 0xAD, 0xAD, 0xAD, 0xB2, 0xAD, 0xA9, 0xA9, 0xAC,
    0x19, 0x19, 0x19, 0x1B, 0x1B, 0x18, 0x1B, 0x18, 0xE1, 0xE1, 0xE2, 0xE3, 0xE4, 0xE6, 0xE8, 0xE8,
    0xED, 0xED, 0xED, 0xED, 0xED, 0xEE, 0xEF, 0xEF, 0xA5, 0xA1, 0x9A, 0x89, 0x86, 0x86, 0x81, 0x81,
    0x19, 0x19, 0x16, 0x11, 0x08, 0x07, 0x08, 0x08, 0xEA, 0xE8, 0xE1, 0xC7, 0x26, 0x08, 0x0A, 0x0C,
    0xF1, 0xEF, 0xEC, 0xDA, 0x61, 0x54, 0x0D, 0x08, 0x7B, 0x69, 0x5F, 0x4B, 0x38, 0x40, 0x1D, 0x15,
    0x08, 0x08, 0x08, 0x08, 0x08, 0x08, 0x08, 0x08, 0x0C, 0x0C, 0x0C, 0x0C, 0x0C, 0x0C, 0x0C, 0x0C,
    0x0A, 0x0A, 0x0A, 0x0A, 0x0A, 0x0A, 0x0A, 0x0A, 0x19, 0x19, 0x19, 0x19, 0x19, 0x19, 0x19, 0x19,
    0x08, 0x08, 0x08, 0x08, 0x08, 0x08, 0x08, 0x07, 0x0C, 0x0C, 0x0C, 0x0C, 0x0C, 0x0C, 0x0C, 0x08,
    0x0A, 0x0A, 0x08, 0x08, 0x08, 0x0A, 0x0C, 0x08, 0x16, 0x16, 0x13, 0x11, 0x0E, 0x0A, 0x0D, 0x08,
    0xC8, 0xD8, 0x66, 0x0A, 0x1C, 0x1C, 0x1F, 0x1C, 0xC8, 0x2C, 0x22, 0x10, 0x1F, 0x1C, 0x1C, 0x1C,
    0xCE, 0xA9, 0x17, 0x0C, 0x22, 0x1C, 0x1A, 0x1C, 0xC0, 0xC3, 0x69, 0x0A, 0x1C, 0x1C, 0x1C, 0x1A,
    0x1F, 0x1F, 0x1F, 0x1F, 0x1C, 0x1F, 0x1F, 0x1C, 0x1E, 0x1E, 0x1C, 0x1F, 0x1F, 0x1C, 0x1C, 0x1F,
    0x1C, 0x1F, 0x1F, 0x1C, 0x1F, 0x1C, 0x1F, 0x1C, 0x1C, 0x1A, 0x1C, 0x1C, 0x1C, 0x1F, 0x1C, 0x1C,
    0x1F, 0x1C, 0x1F, 0x1D, 0x1F, 0x1F, 0x1F, 0x22, 0x1C, 0x1F, 0x1F, 0x1C, 0x1F, 0x1F, 0x1C, 0x1F,
    0x1F, 0x1F, 0x1C, 0x1C, 0x1C, 0x1F, 0x1C, 0x22, 0x1C, 0x1C, 0x1F, 0x1F, 0x1C, 0x1F, 0x1F, 0x1F,
    0x1F, 0x22, 0x22, 0x22, 0x1F, 0x22, 0x1F, 0x22, 0x1F, 0x22, 0x22, 0x22, 0x22, 0x22, 0x1F, 0x1F,
    0x20, 0x1F, 0x22, 0x1F, 0x1F, 0x1F, 0x22, 0x22, 0x1C, 0x1F, 0x22, 0x22, 0x22, 0x22, 0x22, 0x1F,
    0x1F, 0x11, 0xF5, 0xEE, 0x04, 0x35, 0x27, 0x25, 0x1C, 0x10, 0xF5, 0xEE, 0x04, 0x30, 0x25, 0x24,
    0x1C, 0x11, 0xF5, 0xEE, 0x04, 0x2B, 0x24, 0x24, 0x1C, 0x11, 0xF5, 0xEE, 0x04, 0x2B, 0x22, 0x22,
    0x25, 0x25, 0x25, 0x25, 0x25, 0x25, 0x27, 0x27, 0x24, 0x24, 0x24, 0x24, 0x24, 0x22, 0x25, 0x25,
    0x24, 0x22, 0x22, 0x22, 0x24, 0x25, 0x22, 0x1A, 0x24, 0x22, 0x24, 0x25, 0x22, 0x16, 0x10, 0x1C,
    0x25, 0x27, 0x2B, 0x25, 0x24, 0x19, 0x17, 0x1C, 0x22, 0x1C, 0x17, 0x17, 0x1A, 0x49, 0x76, 0xD7,
    0x13, 0x17, 0x45, 0xC7, 0xE2, 0xEC, 0xEF, 0xEE, 0x72, 0xE1, 0xED, 0xEE, 0xEC, 0xE1, 0xA8, 0x46,
    0x1F, 0x25, 0x58, 0x8C, 0xBE, 0xD0, 0xD5, 0xDE, 0xE8, 0xEC, 0xEE, 0xF1, 0xF3, 0xF3, 0xF3, 0xF4,
    0xEC, 0xE8, 0xD9, 0xC3, 0x72, 0x4B, 0x38, 0x27, 0x17, 0x0C, 0x0D, 0x12, 0x13, 0x17, 0x1A, 0x1D,
    0xE1, 0xE1, 0xE1, 0xDA, 0xD0, 0xA8, 0x63, 0x45, 0xF4, 0xF5, 0xF6, 0xF7, 0xF8, 0xF8, 0xF7, 0xF6,
    0x25, 0x25, 0x35, 0x49, 0x67, 0xBE, 0xDC, 0xEC, 0x1F, 0x1C, 0x1C, 0x19, 0x13, 0x11, 0x0C, 0x09,
    0x1F, 0x11, 0x10, 0x16, 0x22, 0x30, 0x3E, 0x35, 0xF1, 0xE8, 0xD3, 0x52, 0x13, 0x0C, 0x10, 0x22,
    0xF3, 0xF8, 0xFA, 0xF9, 0xF2, 0xE2, 0x52, 0x0C, 0x10, 0x27, 0xA8, 0xEA, 0xF6, 0xFA, 0xFA, 0xF1,
    0x30, 0x30, 0x35, 0x30, 0x35, 0x2F, 0x45, 0x5D, 0x35, 0x35, 0x30, 0x2B, 0x30, 0x2F, 0x52, 0x67,
    0x09, 0x1C, 0x35, 0x35, 0x30, 0x2C, 0x45, 0x49, 0xCB, 0x11, 0x07, 0x1A, 0x3E, 0x30, 0x27, 0x27,
    0x63, 0x63, 0x60, 0x13, 0x66, 0xF9, 0xDE, 0x0C, 0x59, 0x60, 0x60, 0x13, 0x60, 0xF9, 0xDE, 0x0A,
    0x45, 0x45, 0x47, 0x12, 0x60, 0xF9, 0xDE, 0x0A, 0x2B, 0x27, 0x30, 0x10, 0x63, 0xF9, 0xDE, 0x09,
    0x35, 0x35, 0x35, 0x35, 0x35, 0x35, 0x35, 0x35, 0x35, 0x35, 0x30, 0x35, 0x35, 0x30, 0x30, 0x30,
    0x34, 0x35, 0x35, 0x30, 0x35, 0x30, 0x30, 0x30, 0x35, 0x39, 0x35, 0x30, 0x35, 0x35, 0x35, 0x35,
    0x31, 0x35, 0x34, 0x3A, 0x35, 0x34, 0x35, 0x3A, 0x35, 0x30, 0x34, 0x39, 0x35, 0x37, 0x37, 0x3A,
    0x35, 0x30, 0x30, 0x39, 0x39, 0x32, 0x34, 0x35, 0x30, 0x35, 0x35, 0x30, 0x30, 0x34, 0x39, 0x35,
    0x35, 0x35, 0x3A, 0x3A, 0x3A, 0x3A, 0x3A, 0x3D, 0x3A, 0x35, 0x35, 0x35, 0x3A, 0x37, 0x37, 0x3E,
    0x3A, 0x39, 0x35, 0x3A, 0x35, 0x35, 0x3A, 0x37, 0x34, 0x35, 0x3A, 0x35, 0x3A, 0x35, 0x35, 0x37,
    0x3D, 0x3C, 0x3A, 0x3E, 0x0A, 0x66, 0xD8, 0xDA, 0x3E, 0x3E, 0x39, 0x39, 0x10, 0x22, 0x2C, 0xD7,
    0x3A, 0x3A, 0x3F, 0x39, 0x0C, 0x17, 0xA9, 0xDC, 0x3A, 0x3E, 0x3A, 0x3A, 0x0A, 0x69, 0xC3, 0xD7,
    0x08, 0x0E, 0x61, 0x5C, 0x2C, 0x28, 0x2C, 0x33, 0x07, 0x19, 0x88, 0x68, 0x68, 0x75, 0x75, 0x6D,
    0x07, 0x1B, 0x76, 0x64, 0x75, 0x7E, 0x87, 0x87, 0x07, 0x21, 0x74, 0x64, 0x75, 0x77, 0x77, 0x77,
    0x38, 0x31, 0x38, 0x38, 0x36, 0x31, 0x38, 0x31, 0x75, 0x75, 0x75, 0x74, 0x75, 0x75, 0x79, 0x75,
    0x87, 0x87, 0x7E, 0x89, 0x87, 0x87, 0x7E, 0x87, 0x77, 0x77, 0x77, 0x77, 0x77, 0x75, 0x77, 0x77,
    0x33, 0x33, 0x31, 0x38, 0x31, 0x28, 0x28, 0x2C, 0x75, 0x75, 0x74, 0x6D, 0x68, 0x6D, 0x77, 0x75,
    0x87, 0x87, 0x87, 0x87, 0x89, 0x90, 0x90, 0x90, 0x77, 0x77, 0x75, 0x77, 0x79, 0x79, 0x79, 0x79,
    0x26, 0x26, 0x26, 0x26, 0x28, 0x28, 0x28, 0x26, 0x74, 0x74, 0x6D, 0x74, 0x75, 0x75, 0x75, 0x74,
    0x89, 0x89, 0x87, 0x89, 0x89, 0x89, 0x89, 0x89, 0x77, 0x75, 0x77, 0x87, 0x87, 0x87, 0x87, 0x87,
    0x26, 0x28, 0x28, 0x26, 0x26, 0x28, 0x26, 0x26, 0x81, 0x7E, 0x81, 0x79, 0x75, 0x75, 0x74, 0x74,
    0x89, 0x89, 0x89, 0x89, 0x89, 0x87, 0x92, 0x92, 0x7E, 0x87, 0x87, 0x87, 0x87, 0x75, 0x77, 0x7E,
    0x2C, 0x28, 0x26, 0x26, 0x28, 0x26, 0x28, 0x26, 0x75, 0x75, 0x75, 0x75, 0x75, 0x75, 0x75, 0x76,
    0x89, 0x89, 0x89, 0x89, 0x89, 0x89, 0x90, 0x92, 0x7E, 0x87, 0x87, 0x87, 0x87, 0x87, 0x7E, 0x7E,
    0x28, 0x31, 0x2C, 0x31, 0x2C, 0x26, 0x28, 0x2C, 0x81, 0x81, 0x81, 0x7C, 0x79, 0x81, 0x75, 0x81,
    0x98, 0x92, 0x92, 0x98, 0x98, 0x92, 0x92, 0x92, 0x8D, 0x8D, 0x8D, 0x8D, 0x8D, 0x8D, 0x8D, 0x8D,
    0x28, 0x28, 0x28, 0x28, 0x28, 0x28, 0x28, 0x28, 0x81, 0x81, 0x7C, 0x79, 0x81, 0x87, 0x81, 0x81,
    0x92, 0x92, 0x93, 0x98, 0xA2, 0x98, 0x92, 0x98, 0x8D, 0x8D, 0x8D, 0x8D, 0x8D, 0x8D, 0x8D, 0x89,
    0x28, 0x2C, 0x38, 0x2C, 0x2C, 0x28, 0x33, 0x3B, 0x81, 0x81, 0x89, 0x89, 0x87, 0x87, 0x81, 0x81,
    0xA4, 0xA4, 0x98, 0xA2, 0xA2, 0xA2, 0xA2, 0x98, 0x86, 0x86, 0x8D, 0x8D, 0x8D, 0x92, 0x92, 0x92,
    0x36, 0x31, 0x31, 0x38, 0x31, 0x33, 0x38, 0x38, 0x81, 0x81, 0x81, 0x89, 0x90, 0x90, 0x90, 0x87,
    0x98, 0xA2, 0xA2, 0xA2, 0xA9, 0xA9, 0xA2, 0xA2, 0x92, 0x92, 0x92, 0x92, 0x92, 0x92, 0x92, 0x89,
    0x38, 0x38, 0x33, 0x31, 0x31, 0x38, 0x38, 0x31, 0x87, 0x90, 0x81, 0x87, 0x87, 0x8D, 0x90, 0x90,
    0xA2, 0xA9, 0xA2, 0xA9, 0xA9, 0xA9, 0xA9, 0xA9, 0x90, 0x8D, 0x92, 0x98, 0x98, 0x98, 0x92, 0x92,
    0x38, 0x38, 0x38, 0x38, 0x31, 0x31, 0x38, 0x3B, 0x90, 0x90, 0x90, 0x90, 0x90, 0x90, 0x98, 0x98,
    0xAC, 0xAC, 0xAC, 0xAC, 0xA6, 0xA6, 0xA6, 0xAD, 0x98, 0x98, 0x98, 0x93, 0x98, 0x98, 0x98, 0xA2,
    0x40, 0x40, 0x40, 0x40, 0x3B, 0x3D, 0x40, 0x40, 0x98, 0x98, 0x98, 0x98, 0x98, 0x98, 0x98, 0x98,
    0xA9, 0xA6, 0xAD, 0xAD, 0xAD, 0xAD, 0xAD, 0xAD, 0x93, 0x98, 0xA4, 0xA1, 0xA2, 0x98, 0xA1, 0xA1,
    0x40, 0x40, 0x40, 0x43, 0x4D, 0x4D, 0x4F, 0x54, 0x98, 0xA2, 0x98, 0x98, 0x98, 0x98, 0x98, 0xA2,
    0xAD, 0xAD, 0xAD, 0xAD, 0xAD, 0xAD, 0xAD, 0xAD, 0xA1, 0xA2, 0xA2, 0xA1, 0xA4, 0xA6, 0xA9, 0xA4,
    0x53, 0x53, 0x53, 0x53, 0x53, 0x59, 0x5A, 0x61, 0xA9, 0xA9, 0xA9, 0xA9, 0xA9, 0xA9, 0xAD, 0xA6,
    0xA6, 0xA6, 0xAD, 0xAD, 0xAD, 0xA6, 0xAD, 0xAD, 0xA4, 0xA4, 0xA2, 0xAD, 0xAD, 0xA4, 0xA4, 0xA4,
    0x64, 0x64, 0x64, 0x81, 0xC3, 0x58, 0x08, 0x08, 0xA4, 0xA9, 0xAD, 0xCB, 0xDA, 0xD5, 0x0A, 0x08,
    0xAD, 0xB2, 0xB6, 0xC8, 0xD7, 0xD5, 0x0E, 0x08, 0xA4, 0xA6, 0xAC, 0xC4, 0xD3, 0xD5, 0x12, 0x07,
    0xC8, 0x27, 0x0E, 0x10, 0x1F, 0x1C, 0x1A, 0x1A, 0xCB, 0xD3, 0x3B, 0x09, 0x1F, 0x1C, 0x1A, 0x1C,
    0xBF, 0x61, 0x52, 0x0D, 0x1C, 0x1A, 0x1C, 0x1C, 0xCD, 0x4B, 0x09, 0x10, 0x22, 0x1A, 0x1A, 0x1A,
    0x1C, 0x1A, 0x1A, 0x1C, 0x1B, 0x1C, 0x1C, 0x1E, 0x1A, 0x1C, 0x1C, 0x1C, 0x1B, 0x1A, 0x1C, 0x1B,
    0x1B, 0x1B, 0x1C, 0x1C, 0x1C, 0x1A, 0x1C, 0x1C, 0x1A, 0x1A, 0x1C, 0x1C, 0x1A, 0x1A, 0x1A, 0x1C,
    0x1A, 0x1F, 0x1C, 0x1C, 0x1F, 0x1C, 0x1C, 0x1C, 0x1C, 0x1F, 0x1F, 0x1C, 0x1C, 0x1F, 0x1F, 0x1C,
    0x1A, 0x1A, 0x1F, 0x1C, 0x1C, 0x1F, 0x1C, 0x1C, 0x1A, 0x1C, 0x1A, 0x1F, 0x1F, 0x1C, 0x1C, 0x1C,
    0x1F, 0x1C, 0x1F, 0x1F, 0x22, 0x1F, 0x1F, 0x22, 0x1E, 0x1F, 0x1F, 0x1F, 0x1C, 0x1F, 0x20, 0x20,
    0x1C, 0x1F, 0x1F, 0x1F, 0x1C, 0x1D, 0x1F, 0x20, 0x1A, 0x1C, 0x1C, 0x1C, 0x1C, 0x1F, 0x1F, 0x1D,
    0x1F, 0x10, 0xF5, 0xEE, 0x04, 0x2B, 0x22, 0x22, 0x1D, 0x10, 0xF5, 0xEE, 0x04, 0x2B, 0x22, 0x22,
    0x1A, 0x10, 0xF5, 0xEE, 0x04, 0x27, 0x22, 0x25, 0x19, 0x10, 0xF5, 0xEE, 0x04, 0x2B, 0x24, 0x12,
    0x24, 0x24, 0x25, 0x1A, 0x0E, 0x16, 0xA0, 0xEA, 0x25, 0x22, 0x10, 0x10, 0x6E, 0xEB, 0xF1, 0xEC,
    0x19, 0x09, 0x2C, 0xE4, 0xF2, 0xED, 0xC7, 0x27, 0x0A, 0x99, 0xEF, 0xF2, 0xD8, 0x2C, 0x16, 0x1D,
    0xEF, 0xEC, 0xDE, 0x76, 0x24, 0x12, 0x11, 0x19, 0xD0, 0x45, 0x16, 0x13, 0x1F, 0x27, 0x3A, 0x39,
    0x13, 0x1C, 0x2B, 0x35, 0x35, 0x31, 0x30, 0x31, 0x30, 0x36, 0x30, 0x35, 0x35, 0x31, 0x35, 0x35,
    0x24, 0x34, 0x35, 0x30, 0x36, 0x3A, 0x35, 0x35, 0x31, 0x30, 0x35, 0x30, 0x34, 0x2C, 0x30, 0x2C,
    0x30, 0x2C, 0x34, 0x31, 0x30, 0x31, 0x30, 0x2C, 0x31, 0x35, 0x31, 0x34, 0x30, 0x35, 0x35, 0x35,
    0x36, 0x35, 0x3E, 0x3E, 0x45, 0x3E, 0x3E, 0x3A, 0x30, 0x30, 0x31, 0x35, 0x36, 0x3A, 0x35, 0x35,
    0x30, 0x30, 0x31, 0x31, 0x34, 0x35, 0x35, 0x35, 0x31, 0x30, 0x30, 0x31, 0x31, 0x35, 0x36, 0x35,
    0x2B, 0x1C, 0x10, 0x08, 0x10, 0x66, 0xEB, 0xF8, 0x36, 0x39, 0x3E, 0x35, 0x22, 0x10, 0x09, 0x1F,
    0x35, 0x31, 0x35, 0x36, 0x3E, 0x3E, 0x35, 0x1C, 0x35, 0x35, 0x30, 0x35, 0x35, 0x3A, 0x36, 0x3A,
    0xFB, 0xF7, 0xD3, 0x09, 0x07, 0x30, 0x3E, 0x2B, 0xDA, 0xF6, 0xFB, 0xF6, 0x8C, 0x04, 0x13, 0x46,
    0x0A, 0x13, 0xD5, 0xF7, 0xFB, 0xEF, 0x0D, 0x05, 0x3A, 0x1C, 0x0D, 0x1E, 0xE8, 0xFB, 0xFA, 0x6E,
    0x2B, 0x27, 0x3A, 0x11, 0x63, 0xF9, 0xDE, 0x0A, 0x35, 0x2B, 0x3A, 0x11, 0x60, 0xF9, 0xDE, 0x0A,
    0x3E, 0x3E, 0x30, 0x10, 0x60, 0xF9, 0xDE, 0x09, 0x03, 0x22, 0x47, 0x10, 0x61, 0xF9, 0xDE, 0x09,
    0x36, 0x34, 0x30, 0x35, 0x35, 0x30, 0x30, 0x35, 0x35, 0x31, 0x30, 0x30, 0x30, 0x35, 0x35, 0x30,
    0x30, 0x30, 0x35, 0x30, 0x35, 0x30, 0x35, 0x30, 0x34, 0x30, 0x30, 0x30, 0x30, 0x30, 0x35, 0x30,
    0x30, 0x30, 0x35, 0x35, 0x30, 0x35, 0x34, 0x39, 0x30, 0x30, 0x35, 0x30, 0x35, 0x30, 0x30, 0x34,
    0x30, 0x30, 0x30, 0x35, 0x35, 0x30, 0x30, 0x33, 0x2B, 0x35, 0x30, 0x35, 0x30, 0x35, 0x33, 0x32,
    0x30, 0x36, 0x3A, 0x3A, 0x35, 0x3A, 0x3A, 0x3A, 0x35, 0x38, 0x30, 0x3A, 0x35, 0x35, 0x3A, 0x35,
    0x34, 0x34, 0x34, 0x35, 0x35, 0x35, 0x35, 0x35, 0x34, 0x30, 0x35, 0x34, 0x35, 0x35, 0x30, 0x35,
    0x3A, 0x3C, 0x35, 0x35, 0x10, 0x0E, 0x27, 0xD8, 0x35, 0x3A, 0x3A, 0x35, 0x09, 0x3B, 0xD3, 0xDA,
    0x35, 0x3A, 0x3A, 0x35, 0x0D, 0x52, 0x61, 0xD5, 0x3A, 0x35, 0x3A, 0x31, 0x10, 0x09, 0x4B, 0xDA,
    0x07, 0x23, 0x75, 0x61, 0x75, 0x89, 0x87, 0x74, 0x07, 0x28, 0x7E, 0x68, 0x64, 0x4D, 0x4A, 0x6D,
    0x08, 0x38, 0x77, 0x68, 0x75, 0x4B, 0x65, 0xDE, 0x07, 0x3B, 0x6D, 0x64, 0x79, 0x5F, 0xE1, 0xF8,
    0x87, 0x92, 0x79, 0x77, 0x90, 0x87, 0x75, 0x90, 0x4E, 0x4B, 0x5F, 0x61, 0x4B, 0x5A, 0x81, 0x4D,
    0x6D, 0x36, 0xDB, 0xBA, 0x31, 0x98, 0xDB, 0x54, 0xB2, 0x87, 0xF8, 0xE1, 0x54, 0xE1, 0xF8, 0xE1,
    0x89, 0x77, 0x89, 0x98, 0x87, 0x79, 0x92, 0x89, 0x4A, 0x65, 0x5F, 0x4F, 0x5F, 0x6D, 0x4F, 0x54,
    0x46, 0xDE, 0x90, 0x28, 0xCD, 0xD1, 0x43, 0x54, 0xCD, 0xF8, 0xE1, 0x54, 0xE1, 0xF8, 0x68, 0xB5,
    0x77, 0x90, 0x92, 0x89, 0x89, 0x98, 0x98, 0x87, 0x6D, 0x5A, 0x54, 0x6D, 0x68, 0x53, 0x60, 0x75,
    0xDC, 0x5F, 0x26, 0xD7, 0xAD, 0x28, 0x8D, 0xD8, 0xF8, 0xE1, 0x53, 0xF8, 0xE1, 0x5A, 0xE1, 0xF8,
    0x98, 0x98, 0x87, 0x92, 0xA2, 0x90, 0x89, 0x92, 0x5A, 0x5A, 0x75, 0x5F, 0x5A, 0x68, 0x75, 0x5A,
    0x4B, 0x47, 0xDB, 0x77, 0x28, 0xBF, 0xCB, 0x47, 0x87, 0x74, 0xF8, 0xE1, 0x54, 0xF8, 0xE1, 0x75,
    0x92, 0x89, 0x98, 0xA2, 0x89, 0x89, 0x98, 0x92, 0x68, 0x7E, 0x5F, 0x64, 0x75, 0x61, 0x5F, 0x6D,
    0x55, 0xD9, 0x61, 0x28, 0xCF, 0xAD, 0x38, 0x77, 0xE1, 0xF8, 0xB5, 0x53, 0xF8, 0xE1, 0x5A, 0xE1,
    0x89, 0xA2, 0xA2, 0x92, 0x98, 0xA2, 0x95, 0x98, 0x75, 0x5F, 0x68, 0x7E, 0x64, 0x68, 0x7E, 0x7E,
    0xD4, 0x4D, 0x43, 0xD7, 0x75, 0x33, 0xB2, 0xC6, 0xF8, 0x92, 0x68, 0xF8, 0xE1, 0x54, 0xE1, 0xF8,
    0x98, 0x98, 0x92, 0xA2, 0xA2, 0x92, 0x98, 0x98, 0x65, 0x6D, 0x77, 0x68, 0x68, 0x87, 0x74, 0x65,
    0x43, 0x54, 0xD4, 0x5A, 0x31, 0xCB, 0xAC, 0x40, 0x7E, 0x98, 0xF8, 0xE1, 0x5A, 0xF8, 0xE1, 0x75,
    0xA2, 0x92, 0x98, 0x98, 0x89, 0x98, 0xA2, 0x92, 0x87, 0x77, 0x64, 0x77, 0x7E, 0x68, 0x6D, 0x89,
    0x64, 0xCF, 0x5C, 0x47, 0xD3, 0x81, 0x3B, 0x93, 0xE1, 0xF8, 0xB9, 0x54, 0xF8, 0xE1, 0x5A, 0xE1,
    0x92, 0x98, 0x98, 0x98, 0xA4, 0xA1, 0x98, 0x98, 0x77, 0x6D, 0x87, 0x89, 0x64, 0x77, 0x98, 0x77,
    0xCA, 0x4D, 0x50, 0xD4, 0x65, 0x40, 0xBF, 0xB1, 0xF8, 0x98, 0x77, 0xF8, 0xE1, 0x61, 0xE1, 0xF8,
    0xA4, 0xA1, 0x92, 0xA2, 0xA2, 0x98, 0xA2, 0xA2, 0x77, 0x98, 0x90, 0x64, 0x98, 0x98, 0x6D, 0x89,
    0x4B, 0x65, 0xD0, 0x5F, 0x43, 0xCB, 0x89, 0x47, 0x79, 0xA5, 0xF8, 0xE1, 0x54, 0xF8, 0xE1, 0x6D,
    0xA5, 0xA4, 0xA4, 0xA2, 0x98, 0xA6, 0xA2, 0xA4, 0x98, 0x89, 0x75, 0x98, 0xA2, 0x75, 0x92, 0xA4,
    0x95, 0xCB, 0x54, 0x50, 0xCF, 0x75, 0x4A, 0xB2, 0xE1, 0xF8, 0xA9, 0x5A, 0xF8, 0xE1, 0x5F, 0xE1,
    0xA2, 0xAD, 0xA6, 0xA2, 0xAD, 0xAD, 0xA4, 0xA6, 0x89, 0x87, 0xA9, 0x98, 0x75, 0xA2, 0xA6, 0x89,
    0xB2, 0x52, 0x5A, 0xCF, 0x64, 0x47, 0xB9, 0xA4, 0xF8, 0xA9, 0x75, 0xF8, 0xE1, 0x5A, 0xE1, 0xF8,
    0xA6, 0xA4, 0xA4, 0xAD, 0xA6, 0xA6, 0xB2, 0xB2, 0x90, 0xA4, 0xA1, 0x79, 0xA4, 0xAD, 0x86, 0xA6,
    0x52, 0x65, 0xCD, 0x64, 0x4D, 0xC8, 0x95, 0x50, 0x89, 0xA1, 0xF8, 0xE1, 0x60, 0xF8, 0xE1, 0x75,
    0xAD, 0xAD, 0xB5, 0xB5, 0xB2, 0xB2, 0xAD, 0xA6, 0xB2, 0x98, 0x90, 0xB2, 0xB1, 0x89, 0xA9, 0xB9,
    0x81, 0xC4, 0x5F, 0x52, 0xCB, 0x79, 0x4B, 0xA1, 0xE1, 0xF8, 0xBF, 0x62, 0xF8, 0xE1, 0x74, 0xE1,
    0xB2, 0xBA, 0xB5, 0xBA, 0xD1, 0xD8, 0x16, 0x07, 0x8D, 0x87, 0x98, 0xBA, 0xD1, 0xDA, 0x19, 0x07,
    0xAD, 0x5A, 0x5C, 0xD1, 0xCD, 0xD9, 0x1D, 0x07, 0xF8, 0xB5, 0x89, 0xDC, 0xCF, 0xDC, 0x26, 0x07,
    0xC4, 0xD7, 0x5F, 0x09, 0x1C, 0x1A, 0x19, 0x1C, 0xBF, 0x31, 0x27, 0x0E, 0x1C, 0x1A, 0x19, 0x1A,
    0xCB, 0x88, 0x0E, 0x0C, 0x22, 0x1A, 0x1A, 0x1A, 0xB9, 0xCF, 0x72, 0x09, 0x1A, 0x1A, 0x1A, 0x1A,
    0x1C, 0x1A, 0x1A, 0x1A, 0x1C, 0x1A, 0x1C, 0x1C, 0x1A, 0x1A, 0x1A, 0x1A, 0x1C, 0x1C, 0x1C, 0x1A,
    0x1A, 0x19, 0x1A, 0x19, 0x1A, 0x1A, 0x1C, 0x1C, 0x1A, 0x19, 0x19, 0x19, 0x1A, 0x1A, 0x1A, 0x1C,
    0x1A, 0x1A, 0x1A, 0x1C, 0x1A, 0x1A, 0x1E, 0x1F, 0x1C, 0x1C, 0x1C, 0x1B, 0x1C, 0x1C, 0x1A, 0x1E,
    0x1C, 0x1C, 0x1C, 0x1C, 0x1A, 0x1C, 0x1B, 0x1C, 0x1A, 0x1C, 0x1A, 0x1A, 0x1C, 0x1A, 0x1C, 0x1A,
    0x1C, 0x1F, 0x1F, 0x1C, 0x1F, 0x1C, 0x1F, 0x1F, 0x1A, 0x1A, 0x1F, 0x1F, 0x1C, 0x1C, 0x1C, 0x1F,
    0x1C, 0x1C, 0x1C, 0x1C, 0x1F, 0x1F, 0x1C, 0x1F, 0x1A, 0x1C, 0x1C, 0x1F, 0x1F, 0x1F, 0x1C, 0x1F,
    0x1A, 0x0E, 0xF5, 0xEE, 0x04, 0x2B, 0x0D, 0x17, 0x1A, 0x0E, 0xF5, 0xEE, 0x04, 0x10, 0x30, 0xED,
    0x19, 0x0E, 0xF5, 0xEE, 0x03, 0x58, 0xF1, 0xF3, 0x19, 0x10, 0xF5, 0xEC, 0x12, 0xF4, 0xF1, 0x31,
    0xE2, 0xF5, 0xEB, 0x4D, 0x16, 0x1F, 0x2C, 0x35, 0xF5, 0xD7, 0x16, 0x17, 0x27, 0x35, 0x31, 0x30,
    0x74, 0x10, 0x24, 0x35, 0x31, 0x30, 0x31, 0x35, 0x11, 0x31, 0x35, 0x30, 0x31, 0x30, 0x30, 0x35,
    0x31, 0x35, 0x31, 0x34, 0x35, 0x35, 0x35, 0x36, 0x30, 0x35, 0x35, 0x35, 0x35, 0x36, 0x36, 0x3A,
    0x35, 0x31, 0x35, 0x35, 0x35, 0x35, 0x39, 0x36, 0x35, 0x34, 0x36, 0x35, 0x35, 0x36, 0x35, 0x35,
    0x36, 0x36, 0x35, 0x34, 0x34, 0x3A, 0x35, 0x35, 0x39, 0x3A, 0x3A, 0x3A, 0x36, 0x35, 0x36, 0x34,
    0x36, 0x36, 0x3A, 0x3A, 0x3A, 0x3E, 0x3A, 0x3A, 0x36, 0x35, 0x3A, 0x3A, 0x3A, 0x3B, 0x3A, 0x3A,
    0x35, 0x35, 0x30, 0x30, 0x35, 0x34, 0x35, 0x35, 0x35, 0x3A, 0x35, 0x34, 0x30, 0x31, 0x35, 0x35,
    0x36, 0x35, 0x31, 0x35, 0x35, 0x35, 0x35, 0x35, 0x3A, 0x35, 0x36, 0x35, 0x36, 0x35, 0x30, 0x34,
    0x35, 0x30, 0x35, 0x31, 0x31, 0x35, 0x35, 0x34, 0x30, 0x31, 0x31, 0x36, 0x30, 0x30, 0x35, 0x36,
    0x35, 0x35, 0x35, 0x36, 0x35, 0x30, 0x35, 0x35, 0x30, 0x36, 0x36, 0x31, 0x31, 0x35, 0x34, 0x35,
    0x3A, 0x3A, 0x3A, 0x1C, 0x0E, 0x52, 0xF4, 0xFC, 0x30, 0x35, 0x32, 0x3A, 0x27, 0x13, 0x16, 0xE6,
    0x35, 0x35, 0x35, 0x35, 0x31, 0x35, 0x22, 0x0C, 0x35, 0x35, 0x35, 0x35, 0x31, 0x30, 0x35, 0x2B,
    0xEA, 0x03, 0x17, 0x19, 0x61, 0xF9, 0xDE, 0x09, 0xFC, 0xF5, 0x07, 0x04, 0x83, 0xF9, 0xDE, 0x09,
    0xB8, 0xFB, 0xF9, 0x04, 0x1A, 0xFA, 0xDE, 0x09, 0x0D, 0x4B, 0xFA, 0xF9, 0x5F, 0xF5, 0xE1, 0x0A,
    0x34, 0x35, 0x35, 0x35, 0x30, 0x30, 0x35, 0x30, 0x30, 0x30, 0x35, 0x35, 0x30, 0x30, 0x2B, 0x30,
    0x30, 0x30, 0x30, 0x30, 0x30, 0x30, 0x30, 0x30, 0x30, 0x30, 0x2F, 0x2F, 0x30, 0x30, 0x35, 0x30,
    0x30, 0x30, 0x30, 0x35, 0x30, 0x30, 0x30, 0x30, 0x35, 0x35, 0x34, 0x30, 0x35, 0x30, 0x30, 0x31,
    0x30, 0x30, 0x31, 0x30, 0x35, 0x35, 0x30, 0x30, 0x30, 0x30, 0x30, 0x30, 0x35, 0x35, 0x30, 0x35,
    0x30, 0x35, 0x39, 0x30, 0x35, 0x35, 0x33, 0x35, 0x35, 0x35, 0x30, 0x30, 0x35, 0x35, 0x39, 0x35,
    0x30, 0x30, 0x34, 0x30, 0x34, 0x34, 0x34, 0x34, 0x30, 0x2B, 0x35, 0x30, 0x30, 0x34, 0x34, 0x35,
    0x3A, 0x30, 0x3A, 0x35, 0x09, 0x5F, 0xD7, 0xD9, 0x3A, 0x3A, 0x35, 0x30, 0x0E, 0x27, 0x31, 0xD5,
    0x35, 0x35, 0x3A, 0x35, 0x0C, 0x0E, 0x88, 0xDA, 0x35, 0x35, 0x35, 0x35, 0x09, 0x72, 0xCF, 0xD5,
    0x08, 0x40, 0x68, 0x61, 0x79, 0x53, 0xE9, 0xFE, 0x08, 0x43, 0x68, 0x64, 0x77, 0x54, 0xE7, 0xFE,
    0x08, 0x4A, 0x68, 0x64, 0x75, 0x53, 0xE6, 0xFE, 0x08, 0x4B, 0x65, 0x64, 0x75, 0x52, 0xE5, 0xFE,
    0xAD, 0xA2, 0xFE, 0xE9, 0x47, 0xE9, 0xFE, 0xE9, 0xB9, 0x5A, 0xFE, 0xE7, 0x43, 0xE7, 0xFE, 0xE7,
    0xD7, 0x54, 0xFE, 0xE6, 0x43, 0xE6, 0xFE, 0xE6, 0xDD, 0x53, 0xFE, 0xE5, 0x43, 0xE5, 0xFE, 0xE5,
    0xD7, 0xFE, 0xE9, 0x4A, 0xE9, 0xFE, 0x54, 0xCD, 0x98, 0xFE, 0xE7, 0x4A, 0xE7, 0xFE, 0x5A, 0xD0,
    0x92, 0xFE, 0xE6, 0x4A, 0xE6, 0xFE, 0x5E, 0xD1, 0x90, 0xFE, 0xE5, 0x4A, 0xE5, 0xFE, 0x5A, 0xCD,
    0xFE, 0xE9, 0x54, 0xFE, 0xE9, 0x4B, 0xE9, 0xFE, 0xFE, 0xE7, 0x4F, 0xFE, 0xE7, 0x43, 0xE7, 0xFE,
    0xFE, 0xE6, 0x4F, 0xFE, 0xE6, 0x43, 0xE6, 0xFE, 0xFE, 0xE5, 0x4F, 0xFE, 0xE5, 0x4A, 0xE5, 0xFE,
    0x79, 0x8D, 0xFE, 0xE9, 0x53, 0xFE, 0xE9, 0x64, 0x77, 0x90, 0xFE, 0xE7, 0x4F, 0xFE, 0xE7, 0x64,
    0x74, 0x88, 0xFE, 0xE6, 0x4F, 0xFE, 0xE6, 0x65, 0x6D, 0x87, 0xFE, 0xE5, 0x4B, 0xFE, 0xE5, 0x65,
    0xE9, 0xFE, 0xC8, 0x54, 0xFE, 0xE9, 0x52, 0xE9, 0xE7, 0xFE, 0xCD, 0x4F, 0xFE, 0xE7, 0x52, 0xE7,
    0xE6, 0xFE, 0xCD, 0x4F, 0xFE, 0xE6, 0x52, 0xE6, 0xE5, 0xFE, 0xCD, 0x52, 0xFE, 0xE5, 0x4F, 0xE5,
    0xFE, 0x98, 0x76, 0xFE, 0xE9, 0x4F, 0xE9, 0xFE, 0xFE, 0x92, 0x68, 0xFE, 0xE7, 0x4B, 0xE7, 0xFE,
    0xFE, 0x98, 0x68, 0xFE, 0xE6, 0x4B, 0xE6, 0xFE, 0xFE, 0x98, 0x68, 0xFE, 0xE5, 0x4B, 0xE5, 0xFE,
    0x75, 0xBA, 0xFE, 0xE9, 0x5F, 0xFE, 0xE9, 0x65, 0x6D, 0xC5, 0xFE, 0xE7, 0x5A, 0xFE, 0xE7, 0x65,
    0x6D, 0xC0, 0xFE, 0xE6, 0x5A, 0xFE, 0xE6, 0x64, 0x6D, 0xC5, 0xFE, 0xE5, 0x5A, 0xFE, 0xE5, 0x65,
    0xE9, 0xFE, 0xAF, 0x64, 0xFE, 0xE9, 0x52, 0xE9, 0xE7, 0xFE, 0xB9, 0x65, 0xFE, 0xE7, 0x4E, 0xE7,
    0xE6, 0xFE, 0xBC, 0x60, 0xFE, 0xE6, 0x53, 0xE6, 0xE5, 0xFE, 0xC1, 0x5E, 0xFE, 0xE5, 0x52, 0xE5,
    0xFE, 0x86, 0xB2, 0xFE, 0xE9, 0x64, 0xE9, 0xFE, 0xFE, 0x86, 0xA6, 0xFE, 0xE7, 0x60, 0xE7, 0xFE,
    0xFE, 0x86, 0xA1, 0xFE, 0xE6, 0x60, 0xE6, 0xFE, 0xFE, 0x86, 0x90, 0xFE, 0xE5, 0x60, 0xE5, 0xFE,
    0x79, 0xC4, 0xFE, 0xE9, 0x5A, 0xFE, 0xE9, 0x68, 0x7E, 0xCB, 0xFE, 0xE7, 0x54, 0xFE, 0xE7, 0x64,
    0x7E, 0xC8, 0xFE, 0xE6, 0x54, 0xFE, 0xE6, 0x65, 0x7E, 0xC8, 0xFE, 0xE5, 0x54, 0xFE, 0xE5, 0x64,
    0xE9, 0xFE, 0xB5, 0x6D, 0xFE, 0xE9, 0x68, 0xE9, 0xE7, 0xFE, 0xB5, 0x68, 0xFE, 0xE7, 0x5E, 0xE7,
    0xE6, 0xFE, 0xB5, 0x65, 0xFE, 0xE6, 0x64, 0xE6, 0xE5, 0xFE, 0xAD, 0x65, 0xFE, 0xE5, 0x60, 0xE5,
    0xFE, 0xA9, 0xA2, 0xFE, 0xE9, 0x5F, 0xE9, 0xFE, 0xFE, 0xA6, 0xA9, 0xFE, 0xE7, 0x5A, 0xE7, 0xFE,
    0xFE, 0xAD, 0x98, 0xFE, 0xE6, 0x60, 0xE6, 0xFE, 0xFE, 0xB2, 0x90, 0xFE, 0xE5, 0x5E, 0xE5, 0xFE,
    0x7E, 0xB5, 0xFE, 0xE9, 0x68, 0xFE, 0xE9, 0x77, 0x89, 0xAD, 0xFE, 0xE7, 0x61, 0xFE, 0xE7, 0x75,
    0x89, 0xAD, 0xFE, 0xE6, 0x81, 0xFE, 0xE6, 0x75, 0x89, 0xAD, 0xFE, 0xE5, 0xC8, 0xFE, 0xE5, 0x77,
    0xE9, 0xFE, 0xBF, 0x74, 0xFE, 0xE9, 0x75, 0xE9, 0xE7, 0xFE, 0xC8, 0x64, 0xFE, 0xE7, 0x68, 0xE7,
    0xE6, 0xFE, 0xCB, 0x61, 0xFE, 0xE6, 0x65, 0xE6, 0xE5, 0xFE, 0xCB, 0x61, 0xFE, 0xE5, 0x65, 0xE5,
    0xFE, 0xB5, 0xA1, 0xE2, 0xD3, 0xDC, 0x2C, 0x07, 0xFE, 0xB5, 0xA3, 0xE4, 0xD5, 0xDC, 0x36, 0x07,
    0xFE, 0xB5, 0x90, 0xE1, 0xD7, 0xDC, 0x40, 0x07, 0xFE, 0xB2, 0x89, 0xE1, 0xD5, 0xDC, 0x4B, 0x07,
    0xC3, 0x1F, 0x11, 0x10, 0x1C, 0x1A, 0x19, 0x1A, 0xCB, 0xCD, 0x21, 0x09, 0x1F, 0x1A, 0x1A, 0x19,
    0xB9, 0x99, 0x66, 0x0A, 0x19, 0x17, 0x19, 0x19, 0xC8, 0x2B, 0x0A, 0x0D, 0x1C, 0x19, 0x19, 0x1A,
    0x1A, 0x19, 0x1A, 0x1A, 0x19, 0x1A, 0x1A, 0x19, 0x1A, 0x1A, 0x19, 0x1A, 0x19, 0x19, 0x1A, 0x1A,
    0x19, 0x19, 0x19, 0x19, 0x1A, 0x1A, 0x19, 0x19, 0x19, 0x19, 0x19, 0x1A, 0x19, 0x1A, 0x19, 0x19,
    0x1A, 0x1A, 0x1A, 0x1A, 0x19, 0x1A, 0x1C, 0x1A, 0x1A, 0x1A, 0x1A, 0x19, 0x1A, 0x1A, 0x1A, 0x1A,
    0x1A, 0x19, 0x1A, 0x1A, 0x19, 0x1A, 0x19, 0x1A, 0x1A, 0x19, 0x19, 0x19, 0x19, 0x19, 0x19, 0x1A,
    0x1C, 0x1C, 0x1A, 0x1A, 0x1C, 0x1C, 0x1F, 0x1C, 0x1C, 0x1A, 0x1A, 0x1C, 0x1C, 0x1C, 0x1C, 0x1C,
    0x1A, 0x1A, 0x1C, 0x1A, 0x1C, 0x1C, 0x1A, 0x1F, 0x1A, 0x19, 0x1A, 0x1C, 0x1A, 0x1C, 0x1F, 0x10,
    0x1A, 0x0E, 0xF3, 0xF2, 0xEE, 0xEF, 0x1B, 0x13, 0x19, 0x09, 0xF1, 0xFA, 0xED, 0x16, 0x16, 0x35,
    0x0D, 0x3E, 0xF9, 0xF6, 0x0E, 0x19, 0x3A, 0x2B, 0x1A, 0xEF, 0xF6, 0x27, 0x12, 0x3A, 0x2B, 0x2B,
    0x35, 0x30, 0x2B, 0x2F, 0x31, 0x2C, 0x31, 0x35, 0x2B, 0x2C, 0x2C, 0x2B, 0x2C, 0x30, 0x30, 0x30,
    0x2B, 0x2B, 0x2B, 0x2C, 0x30, 0x2C, 0x30, 0x31, 0x2F, 0x2C, 0x2B, 0x2B, 0x30, 0x30, 0x30, 0x30,
    0x3A, 0x36, 0x36, 0x35, 0x35, 0x36, 0x35, 0x3A, 0x35, 0x31, 0x35, 0x36, 0x3A, 0x3A, 0x35, 0x36,
    0x31, 0x31, 0x31, 0x35, 0x35, 0x35, 0x3A, 0x3A, 0x30, 0x30, 0x31, 0x36, 0x35, 0x36, 0x36, 0x3E,
    0x3A, 0x35, 0x3A, 0x3B, 0x3B, 0x3A, 0x3E, 0x3E, 0x35, 0x3A, 0x3A, 0x36, 0x3B, 0x3E, 0x3B, 0x3E,
    0x3A, 0x3B, 0x3E, 0x3A, 0x3B, 0x3A, 0x3E, 0x3E, 0x31, 0x1D, 0x22, 0x2C, 0x30, 0x25, 0x24, 0x2B,
    0x3A, 0x3A, 0x36, 0x35, 0x35, 0x35, 0x35, 0x35, 0x3E, 0x3E, 0x3A, 0x3A, 0x35, 0x35, 0x35, 0x35,
    0x45, 0x46, 0x3B, 0x3B, 0x3E, 0x3A, 0x36, 0x36, 0x31, 0x24, 0x35, 0x27, 0x30, 0x20, 0x27, 0x25,
    0x35, 0x35, 0x31, 0x35, 0x35, 0x35, 0x35, 0x35, 0x35, 0x35, 0x31, 0x35, 0x35, 0x35, 0x30, 0x35,
    0x36, 0x36, 0x3A, 0x35, 0x35, 0x35, 0x34, 0x35, 0x2B, 0x3B, 0x36, 0x30, 0x30, 0x35, 0x35, 0x35,
    0x31, 0x35, 0x3A, 0x31, 0x39, 0x30, 0x35, 0x35, 0x35, 0x35, 0x35, 0x35, 0x31, 0x35, 0x35, 0x30,
    0x35, 0x30, 0x35, 0x3A, 0x35, 0x30, 0x30, 0x34, 0x35, 0x35, 0x34, 0x35, 0x35, 0x35, 0x30, 0x35,
    0x3A, 0x11, 0x2C, 0xF7, 0xFB, 0xFA, 0xD1, 0x0C, 0x30, 0x3A, 0x11, 0x1C, 0xF8, 0xFF, 0xDE, 0x05,
    0x30, 0x3A, 0x3E, 0x0E, 0x24, 0xFB, 0xF8, 0x0A, 0x30, 0x35, 0x36, 0x3E, 0x07, 0x52, 0xFC, 0xEF,
    0x30, 0x30, 0x30, 0x30, 0x30, 0x30, 0x34, 0x35, 0x34, 0x35, 0x2B, 0x30, 0x30, 0x2D, 0x30, 0x30,
    0x16, 0x3A, 0x30, 0x30, 0x30, 0x30, 0x35, 0x30, 0x07, 0x24, 0x35, 0x30, 0x2B, 0x30, 0x2B, 0x30,
    0x30, 0x35, 0x30, 0x2C, 0x31, 0x34, 0x35, 0x2B, 0x30, 0x30, 0x35, 0x2C, 0x2C, 0x30, 0x2B, 0x30,
    0x35, 0x30, 0x30, 0x30, 0x30, 0x30, 0x30, 0x30, 0x30, 0x35, 0x30, 0x30, 0x30, 0x2B, 0x30, 0x30,
    0x30, 0x30, 0x30, 0x35, 0x33, 0x35, 0x35, 0x32, 0x30, 0x30, 0x30, 0x31, 0x35, 0x34, 0x35, 0x35,
    0x30, 0x30, 0x2B, 0x30, 0x30, 0x30, 0x35, 0x30, 0x2B, 0x2B, 0x30, 0x30, 0x35, 0x30, 0x30, 0x30,
    0x35, 0x36, 0x36, 0x30, 0x10, 0x11, 0x1F, 0xD5, 0x35, 0x35, 0x39, 0x35, 0x09, 0x21, 0xCD, 0xDA,
    0x35, 0x38, 0x35, 0x30, 0x0A, 0x66, 0x99, 0xD5, 0x34, 0x39, 0x35, 0x30, 0x0D, 0x0A, 0x2B, 0xD8,
    0x0A, 0x52, 0x64, 0x60, 0x6D, 0x52, 0xE6, 0xFD, 0x0A, 0x54, 0x68, 0x64, 0x6D, 0x4F, 0xE5, 0xFD,
    0x0A, 0x54, 0x5F, 0x5F, 0x6D, 0x4B, 0xE6, 0xFD, 0x0C, 0x5A, 0x64, 0x64, 0x6D, 0x4A, 0xE6, 0xFD,
    0xD5, 0x53, 0xFD, 0xE6, 0x43, 0xE6, 0xFD, 0xE6, 0xD1, 0x4F, 0xFD, 0xE5, 0x43, 0xE5, 0xFD, 0xE5,
    0xDA, 0x52, 0xFD, 0xE6, 0x43, 0xE6, 0xFD, 0xE6, 0xDC, 0x54, 0xFD, 0xE6, 0x43, 0xE6, 0xFD, 0xE6,
    0xA2, 0xFD, 0xE6, 0x4A, 0xE6, 0xFD, 0x54, 0xCB, 0xD3, 0xFD, 0xE5, 0x4A, 0xE5, 0xFD, 0x54, 0xCB,
    0xD9, 0xFD, 0xE6, 0x4A, 0xE6, 0xFD, 0x54, 0xCB, 0xD5, 0xFD, 0xE6, 0x4A, 0xE6, 0xFD, 0x54, 0xCD,
    0xFD, 0xE6, 0x4D, 0xFD, 0xE6, 0x4A, 0xE6, 0xFD, 0xFD, 0xE5, 0x4D, 0xFD, 0xE5, 0x43, 0xE5, 0xFD,
    0xFD, 0xE6, 0x4B, 0xFD, 0xE6, 0x43, 0xE6, 0xFD, 0xFD, 0xE6, 0x4A, 0xFD, 0xE6, 0x43, 0xE6, 0xFD,
    0x77, 0x89, 0xFD, 0xE6, 0x4B, 0xFD, 0xE6, 0x64, 0x68, 0x89, 0xFD, 0xE5, 0x4F, 0xFD, 0xE5, 0x64,
    0x79, 0x8D, 0xFD, 0xE6, 0x4B, 0xFD, 0xE6, 0x65, 0x74, 0x87, 0xFD, 0xE6, 0x4B, 0xFD, 0xE6, 0x65,
    0xE6, 0xFD, 0xCD, 0x4F, 0xFD, 0xE6, 0x4B, 0xE6, 0xE5, 0xFD, 0xCD, 0x4F, 0xFD, 0xE5, 0x4B, 0xE5,
    0xE6, 0xFD, 0xCD, 0x53, 0xFD, 0xE6, 0x4E, 0xE6, 0xE6, 0xFD, 0xCD, 0x53, 0xFD, 0xE6, 0x53, 0xE6,
    0xFD, 0x98, 0x68, 0xFD, 0xE6, 0x4B, 0xE6, 0xFD, 0xFD, 0x98, 0x68, 0xFD, 0xE5, 0x4B, 0xE5, 0xFD,
    0xFD, 0xA1, 0x68, 0xFD, 0xE6, 0x4B, 0xE6, 0xFD, 0xFD, 0xA6, 0x68, 0xFD, 0xE6, 0x4A, 0xE6, 0xFD,
    0x6D, 0xC4, 0xFD, 0xE6, 0x5A, 0xFD, 0xE6, 0x65, 0x6D, 0xC4, 0xFD, 0xE5, 0x5A, 0xFD, 0xE5, 0x65,
    0x6D, 0xC0, 0xFD, 0xE6, 0x54, 0xFD, 0xE6, 0x64, 0x6D, 0xC0, 0xFD, 0xE6, 0x54, 0xFD, 0xE6, 0x65,
    0xE6, 0xFD, 0xC1, 0x60, 0xFD, 0xE6, 0x4B, 0xE6, 0xE5, 0xFD, 0xC1, 0x5E, 0xFD, 0xE5, 0x4F, 0xE5,
    0xE6, 0xFD, 0xC4, 0x60, 0xFD, 0xE6, 0x52, 0xE6, 0xE6, 0xFD, 0xC4, 0x60, 0xFD, 0xE6, 0x52, 0xE6,
    0xFD, 0x87, 0x92, 0xFD, 0xE6, 0x5A, 0xE6, 0xFD, 0xFD, 0x7E, 0x98, 0xFD, 0xE5, 0x5A, 0xE5, 0xFD,
    0xFD, 0x77, 0x92, 0xFD, 0xE6, 0x5C, 0xE6, 0xFD, 0xFD, 0x87, 0x98, 0xFD, 0xE6, 0x5F, 0xE6, 0xFD,
    0x7E, 0xC8, 0xFD, 0xE6, 0x59, 0xFD, 0xE6, 0x5F, 0x7E, 0xCB, 0xFD, 0xE5, 0x59, 0xFD, 0xE5, 0x5A,
    0x77, 0xC6, 0xFD, 0xE6, 0x53, 0xFD, 0xE6, 0x5A, 0x7E, 0xC9, 0xFD, 0xE6, 0x53, 0xFD, 0xE6, 0x5A,
    0xE6, 0xFD, 0xB5, 0x68, 0xFD, 0xE6, 0x60, 0xE6, 0xE5, 0xFD, 0xB5, 0x68, 0xFD, 0xE5, 0x60, 0xE5,
    0xE6, 0xFD, 0xB5, 0x64, 0xFD, 0xE6, 0x64, 0xE6, 0xE6, 0xFD, 0xB5, 0x68, 0xFD, 0xE6, 0x60, 0xE6,
    0xFD, 0xB1, 0xA1, 0xFD, 0xE6, 0x60, 0xE6, 0xFD, 0xFD, 0xAD, 0x98, 0xFD, 0xE5, 0x60, 0xE5, 0xFD,
    0xFD, 0xAD, 0x98, 0xFD, 0xE6, 0x59, 0xE6, 0xFD, 0xFD, 0xA4, 0x98, 0xFD, 0xE6, 0x5A, 0xE6, 0xFD,
    0x7E, 0xB2, 0xFD, 0xE6, 0xC4, 0xFD, 0xE6, 0x75, 0x7E, 0xB2, 0xFD, 0xE5, 0x5F, 0xFD, 0xE5, 0x75,
    0x82, 0xB2, 0xFD, 0xE6, 0x5F, 0xFD, 0xE6, 0x75, 0x82, 0xB2, 0xFD, 0xE6, 0x60, 0xFD, 0xE6, 0x75,
    0xE6, 0xFD, 0xCB, 0x5F, 0xFD, 0xE6, 0x65, 0xE6, 0xE5, 0xFD, 0xCD, 0x64, 0xFD, 0xE5, 0x65, 0xE5,
    0xE6, 0xFD, 0xCC, 0x65, 0xFD, 0xE6, 0x65, 0xE6, 0xE6, 0xFD, 0xCD, 0x65, 0xFD, 0xE6, 0x65, 0xE6,
    0xFD, 0xBC, 0x89, 0xE1, 0xD5, 0xDC, 0x4B, 0x07, 0xFD, 0xB5, 0x90, 0xE1, 0xD5, 0xDC, 0x59, 0x07,
    0xFD, 0xBA, 0x77, 0xDE, 0xD5, 0xD9, 0x7C, 0x07, 0xFD, 0xBA, 0x77, 0xDE, 0xD5, 0xDA, 0x91, 0x08,
    0xC4, 0xD7, 0x4B, 0x08, 0x1A, 0x19, 0x19, 0x19, 0xB5, 0x52, 0x4B, 0x0C, 0x19, 0x19, 0x17, 0x19,
    0xC8, 0x59, 0x0C, 0x0C, 0x1A, 0x17, 0x19, 0x17, 0xBF, 0xD3, 0x61, 0x08, 0x17, 0x17, 0x17, 0x17,
    0x19, 0x19, 0x19, 0x19, 0x19, 0x19, 0x1A, 0x1A, 0x17, 0x17, 0x19, 0x19, 0x19, 0x17, 0x19, 0x19,
    0x19, 0x17, 0x19, 0x17, 0x17, 0x19, 0x17, 0x17, 0x19, 0x19, 0x19, 0x19, 0x19, 0x17, 0x17, 0x17,
    0x1A, 0x1A, 0x19, 0x19, 0x19, 0x19, 0x19, 0x19, 0x19, 0x19, 0x19, 0x19, 0x19, 0x19, 0x19, 0x19,
    0x17, 0x19, 0x19, 0x19, 0x17, 0x1A, 0x1A, 0x19, 0x19, 0x19, 0x17, 0x19, 0x17, 0x19, 0x1A, 0x1A,
    0x19, 0x1A, 0x1A, 0x1A, 0x1A, 0x1F, 0x13, 0x09, 0x1A, 0x1A, 0x1A, 0x19, 0x1A, 0x1C, 0x07, 0xCA,
    0x19, 0x19, 0x1A, 0x19, 0x1A, 0x09, 0x2B, 0xF6, 0x19, 0x19, 0x1A, 0x1C, 0x12, 0x08, 0xEB, 0xF6,
    0xEA, 0xF8, 0x4D, 0x0D, 0x3A, 0x2C, 0x2B, 0x27, 0xF9, 0xD5, 0x08, 0x36, 0x2B, 0x2B, 0x2B, 0x2B,
    0xEC, 0x09, 0x25, 0x27, 0x27, 0x27, 0x27, 0x27, 0x24, 0x16, 0x2B, 0x27, 0x25, 0x27, 0x25, 0x27,
    0x2B, 0x2B, 0x2C, 0x2B, 0x2C, 0x30, 0x2B, 0x30, 0x2B, 0x2C, 0x2B, 0x2B, 0x27, 0x2C, 0x2B, 0x30,
    0x30, 0x30, 0x27, 0x27, 0x2B, 0x2C, 0x30, 0x30, 0x25, 0x26, 0x27, 0x27, 0x2B, 0x27, 0x2B, 0x2B,
    0x30, 0x30, 0x35, 0x31, 0x35, 0x31, 0x3A, 0x31, 0x30, 0x31, 0x30, 0x35, 0x35, 0x30, 0x35, 0x16,
    0x31, 0x34, 0x30, 0x30, 0x31, 0x36, 0x2C, 0x16, 0x30, 0x31, 0x30, 0x34, 0x35, 0x36, 0x2C, 0x25,
    0x31, 0xA0, 0xC7, 0x47, 0x16, 0xB8, 0xDE, 0x27, 0xDE, 0xFA, 0xF7, 0xEA, 0xEC, 0xEF, 0xEE, 0xEF,
    0xE5, 0xFA, 0xF9, 0xF4, 0xFA, 0xE4, 0x2B, 0xF9, 0xB8, 0xDE, 0xE5, 0xE2, 0xB8, 0xE8, 0xEF, 0xDA,
    0x54, 0x66, 0x21, 0x5D, 0x91, 0xAA, 0x3B, 0x78, 0xE4, 0xFA, 0xEB, 0xF3, 0xE2, 0xF9, 0xF2, 0xF3,
    0xEC, 0xF4, 0xF8, 0xFB, 0x12, 0xB8, 0xFC, 0xE1, 0xD3, 0xCC, 0x49, 0xEC, 0x23, 0x2B, 0xEC, 0x6C,
    0x6E, 0x27, 0x35, 0x3A, 0x35, 0x35, 0x35, 0x35, 0xD5, 0x12, 0x3A, 0x3A, 0x3A, 0x36, 0x35, 0x30,
    0x09, 0x45, 0x3A, 0x36, 0x35, 0x3A, 0x35, 0x35, 0x19, 0x47, 0x3A, 0x3A, 0x36, 0x35, 0x35, 0x30,
    0x35, 0x31, 0x35, 0x35, 0x35, 0x35, 0x35, 0x35, 0x35, 0x35, 0x30, 0x35, 0x35, 0x35, 0x35, 0x31,
    0x30, 0x30, 0x35, 0x30, 0x35, 0x3A, 0x35, 0x35, 0x35, 0x30, 0x30, 0x30, 0x30, 0x35, 0x35, 0x35,
    0x35, 0x30, 0x35, 0x35, 0x3E, 0x04, 0xD1, 0xFC, 0x30, 0x30, 0x30, 0x30, 0x3E, 0x2B, 0x04, 0xED,
    0x35, 0x31, 0x35, 0x30, 0x30, 0x3E, 0x17, 0x08, 0x35, 0x35, 0x30, 0x35, 0x35, 0x30, 0x46, 0x07,
    0xDD, 0x07, 0x30, 0x30, 0x30, 0x2B, 0x30, 0x30, 0xFB, 0x46, 0x11, 0x3A, 0x2B, 0x2B, 0x30, 0x30,
    0xFA, 0xF7, 0x09, 0x24, 0x35, 0x2B, 0x30, 0x2B, 0x5C, 0xFC, 0xDC, 0x09, 0x3A, 0x30, 0x2B, 0x2B,
    0x30, 0x30, 0x35, 0x30, 0x35, 0x30, 0x30, 0x30, 0x30, 0x2E, 0x30, 0x30, 0x30, 0x30, 0x30, 0x30,
    0x2F, 0x30, 0x2B, 0x30, 0x30, 0x35, 0x35, 0x30, 0x2F, 0x30, 0x2E, 0x30, 0x30, 0x30, 0x30, 0x35,
    0x30, 0x30, 0x30, 0x2B, 0x30, 0x30, 0x35, 0x35, 0x30, 0x30, 0x2B, 0x30, 0x30, 0x30, 0x30, 0x30,
    0x30, 0x30, 0x30, 0x30, 0x35, 0x30, 0x35, 0x2B, 0x30, 0x30, 0x35, 0x30, 0x35, 0x30, 0x30, 0x30,
    0x34, 0x35, 0x30, 0x35, 0x08, 0x4B, 0xD7, 0xD9, 0x30, 0x34, 0x34, 0x33, 0x0C, 0x4B, 0x52, 0xD3,
    0x32, 0x32, 0x31, 0x31, 0x0C, 0x0C, 0x59, 0xD8, 0x30, 0x30, 0x30, 0x34, 0x08, 0x61, 0xD3, 0xD7,
    0x0E, 0x60, 0x5F, 0x64, 0x6D, 0x4A, 0xE7, 0xFC, 0x11, 0x64, 0x5F, 0x64, 0x6D, 0x4A, 0xE9, 0xFD,
    0x12, 0x65, 0x5F, 0x64, 0x6D, 0x4A, 0xE9, 0xFE, 0x16, 0x65, 0x60, 0x64, 0x6D, 0x43, 0xEA, 0xFE,
    0xDC, 0x52, 0xFC, 0xE7, 0x47, 0xE7, 0xFC, 0xE7, 0xD8, 0x52, 0xFD, 0xE9, 0x47, 0xE9, 0xFD, 0xE9,
    0xCD, 0x54, 0xFE, 0xE9, 0x40, 0xE9, 0xFE, 0xE9, 0xB5, 0x53, 0xFE, 0xEA, 0x40, 0xEA, 0xFE, 0xEA,
    0xCD, 0xFC, 0xE7, 0x4A, 0xE7, 0xFC, 0x54, 0xCD, 0xA2, 0xFD, 0xE9, 0x4A, 0xE9, 0xFD, 0x54, 0xCD,
    0x98, 0xFE, 0xE9, 0x4A, 0xE9, 0xFE, 0x54, 0xCF, 0xA1, 0xFE, 0xEA, 0x4A, 0xEA, 0xFE, 0x5C, 0xD0,
    0xFC, 0xE7, 0x4A, 0xFC, 0xE7, 0x43, 0xE7, 0xFC, 0xFD, 0xE9, 0x4A, 0xFD, 0xE9, 0x4A, 0xE9, 0xFD,
    0xFE, 0xE9, 0x4B, 0xFE, 0xE9, 0x43, 0xE9, 0xFE, 0xFE, 0xEA, 0x4A, 0xFE, 0xEA, 0x43, 0xEA, 0xFE,
    0x74, 0x90, 0xFC, 0xE7, 0x4B, 0xFC, 0xE7, 0x65, 0x6D, 0x90, 0xFD, 0xE9, 0x4F, 0xFD, 0xE9, 0x68,
    0x6D, 0x95, 0xFE, 0xE9, 0x4F, 0xFE, 0xE9, 0x64, 0x76, 0x95, 0xFE, 0xEA, 0x4B, 0xFE, 0xEA, 0x64,
    0xE7, 0xFC, 0xCD, 0x53, 0xFC, 0xE7, 0x4F, 0xE7, 0xE9, 0xFD, 0xCD, 0x4F, 0xFD, 0xE9, 0x4B, 0xE9,
    0xE9, 0xFE, 0xCD, 0x4F, 0xFE, 0xE9, 0x52, 0xE9, 0xEA, 0xFE, 0xCD, 0x4F, 0xFE, 0xEA, 0x52, 0xEA,
    0xFC, 0xA4, 0x68, 0xFC, 0xE7, 0x4A, 0xE7, 0xFC, 0xFD, 0xA4, 0x6A, 0xFD, 0xE9, 0x4A, 0xE9, 0xFD,
    0xFE, 0xA2, 0x65, 0xFE, 0xE9, 0x4A, 0xE9, 0xFE, 0xFE, 0xA2, 0x6D, 0xFE, 0xEA, 0x4F, 0xEA, 0xFE,
    0x6D, 0xC8, 0xFC, 0xE7, 0x54, 0xFC, 0xE7, 0x65, 0x6D, 0xC8, 0xFD, 0xE9, 0x54, 0xFD, 0xE9, 0x64,
    0x68, 0xCB, 0xFE, 0xE9, 0x54, 0xFE, 0xE9, 0x64, 0x75, 0xCB, 0xFE, 0xEA, 0x53, 0xFE, 0xEA, 0x64,
    0xE7, 0xFC, 0xC4, 0x5A, 0xFC, 0xE7, 0x4B, 0xE7, 0xE9, 0xFD, 0xC1, 0x5A, 0xFD, 0xE9, 0x4D, 0xE9,
    0xE9, 0xFE, 0xBF, 0x5F, 0xFE, 0xE9, 0x4F, 0xE9, 0xEA, 0xFE, 0xC4, 0x65, 0xFE, 0xEA, 0x4F, 0xEA,
    0xFC, 0x81, 0x98, 0xFC, 0xE7, 0x5F, 0xE7, 0xFC, 0xFD, 0x87, 0x98, 0xFD, 0xE9, 0x5A, 0xE9, 0xFD,
    0xFE, 0x87, 0x98, 0xFE, 0xE9, 0x54, 0xE9, 0xFE, 0xFE, 0x81, 0xA2, 0xFE, 0xEA, 0x5A, 0xEA, 0xFE,
    0x87, 0xCB, 0xFC, 0xE7, 0x5A, 0xFC, 0xE7, 0x5A, 0x77, 0xCB, 0xFD, 0xE9, 0x5A, 0xFD, 0xE9, 0x5A,
    0x77, 0xC8, 0xFE, 0xE9, 0x5A, 0xFE, 0xE9, 0x60, 0x79, 0xCB, 0xFE, 0xEA, 0x59, 0xFE, 0xEA, 0x64,
    0xE7, 0xFC, 0xB2, 0x6D, 0xFC, 0xE7, 0x60, 0xE7, 0xE9, 0xFD, 0xB2, 0x6D, 0xFD, 0xE9, 0x60, 0xE9,
    0xE9, 0xFE, 0xB9, 0x6D, 0xFE, 0xE9, 0x64, 0xE9, 0xEA, 0xFE, 0xBF, 0x6D, 0xFE, 0xEA, 0x64, 0xEA,
    0xFC, 0xA4, 0x98, 0xFC, 0xE7, 0x5A, 0xE7, 0xFC, 0xFD, 0xA4, 0x98, 0xFD, 0xE9, 0x5A, 0xE9, 0xFD,
    0xFE, 0xA9, 0x98, 0xFE, 0xE9, 0x5A, 0xE9, 0xFE, 0xFE, 0xA9, 0x98, 0xFE, 0xEA, 0x59, 0xEA, 0xFE,
    0x89, 0xB2, 0xFC, 0xE7, 0x5F, 0xFC, 0xE7, 0x75, 0x7E, 0xB2, 0xFD, 0xE9, 0x5F, 0xFD, 0xE9, 0x75,
    0x7E, 0xAD, 0xFE, 0xE9, 0x5F, 0xFE, 0xE9, 0x77, 0x77, 0xA9, 0xFE, 0xEA, 0x61, 0xFE, 0xEA, 0x75,
    0xE7, 0xFC, 0xCA, 0x64, 0xFC, 0xE7, 0x65, 0xE7, 0xE9, 0xFD, 0xCB, 0x64, 0xFD, 0xE9, 0x65, 0xE9,
    0xE9, 0xFE, 0xCD, 0x61, 0xFE, 0xE9, 0x65, 0xE9, 0xEA, 0xFE, 0xD0, 0x64, 0xFE, 0xEA, 0x65, 0xEA,
    0xFC, 0xBC, 0x77, 0xDE, 0xD5, 0xD8, 0x99, 0x08, 0xFD, 0xBA, 0x77, 0xDE, 0xD4, 0xD7, 0xB8, 0x0A,
    0xFE, 0xC0, 0x77, 0xDE, 0xD4, 0xD5, 0xBE, 0x0C, 0xFE, 0xC0, 0x77, 0xDD, 0xCF, 0xD3, 0xC7, 0x0D,
    0xBF, 0x2C, 0x1F, 0x0C, 0x19, 0x17, 0x17, 0x17, 0xC8, 0xA9, 0x19, 0x09, 0x1A, 0x17, 0x17, 0x17,
    0xB5, 0xAA, 0x61, 0x09, 0x17, 0x17, 0x16, 0x16, 0xC4, 0x2B, 0x0E, 0x0C, 0x19, 0x17, 0x16, 0x17,
    0x17, 0x19, 0x16, 0x19, 0x19, 0x17, 0x19, 0x17, 0x16, 0x17, 0x16, 0x17, 0x17, 0x19, 0x19, 0x17,
    0x17, 0x16, 0x17, 0x17, 0x17, 0x17, 0x16, 0x16, 0x16, 0x17, 0x17, 0x16, 0x17, 0x16, 0x17, 0x16,
    0x17, 0x17, 0x17, 0x17, 0x19, 0x19, 0x19, 0x19, 0x19, 0x19, 0x19, 0x19, 0x17, 0x17, 0x17, 0x19,
    0x19, 0x19, 0x17, 0x19, 0x17, 0x17, 0x17, 0x17, 0x17, 0x17, 0x19, 0x17, 0x17, 0x19, 0x19, 0x19,
    0x19, 0x1A, 0x19, 0x1C, 0x05, 0x83, 0xF8, 0xD3, 0x17, 0x1A, 0x1C, 0x10, 0x0C, 0xF1, 0xF1, 0x11,
    0x17, 0x19, 0x1A, 0x05, 0xB8, 0xF8, 0x99, 0x0E, 0x17, 0x1A, 0x0E, 0x0C, 0xEF, 0xEF, 0x12, 0x1C,
    0x0A, 0x27, 0x24, 0x26, 0x26, 0x27, 0x24, 0x27, 0x20, 0x26, 0x25, 0x24, 0x24, 0x25, 0x26, 0x27,
    0x24, 0x24, 0x25, 0x26, 0x24, 0x25, 0x25, 0x24, 0x24, 0x24, 0x24, 0x25, 0x24, 0x24, 0x24, 0x24,
    0x25, 0x25, 0x27, 0x27, 0x27, 0x27, 0x2C, 0x2B, 0x26, 0x27, 0x26, 0x27, 0x27, 0x27, 0x27, 0x2C,
    0x24, 0x27, 0x26, 0x26, 0x26, 0x28, 0x27, 0x2C, 0x24, 0x25, 0x24, 0x26, 0x26, 0x26, 0x26, 0x27,
    0x2C, 0x31, 0x2C, 0x30, 0x35, 0x35, 0x35, 0x3A, 0x27, 0x2C, 0x30, 0x2C, 0x30, 0x35, 0x35, 0x3A,
    0x27, 0x2B, 0x2B, 0x2B, 0x2C, 0x2B, 0x31, 0x31, 0x26, 0x2B, 0x2B, 0x2F, 0x2C, 0x2C, 0x31, 0x35,
    0x1F, 0x24, 0x27, 0x13, 0x0E, 0x2B, 0x50, 0x15, 0x36, 0x25, 0x22, 0x3E, 0x4C, 0x25, 0x1B, 0x3F,
    0x36, 0x3E, 0x45, 0x3E, 0x3A, 0x45, 0x47, 0x45, 0x35, 0x36, 0x3A, 0x3B, 0x3E, 0x3E, 0x45, 0x3E,
    0x22, 0x2B, 0x1B, 0x0C, 0x49, 0x47, 0x12, 0x3B, 0x38, 0x35, 0x47, 0x45, 0x40, 0x3A, 0x35, 0x3B,
    0x3E, 0x46, 0x40, 0x45, 0x45, 0x45, 0x47, 0x46, 0x3B, 0x3E, 0x45, 0x45, 0x45, 0x46, 0x3E, 0x45,
    0x47, 0x3E, 0x3E, 0x3A, 0x36, 0x36, 0x3A, 0x36, 0x40, 0x45, 0x40, 0x3E, 0x3E, 0x3A, 0x35, 0x36,
    0x45, 0x45, 0x3E, 0x45, 0x3E, 0x3A, 0x3A, 0x36, 0x46, 0x45, 0x45, 0x45, 0x3E, 0x3B, 0x3A, 0x3E,
    0x30, 0x30, 0x35, 0x35, 0x35, 0x35, 0x35, 0x30, 0x3A, 0x31, 0x31, 0x31, 0x35, 0x35, 0x39, 0x30,
    0x3A, 0x35, 0x36, 0x35, 0x30, 0x35, 0x39, 0x35, 0x3A, 0x35, 0x35, 0x30, 0x30, 0x35, 0x30, 0x34,
    0x31, 0x30, 0x35, 0x35, 0x30, 0x34, 0x36, 0x35, 0x35, 0x35, 0x31, 0x30, 0x30, 0x30, 0x30, 0x3E,
    0x35, 0x35, 0x35, 0x30, 0x30, 0x31, 0x35, 0x31, 0x31, 0x30, 0x35, 0x30, 0x35, 0x34, 0x31, 0x35,
    0x04, 0xEF, 0xFB, 0x13, 0x22, 0x30, 0x2B, 0x2B, 0x16, 0x12, 0xFB, 0xEB, 0x07, 0x35, 0x2B, 0x30,
    0x3E, 0x05, 0xE8, 0xFB, 0x13, 0x1C, 0x30, 0x30, 0x3A, 0x1F, 0x11, 0xFB, 0xEB, 0x05, 0x45, 0x2B,
    0x30, 0x30, 0x32, 0x2E, 0x30, 0x35, 0x30, 0x30, 0x2B, 0x2B, 0x34, 0x30, 0x34, 0x30, 0x35, 0x30,
    0x30, 0x30, 0x2D, 0x2B, 0x34, 0x34, 0x35, 0x35, 0x30, 0x2B, 0x30, 0x30, 0x2F, 0x35, 0x31, 0x30,
    0x35, 0x35, 0x30, 0x30, 0x30, 0x30, 0x30, 0x30, 0x35, 0x30, 0x30, 0x2E, 0x30, 0x35, 0x35, 0x35,
    0x30, 0x30, 0x35, 0x2E, 0x35, 0x30, 0x35, 0x30, 0x35, 0x30, 0x35, 0x30, 0x30, 0x30, 0x35, 0x30,
    0x35, 0x2B, 0x34, 0x34, 0x0C, 0x1F, 0x2C, 0xD5, 0x32, 0x2B, 0x35, 0x30, 0x09, 0x19, 0xA9, 0xD9,
    0x30, 0x35, 0x30, 0x30, 0x09, 0x61, 0xAA, 0xD3, 0x35, 0x30, 0x30, 0x30, 0x0C, 0x0E, 0x2B, 0xD7,
    0x1B, 0x68, 0x5F, 0x64, 0x6D, 0x43, 0xEC, 0xFE, 0x1D, 0x65, 0x5F, 0x64, 0x68, 0x43, 0xEA, 0xFC,
    0x23, 0x68, 0x5F, 0x64, 0x64, 0x5A, 0xC4, 0xDA, 0x2C, 0x5F, 0x47, 0x4A, 0x4B, 0x54, 0x4B, 0x47,
    0xC8, 0x52, 0xFE, 0xEC, 0x40, 0xEC, 0xFE, 0xEC, 0xCB, 0x68, 0xFC, 0xEA, 0x50, 0xEA, 0xFC, 0xEA,
    0x47, 0x79, 0xDA, 0xC4, 0x5A, 0xC4, 0xDA, 0xC4, 0x4D, 0x4F, 0x40, 0x4D, 0x54, 0x4A, 0x43, 0x4F,
    0xA1, 0xFE, 0xEC, 0x43, 0xEC, 0xFE, 0x54, 0xCF, 0xAD, 0xFC, 0xEA, 0x4F, 0xEA, 0xFC, 0x5F, 0xD7,
    0xA2, 0xDA, 0xC4, 0x74, 0xC4, 0xDA, 0x53, 0xC4, 0x53, 0x43, 0x4F, 0x54, 0x4A, 0x4A, 0x52, 0x53,
    0xFE, 0xEC, 0x4A, 0xFE, 0xEC, 0x40, 0xEC, 0xFE, 0xFC, 0xEA, 0x52, 0xFC, 0xEA, 0x4B, 0xEA, 0xFC,
    0xDA, 0xC4, 0x7E, 0xDA, 0xC4, 0x5F, 0xC4, 0xDA, 0x43, 0x4B, 0x54, 0x4A, 0x50, 0x54, 0x4F, 0x4B,
    0x81, 0x95, 0xFE, 0xEC, 0x4F, 0xFE, 0xEC, 0x64, 0x79, 0xA3, 0xFC, 0xEA, 0x53, 0xFC, 0xEA, 0x65,
    0x59, 0xA2, 0xDA, 0xC4, 0x74, 0xDA, 0xC4, 0x5A, 0x54, 0x54, 0x4B, 0x52, 0x5F, 0x52, 0x4A, 0x52,
    0xEC, 0xFE, 0xD3, 0x4A, 0xFE, 0xEC, 0x52, 0xEC, 0xEA, 0xFC, 0xCD, 0x52, 0xFC, 0xEA, 0x54, 0xEA,
    0xC4, 0xDA, 0x52, 0x81, 0xDA, 0xC4, 0x64, 0xC4, 0x5F, 0x50, 0x52, 0x5F, 0x4B, 0x4A, 0x5A, 0x5F,
    0xFE, 0xA9, 0x65, 0xFE, 0xEC, 0x4A, 0xEC, 0xFE, 0xFC, 0xAD, 0x74, 0xFC, 0xEA, 0x52, 0xEA, 0xFC,
    0xDA, 0x5F, 0xA2, 0xDA, 0xC4, 0x68, 0xC4, 0xDA, 0x4B, 0x54, 0x5A, 0x4F, 0x52, 0x59, 0x54, 0x4D,
    0x75, 0xC5, 0xFE, 0xEC, 0x59, 0xFE, 0xEC, 0x65, 0x79, 0xC4, 0xFC, 0xEA, 0x5A, 0xFC, 0xEA, 0x68,
    0x61, 0xBF, 0xDA, 0xC4, 0x75, 0xDA, 0xC4, 0x74, 0x54, 0x64, 0x52, 0x52, 0x5F, 0x53, 0x52, 0x5A,
    0xEC, 0xFE, 0xC8, 0x5F, 0xFE, 0xEC, 0x4F, 0xEC, 0xEA, 0xFC, 0xC8, 0x64, 0xFC, 0xEA, 0x52, 0xEA,
    0xC4, 0xDA, 0x64, 0x92, 0xDA, 0xC4, 0x68, 0xC4, 0x62, 0x52, 0x5A, 0x68, 0x54, 0x54, 0x5F, 0x61,
    0xFE, 0x89, 0xA2, 0xFE, 0xEC, 0x54, 0xEC, 0xFE, 0xFC, 0x98, 0xA9, 0xFC, 0xEA, 0x5A, 0xEA, 0xFC,
    0xDA, 0x64, 0xAF, 0xDA, 0xC4, 0x87, 0xC4, 0xDA, 0x52, 0x54, 0x68, 0x54, 0x52, 0x64, 0x61, 0x52,
    0x77, 0xC8, 0xFE, 0xEC, 0x57, 0xFE, 0xEC, 0x60, 0x79, 0xC8, 0xFC, 0xEA, 0x54, 0xFC, 0xEA, 0x68,
    0x74, 0xC4, 0xDA, 0xC4, 0x8D, 0xDA, 0xC4, 0x79, 0x5F, 0x68, 0x5A, 0x5A, 0x65, 0x60, 0x53, 0x61,
    0xEC, 0xFE, 0xBF, 0x68, 0xFE, 0xEC, 0x64, 0xEC, 0xEA, 0xFC, 0xBF, 0x65, 0xFC, 0xEA, 0x61, 0xEA,
    0xC4, 0xDA, 0x81, 0x92, 0xDA, 0xC4, 0x75, 0xC4, 0x64, 0x54, 0x60, 0x7E, 0x65, 0x59, 0x65, 0x75,
    0xFE, 0xA9, 0x98, 0xFE, 0xEC, 0x59, 0xEC, 0xFE, 0xFC, 0xAD, 0xA1, 0xFC, 0xEA, 0x5F, 0xEA, 0xFC,
    0xDA, 0x81, 0xAD, 0xDA, 0xC4, 0x79, 0xC4, 0xDA, 0x53, 0x5F, 0x76, 0x61, 0x5A, 0x74, 0x68, 0x54,
    0x77, 0xA9, 0xFE, 0xEC, 0x61, 0xFE, 0xEC, 0x6D, 0x79, 0xAD, 0xFC, 0xEA, 0x5F, 0xFC, 0xEA, 0x74,
    0x74, 0xAD, 0xDA, 0xC4, 0x75, 0xDA, 0xC4, 0x87, 0x64, 0x76, 0x5F, 0x5A, 0x6D, 0x75, 0x5A, 0x65,
    0xEC, 0xFE, 0xCE, 0x68, 0xFE, 0xEC, 0x68, 0xEC, 0xEA, 0xFC, 0xCF, 0x64, 0xFC, 0xEA, 0x6D, 0xEA,
    0xC4, 0xDA, 0x92, 0x98, 0xDA, 0xC4, 0x87, 0xC4, 0x87, 0x5F, 0x61, 0x81, 0x68, 0x5A, 0x65, 0x77,
    0xFE, 0xBA, 0x77, 0xDE, 0xD3, 0xD1, 0xC7, 0x0D, 0xFC, 0xC5, 0x75, 0xDE, 0xD3, 0xD1, 0xCE, 0x0E,
    0xDA, 0x89, 0x77, 0xDC, 0xD3, 0xD0, 0xD3, 0x12, 0x6A, 0x68, 0x98, 0xDE, 0xCD, 0xC8, 0xCF, 0x13,
    0xBF, 0xD1, 0x3E, 0x07, 0x17, 0x16, 0x17, 0x16, 0xB5, 0x59, 0x50, 0x0A, 0x13, 0x16, 0x17, 0x16,
    0xC4, 0x4B, 0x09, 0x0C, 0x19, 0x13, 0x13, 0x16, 0xB5, 0xD5, 0x5F, 0x07, 0x16, 0x16, 0x16, 0x16,
    0x16, 0x17, 0x16, 0x17, 0x16, 0x17, 0x16, 0x16, 0x13, 0x17, 0x17, 0x17, 0x17, 0x16, 0x16, 0x17,
    0x16, 0x13, 0x16, 0x16, 0x16, 0x17, 0x16, 0x16, 0x16, 0x16, 0x16, 0x16, 0x16, 0x16, 0x13, 0x16,
    0x16, 0x17, 0x17, 0x17, 0x17, 0x17, 0x19, 0x19, 0x16, 0x17, 0x17, 0x16, 0x17, 0x17, 0x16, 0x17,
    0x17, 0x17, 0x16, 0x17, 0x16, 0x16, 0x17, 0x17, 0x16, 0x17, 0x17, 0x17, 0x17, 0x17, 0x17, 0x17,
    0x19, 0x19, 0x05, 0x83, 0xF7, 0xBE, 0x11, 0x24, 0x1A, 0x12, 0x08, 0xEC, 0xF1, 0x1C, 0x16, 0x24,
    0x19, 0x08, 0x31, 0xF5, 0xE1, 0x0C, 0x1B, 0x21, 0x13, 0x07, 0xD5, 0xF4, 0x59, 0x0D, 0x1F, 0x21,
    0x24, 0x22, 0x22, 0x23, 0x24, 0x22, 0x22, 0x22, 0x21, 0x22, 0x22, 0x21, 0x22, 0x21, 0x22, 0x22,
    0x1F, 0x21, 0x21, 0x1F, 0x1F, 0x21, 0x21, 0x21, 0x1D, 0x1F, 0x1D, 0x1C, 0x1F, 0x1D, 0x1F, 0x1F,
    0x24, 0x24, 0x25, 0x25, 0x24, 0x26, 0x26, 0x26, 0x22, 0x24, 0x24, 0x24, 0x24, 0x24, 0x25, 0x26,
    0x21, 0x1F, 0x21, 0x22, 0x23, 0x24, 0x24, 0x25, 0x1F, 0x1F, 0x22, 0x21, 0x22, 0x22, 0x24, 0x24,
    0x2C, 0x27, 0x2B, 0x2B, 0x2B, 0x2C, 0x30, 0x30, 0x27, 0x27, 0x27, 0x2C, 0x2C, 0x30, 0x30, 0x35,
    0x26, 0x26, 0x27, 0x2B, 0x27, 0x2C, 0x31, 0x31, 0x24, 0x26, 0x27, 0x27, 0x27, 0x27, 0x2C, 0x30,
    0x39, 0x39, 0x35, 0x3A, 0x3B, 0x3B, 0x40, 0x45, 0x34, 0x34, 0x35, 0x3A, 0x3A, 0x3A, 0x3E, 0x40,
    0x31, 0x35, 0x31, 0x35, 0x35, 0x3B, 0x3E, 0x3E, 0x31, 0x35, 0x35, 0x3A, 0x3A, 0x39, 0x3A, 0x3E,
    0x45, 0x45, 0x3E, 0x45, 0x45, 0x45, 0x45, 0x40, 0x45, 0x3E, 0x45, 0x45, 0x40, 0x45, 0x45, 0x45,
    0x45, 0x3E, 0x45, 0x45, 0x3E, 0x3E, 0x40, 0x46, 0x40, 0x40, 0x45, 0x45, 0x45, 0x3E, 0x45, 0x45,
    0x45, 0x46, 0x46, 0x40, 0x3E, 0x40, 0x3E, 0x3E, 0x46, 0x45, 0x45, 0x40, 0x3E, 0x3E, 0x3E, 0x3A,
    0x46, 0x47, 0x45, 0x3E, 0x3E, 0x45, 0x3E, 0x40, 0x45, 0x46, 0x47, 0x45, 0x46, 0x45, 0x40, 0x45,
    0x3E, 0x3A, 0x3A, 0x35, 0x35, 0x30, 0x35, 0x35, 0x3A, 0x3A, 0x36, 0x36, 0x30, 0x35, 0x35, 0x35,
    0x3B, 0x3E, 0x3A, 0x39, 0x35, 0x30, 0x35, 0x35, 0x3E, 0x3E, 0x3A, 0x36, 0x3A, 0x31, 0x30, 0x31,
    0x35, 0x35, 0x30, 0x34, 0x35, 0x30, 0x35, 0x35, 0x35, 0x35, 0x35, 0x35, 0x35, 0x30, 0x30, 0x35,
    0x35, 0x35, 0x35, 0x35, 0x35, 0x30, 0x35, 0x35, 0x36, 0x35, 0x34, 0x35, 0x35, 0x30, 0x35, 0x35,
    0x35, 0x3A, 0x07, 0xEA, 0xFB, 0x0D, 0x25, 0x30, 0x35, 0x35, 0x19, 0x27, 0xFB, 0xDC, 0x09, 0x45,
    0x30, 0x30, 0x34, 0x09, 0xF1, 0xF8, 0x05, 0x30, 0x30, 0x35, 0x3A, 0x11, 0xC7, 0xFB, 0x38, 0x16,
    0x2B, 0x30, 0x2B, 0x2B, 0x30, 0x2C, 0x2C, 0x34, 0x30, 0x30, 0x2B, 0x2B, 0x30, 0x2B, 0x30, 0x2F,
    0x30, 0x2B, 0x30, 0x2B, 0x2E, 0x2D, 0x32, 0x30, 0x35, 0x30, 0x2B, 0x30, 0x2B, 0x30, 0x2F, 0x30,
    0x30, 0x35, 0x30, 0x30, 0x35, 0x30, 0x30, 0x35, 0x30, 0x30, 0x35, 0x30, 0x35, 0x35, 0x35, 0x30,
    0x34, 0x30, 0x31, 0x35, 0x30, 0x30, 0x30, 0x30, 0x30, 0x30, 0x30, 0x35, 0x35, 0x30, 0x30, 0x35,
    0x30, 0x35, 0x35, 0x30, 0x07, 0x3E, 0xD1, 0xD8, 0x30, 0x35, 0x35, 0x30, 0x0A, 0x50, 0x59, 0xD3,
    0x34, 0x35, 0x35, 0x30, 0x0C, 0x09, 0x4B, 0xD7, 0x35, 0x30, 0x30, 0x30, 0x07, 0x5F, 0xD5, 0xD5,
    0x2C, 0xCF, 0xCB, 0xCB, 0xCB, 0xAD, 0x98, 0xB5, 0x1B, 0xBF, 0xCF, 0xD3, 0xD5, 0xCD, 0xCB, 0xCF,
    0x19, 0x52, 0x43, 0x52, 0x4F, 0x5A, 0x77, 0x77, 0x16, 0x64, 0x5A, 0x5A, 0x65, 0xD9, 0xE5, 0xE3,
    0xB2, 0xB5, 0xAD, 0xAD, 0xB5, 0xAD, 0xAD, 0xAD, 0xD8, 0xD9, 0xD9, 0xDA, 0xDB, 0xDB, 0xDB, 0xDA,
    0x68, 0x75, 0x77, 0x74, 0x7E, 0x77, 0x77, 0x74, 0xE3, 0xE3, 0xE3, 0xE2, 0xE3, 0xE3, 0xE1, 0xE2,
    0xA2, 0xA2, 0xA2, 0x92, 0x92, 0x98, 0x98, 0x98, 0xD9, 0xD6, 0xD5, 0xD5, 0xD5, 0xD6, 0xD9, 0xDA,
    0x74, 0x75, 0x79, 0x77, 0x77, 0x77, 0x7E, 0x7E, 0xE2, 0xE1, 0xE1, 0xE1, 0xE1, 0xE1, 0xE1, 0xE1,
    0x98, 0x92, 0x92, 0x98, 0x98, 0x90, 0x89, 0x92, 0xDA, 0xDA, 0xDA, 0xDB, 0xDB, 0xD9, 0xDB, 0xD9,
    0x89, 0x92, 0x89, 0x89, 0x89, 0x89, 0x87, 0x87, 0xE1, 0xE1, 0xE1, 0xE1, 0xE1, 0xE1, 0xE1, 0xDE,
    0x89, 0x89, 0x89, 0x87, 0x79, 0x76, 0x87, 0x87, 0xDD, 0xDD, 0xDD, 0xDC, 0xDD, 0xDD, 0xDD, 0xDD,
    0x89, 0x89, 0x89, 0x92, 0x92, 0x92, 0x92, 0x92, 0xE1, 0xE1, 0xE0, 0xDE, 0xDE, 0xDE, 0xDD, 0xDD,
    0x75, 0x7E, 0x7E, 0x7E, 0x7E, 0x7E, 0x77, 0x68, 0xDB, 0xDC, 0xDE, 0xDE, 0xDE, 0xDE, 0xDE, 0xDE,
    0x92, 0x92, 0x92, 0x92, 0x92, 0x92, 0x92, 0xA1, 0xDE, 0xDE, 0xDE, 0xDE, 0xE0, 0xE0, 0xDE, 0xDE,
    0x79, 0x75, 0x6D, 0x6D, 0x77, 0x75, 0x6D, 0x75, 0xDE, 0xDE, 0xDE, 0xDE, 0xDD, 0xDE, 0xDB, 0xDD,
    0x98, 0x98, 0x98, 0x92, 0x92, 0x98, 0x92, 0xA4, 0xE0, 0xDE, 0xDE, 0xDE, 0xDE, 0xDE, 0xDE, 0xDE,
    0x75, 0x68, 0x68, 0x74, 0x6D, 0x68, 0x75, 0x75, 0xDD, 0xDD, 0xDD, 0xDE, 0xDE, 0xDE, 0xE1, 0xDE,
    0xA4, 0xA4, 0x98, 0x98, 0xA4, 0xA6, 0x98, 0xA2, 0xDE, 0xDE, 0xDE, 0xDE, 0xDE, 0xDE, 0xDE, 0xDE,
    0x68, 0x68, 0x75, 0x77, 0x75, 0x79, 0x79, 0x75, 0xE1, 0xDE, 0xDE, 0xE1, 0xE1, 0xE1, 0xE1, 0xE1,
    0xAD, 0xA6, 0xAD, 0xAD, 0xAD, 0xAD, 0xAD, 0xAD, 0xDE, 0xDE, 0xDE, 0xDE, 0xDE, 0xDE, 0xDE, 0xDE,
    0x6D, 0x75, 0x6D, 0x6D, 0x75, 0x74, 0x68, 0x75, 0xE1, 0xDE, 0xE1, 0xE1, 0xE2, 0xE2, 0xE2, 0xE2,
    0xAD, 0xA2, 0x9C, 0xA2, 0xAD, 0xAD, 0xAD, 0xAD, 0xDD, 0xDD, 0xDE, 0xDD, 0xDD, 0xDD, 0xDC, 0xDD,
    0x77, 0x6A, 0x6F, 0x77, 0x6D, 0x6A, 0x77, 0x75, 0xE2, 0xE2, 0xE2, 0xE2, 0xE1, 0xE2, 0xE1, 0xE2,
    0xAD, 0xAD, 0xAD, 0xAD, 0xAD, 0xAD, 0xAD, 0xAD, 0xDE, 0xDE, 0xDE, 0xDE, 0xDD, 0xDD, 0xDD, 0xDD,
    0x75, 0x75, 0x81, 0x75, 0x74, 0x75, 0x74, 0x74, 0xE2, 0xE2, 0xE2, 0xE2, 0xE3, 0xE3, 0xE3, 0xE4,
    0xAD, 0xAD, 0xB5, 0xAD, 0xB5, 0xB5, 0xB5, 0xB5, 0xDD, 0xDE, 0xDD, 0xDC, 0xDC, 0xDD, 0xDD, 0xDD,
    0x75, 0x68, 0x6F, 0x75, 0x75, 0x75, 0x6A, 0x75, 0xE3, 0xE3, 0xE4, 0xE5, 0xE5, 0xE5, 0xE5, 0xE5,
    0xB5, 0xB5, 0xB5, 0xB5, 0xBA, 0xBA, 0xBA, 0xBA, 0xDD, 0xDC, 0xDB, 0xDB, 0xDB, 0xDB, 0xDB, 0xDB,
    0x68, 0x65, 0x65, 0x68, 0x77, 0x65, 0x65, 0x68, 0xE6, 0xE7, 0xE7, 0xE6, 0xE2, 0xE9, 0xE9, 0xE7,
    0xC0, 0xC0, 0xC0, 0xC0, 0xB5, 0xC5, 0xC8, 0xBA, 0xDB, 0xDB, 0xDB, 0xDB, 0xDB, 0xDB, 0xDB, 0xDB,
    0x65, 0x64, 0x68, 0x68, 0x65, 0x65, 0x65, 0x6A, 0xE9, 0xEB, 0xEB, 0xEB, 0xEB, 0xEB, 0xEB, 0xEB,
    0xBA, 0xC0, 0xC0, 0xC8, 0xC5, 0xC0, 0xC5, 0xC5, 0xD6, 0xD6, 0xD6, 0xD6, 0xD6, 0xD6, 0xD6, 0xD6,
    0x6A, 0x68, 0x83, 0xDC, 0xCD, 0xD8, 0xD9, 0x16, 0xEB, 0xEB, 0xEC, 0xEF, 0xEC, 0xEE, 0xE4, 0x12,
    0xC8, 0xCB, 0xCE, 0xDE, 0xCB, 0xC1, 0xC4, 0x16, 0xD6, 0xD6, 0xDC, 0xDB, 0xB9, 0xD1, 0xA5, 0x0C,
    0xB5, 0x31, 0x27, 0x0A, 0x16, 0x16, 0x16, 0x13, 0xC8, 0x76, 0x0E, 0x09, 0x17, 0x13, 0x16, 0x13,
    0xAE, 0xCD, 0x76, 0x07, 0x13, 0x16, 0x16, 0x13, 0xB9, 0x22, 0x12, 0x0D, 0x13, 0x13, 0x13, 0x13,
    0x13, 0x16, 0x16, 0x16, 0x16, 0x16, 0x16, 0x16, 0x16, 0x16, 0x16, 0x16, 0x16, 0x16, 0x16, 0x13,
    0x13, 0x13, 0x16, 0x16, 0x16, 0x13, 0x16, 0x16, 0x13, 0x13, 0x13, 0x13, 0x13, 0x16, 0x16, 0x13,
    0x16, 0x16, 0x16, 0x17, 0x17, 0x17, 0x17, 0x19, 0x16, 0x16, 0x16, 0x16, 0x16, 0x16, 0x17, 0x17,
    0x16, 0x13, 0x16, 0x16, 0x16, 0x16, 0x16, 0x16, 0x16, 0x16, 0x16, 0x16, 0x13, 0x16, 0x17, 0x12,
    0x0E, 0x09, 0xED, 0xEF, 0x17, 0x13, 0x22, 0x1C, 0x08, 0x35, 0xF1, 0xDA, 0x0C, 0x1C, 0x1F, 0x1D,
    0x05, 0xB7, 0xF5, 0x91, 0x0C, 0x22, 0x1B, 0x1C, 0x07, 0xE2, 0xF1, 0x24, 0x0C, 0x22, 0x1A, 0x1A,
    0x1C, 0x1C, 0x1C, 0x1F, 0x1D, 0x1C, 0x1C, 0x1C, 0x1D, 0x1C, 0x1C, 0x1C, 0x1C, 0x1C, 0x1C, 0x1B,
    0x1A, 0x1B, 0x1B, 0x1A, 0x1B, 0x1A, 0x1A, 0x1C, 0x1A, 0x1A, 0x1A, 0x1A, 0x1A, 0x1A, 0x1A, 0x1A,
    0x21, 0x1D, 0x1D, 0x22, 0x20, 0x22, 0x22, 0x24, 0x1D, 0x21, 0x1C, 0x1C, 0x1F, 0x22, 0x22, 0x22,
    0x1C, 0x1A, 0x1D, 0x1F, 0x1D, 0x21, 0x1F, 0x22, 0x1A, 0x1C, 0x1A, 0x1C, 0x1C, 0x1F, 0x21, 0x1F,
    0x23, 0x26, 0x26, 0x26, 0x27, 0x27, 0x2B, 0x30, 0x22, 0x24, 0x24, 0x26, 0x26, 0x26, 0x2C, 0x2C,
    0x22, 0x22, 0x24, 0x25, 0x24, 0x26, 0x27, 0x2C, 0x1F, 0x22, 0x22, 0x22, 0x24, 0x25, 0x25, 0x26,
    0x31, 0x35, 0x30, 0x35, 0x3A, 0x3A, 0x3B, 0x3B, 0x2B, 0x31, 0x31, 0x35, 0x35, 0x36, 0x3A, 0x3B,
    0x2C, 0x30, 0x34, 0x31, 0x35, 0x35, 0x3A, 0x3A, 0x27, 0x27, 0x2C, 0x35, 0x35, 0x3A, 0x3A, 0x3A,
    0x40, 0x40, 0x45, 0x46, 0x40, 0x45, 0x45, 0x45, 0x3B, 0x40, 0x45, 0x45, 0x3E, 0x45, 0x40, 0x47,
    0x3E, 0x3B, 0x40, 0x46, 0x45, 0x40, 0x3E, 0x45, 0x3A, 0x3B, 0x40, 0x40, 0x45, 0x45, 0x45, 0x45,
    0x46, 0x47, 0x47, 0x45, 0x40, 0x45, 0x45, 0x3E, 0x45, 0x45, 0x47, 0x47, 0x45, 0x45, 0x46, 0x45,
    0x45, 0x45, 0x46, 0x47, 0x47, 0x45, 0x45, 0x45, 0x45, 0x45, 0x46, 0x47, 0x47, 0x46, 0x45, 0x40,
    0x45, 0x3E, 0x3E, 0x3A, 0x3A, 0x35, 0x35, 0x35, 0x3E, 0x3E, 0x3E, 0x3B, 0x3B, 0x36, 0x31, 0x30,
    0x45, 0x45, 0x45, 0x3E, 0x3A, 0x3A, 0x36, 0x34, 0x45, 0x40, 0x40, 0x3E, 0x40, 0x3A, 0x3A, 0x36,
    0x31, 0x35, 0x34, 0x35, 0x35, 0x35, 0x31, 0x35, 0x30, 0x35, 0x35, 0x35, 0x35, 0x30, 0x30, 0x30,
    0x35, 0x35, 0x35, 0x35, 0x35, 0x35, 0x35, 0x30, 0x31, 0x30, 0x35, 0x35, 0x31, 0x35, 0x30, 0x35,
    0x35, 0x34, 0x3A, 0x24, 0x20, 0xFA, 0xE5, 0x05, 0x35, 0x35, 0x30, 0x30, 0x0D, 0xF1, 0xF8, 0x05,
    0x35, 0x31, 0x30, 0x31, 0x11, 0xDA, 0xFA, 0x13, 0x31, 0x35, 0x30, 0x35, 0x1A, 0x58, 0xFB, 0xB4,
    0x3E, 0x30, 0x2B, 0x30, 0x30, 0x2E, 0x2E, 0x30, 0x3E, 0x2B, 0x2B, 0x30, 0x30, 0x30, 0x2B, 0x30,
    0x1F, 0x35, 0x30, 0x2B, 0x2B, 0x30, 0x2B, 0x30, 0x09, 0x45, 0x2B, 0x30, 0x2B, 0x2B, 0x30, 0x30,
    0x30, 0x34, 0x35, 0x30, 0x32, 0x30, 0x35, 0x30, 0x30, 0x35, 0x34, 0x35, 0x30, 0x30, 0x35, 0x35,
    0x30, 0x30, 0x30, 0x30, 0x30, 0x35, 0x35, 0x35, 0x30, 0x30, 0x31, 0x35, 0x34, 0x30, 0x30, 0x30,
    0x35, 0x30, 0x35, 0x30, 0x0A, 0x27, 0x31, 0xD3, 0x35, 0x30, 0x30, 0x30, 0x09, 0x0E, 0x76, 0xD9,
    0x30, 0x35, 0x30, 0x35, 0x07, 0x76, 0xCD, 0xD3, 0x30, 0x35, 0x35, 0x30, 0x0D, 0x12, 0x22, 0xD3,
    0x0A, 0x4A, 0x92, 0x92, 0x98, 0xB2, 0xD3, 0xD4, 0x08, 0x0A, 0x18, 0x33, 0x43, 0x38, 0x31, 0x31,
    0x0A, 0x0A, 0x08, 0x07, 0x07, 0x07, 0x07, 0x07, 0x0A, 0x0A, 0x0A, 0x0A, 0x0A, 0x0A, 0x0A, 0x0A,
    0xD5, 0xD3, 0xCF, 0xCD, 0xCD, 0xD1, 0xD4, 0xD4, 0x4A, 0x77, 0xBC, 0xD1, 0xB2, 0x89, 0x89, 0xA6,
    0x07, 0x0A, 0x15, 0xD8, 0xF1, 0xED, 0xE0, 0xD1, 0x0A, 0x0C, 0x0A, 0x0A, 0x90, 0xEF, 0xF2, 0xE9,
    0xD3, 0xD3, 0xD4, 0xD4, 0xD5, 0xD4, 0xD5, 0xD5, 0xA6, 0xA6, 0xAD, 0xA6, 0xA6, 0xA6, 0xA2, 0xA2,
    0xD4, 0xD1, 0xD6, 0xD5, 0xD5, 0xD4, 0xD4, 0xD4, 0xE6, 0xE7, 0xE0, 0xD6, 0xD6, 0xD6, 0xD6, 0xD6,
    0xD5, 0xD6, 0xD5, 0xD6, 0xD6, 0xD6, 0xD6, 0xD6, 0xA2, 0xA6, 0xA6, 0xA2, 0xA2, 0xA6, 0xA6, 0xA2,
    0xD4, 0xD4, 0xD4, 0xD3, 0xD4, 0xD1, 0xD4, 0xD6, 0xD6, 0xD6, 0xD6, 0xD6, 0xDB, 0xE1, 0xE0, 0xDE,
    0xD6, 0xD6, 0xD9, 0xDB, 0xDB, 0xDB, 0xDB, 0xDB, 0xA4, 0xA2, 0xAD, 0xB2, 0xB2, 0xBC, 0xAD, 0xAD,
    0xD6, 0xD5, 0xD1, 0xD4, 0xD4, 0xD5, 0xD4, 0xD3, 0xDE, 0xE0, 0xE3, 0xD6, 0xD5, 0xD6, 0xD6, 0xD6,
    0xD9, 0xD9, 0xDB, 0xDB, 0xDB, 0xDB, 0xDD, 0xDD, 0xA6, 0xA2, 0xAD, 0xAD, 0xA6, 0xA6, 0xAD, 0xAD,
    0xD3, 0xD3, 0xD1, 0xD1, 0xD3, 0xD4, 0xD4, 0xD4, 0xD6, 0xD4, 0xD4, 0xCF, 0xD4, 0xD4, 0xD6, 0xD6,
    0xDC, 0xDD, 0xDC, 0xDD, 0xDD, 0xDD, 0xDE, 0xDD, 0xA6, 0xA6, 0xA2, 0xA6, 0xAD, 0xAD, 0xAD, 0xAD,
    0xD4, 0xD3, 0xCF, 0xD3, 0xD5, 0xD4, 0xD1, 0xD1, 0xD6, 0xD6, 0xD6, 0xD6, 0xD6, 0xD6, 0xD6, 0xD4,
    0xDE, 0xDE, 0xDE, 0xDE, 0xDE, 0xDE, 0xE0, 0xE1, 0xAD, 0xAD, 0xAD, 0xAD, 0xAD, 0xAD, 0xA6, 0xA6,
    0xD3, 0xD1, 0xD4, 0xD4, 0xD4, 0xD4, 0xD4, 0xD4, 0xD6, 0xD6, 0xD6, 0xD6, 0xD6, 0xD6, 0xD6, 0xD6,
    0xE1, 0xE1, 0xE1, 0xE1, 0xE1, 0xE1, 0xE1, 0xE1, 0xA6, 0xA6, 0xAD, 0xAD, 0xB2, 0xBC, 0xB2, 0xB2,
    0xD5, 0xD5, 0xD5, 0xD5, 0xD4, 0xD5, 0xD4, 0xD4, 0xD6, 0xD6, 0xD6, 0xD6, 0xD6, 0xD6, 0xD6, 0xD6,
    0xE1, 0xE1, 0xE1, 0xE1, 0xE1, 0xE1, 0xE1, 0xE1, 0xB2, 0xB2, 0xB2, 0xB2, 0xB2, 0xBC, 0xB2, 0xB2,
    0xD4, 0xD5, 0xD5, 0xD5, 0xD5, 0xD5, 0xD4, 0xD6, 0xD6, 0xD6, 0xD6, 0xD6, 0xD6, 0xD6, 0xD6, 0xD6,
    0xE1, 0xE1, 0xE1, 0xE1, 0xE1, 0xE1, 0xE1, 0xE1, 0xB2, 0xB2, 0xB2, 0xAD, 0xB2, 0xAD, 0xB2, 0xB2,
    0xD6, 0xD6, 0xD6, 0xD6, 0xD6, 0xD6, 0xD5, 0xD5, 0xD6, 0xD6, 0xD6, 0xD6, 0xD6, 0xD6, 0xD6, 0xD6,
    0xE3, 0xE3, 0xE3, 0xE3, 0xE3, 0xE3, 0xE3, 0xE3, 0xB2, 0xBC, 0xB2, 0xB2, 0xB2, 0xB2, 0xB2, 0xBC,
    0xD6, 0xD5, 0xD4, 0xD4, 0xD4, 0xD4, 0xD4, 0xD5, 0xD6, 0xD6, 0xD6, 0xD6, 0xD6, 0xD6, 0xD6, 0xD6,
    0xE3, 0xE3, 0xE3, 0xE3, 0xE3, 0xE3, 0xE3, 0xE3, 0xBC, 0xB2, 0xBC, 0xBC, 0xC1, 0xB2, 0x98, 0xA4,
    0xD5, 0xD6, 0xD6, 0xD6, 0xCD, 0xD6, 0xE7, 0xEB, 0xD6, 0xD6, 0xDB, 0xD6, 0xEC, 0xF4, 0xF4, 0xF4,
    0xE3, 0xE5, 0xE5, 0xE5, 0xE5, 0xE5, 0xE5, 0xE5, 0xA4, 0x98, 0xC1, 0xC6, 0xC1, 0xC6, 0xC1, 0xBC,
    0xEB, 0xE6, 0xCD, 0xD5, 0xD6, 0xD6, 0xD6, 0xD6, 0xF4, 0xF9, 0xF3, 0xDB, 0xDB, 0xDD, 0xE0, 0xE3,
    0xE5, 0xE7, 0xE6, 0xE7, 0xE7, 0xE6, 0xE6, 0xE7, 0xBC, 0xBC, 0xBC, 0xBC, 0xBC, 0xBC, 0xC1, 0xBC,
    0xD6, 0xD9, 0xD9, 0xD6, 0xD6, 0xD4, 0xD3, 0xD3, 0xEA, 0xE3, 0xE3, 0xE3, 0xE1, 0xE6, 0xE5, 0xE3,
    0xE7, 0xE7, 0xE7, 0xDA, 0xCF, 0xDC, 0x53, 0x07, 0xC0, 0xC1, 0xBC, 0xCD, 0xD1, 0x81, 0x12, 0x08,
    0xD1, 0xD1, 0xD6, 0x77, 0x15, 0x13, 0x12, 0x0A, 0xE3, 0xE5, 0xE6, 0x43, 0x12, 0x1B, 0x16, 0x0A,
    0xC4, 0xC8, 0x21, 0x07, 0x17, 0x13, 0x13, 0x13, 0xAE, 0x8C, 0x5F, 0x08, 0x13, 0x13, 0x13, 0x13,
    0xBA, 0x30, 0x0C, 0x0A, 0x17, 0x16, 0x13, 0x13, 0xB9, 0xD3, 0x4B, 0x07, 0x13, 0x12, 0x13, 0x13,
    0x13, 0x13, 0x13, 0x13, 0x13, 0x13, 0x13, 0x13, 0x13, 0x13, 0x13, 0x13, 0x12, 0x13, 0x13, 0x13,
    0x13, 0x13, 0x13, 0x13, 0x13, 0x13, 0x13, 0x13, 0x13, 0x13, 0x12, 0x12, 0x13, 0x13, 0x13, 0x13,
    0x13, 0x16, 0x13, 0x13, 0x16, 0x16, 0x17, 0x0D, 0x13, 0x13, 0x13, 0x13, 0x13, 0x13, 0x17, 0x09,
    0x13, 0x13, 0x13, 0x13, 0x13, 0x13, 0x16, 0x08, 0x13, 0x12, 0x13, 0x13, 0x13, 0x13, 0x13, 0x07,
    0x0E, 0xEC, 0xEC, 0x12, 0x12, 0x1C, 0x19, 0x1B, 0x1A, 0xF1, 0xE8, 0x0C, 0x16, 0x1B, 0x19, 0x17,
    0x45, 0xF3, 0xD5, 0x05, 0x17, 0x19, 0x17, 0x17, 0x6E, 0xF1, 0x83, 0x07, 0x17, 0x17, 0x16, 0x16,
    0x19, 0x19, 0x19, 0x19, 0x19, 0x19, 0x1A, 0x19, 0x19, 0x19, 0x17, 0x17, 0x19, 0x17, 0x19, 0x19,
    0x17, 0x17, 0x17, 0x17, 0x17, 0x16, 0x17, 0x17, 0x16, 0x16, 0x16, 0x16, 0x16, 0x13, 0x16, 0x16,
    0x1A, 0x1A, 0x1B, 0x1A, 0x1C, 0x1C, 0x1F, 0x1D, 0x19, 0x19, 0x1A, 0x1A, 0x1A, 0x1C, 0x1C, 0x1F,
    0x17, 0x17, 0x19, 0x19, 0x19, 0x1A, 0x1C, 0x1C, 0x16, 0x16, 0x16, 0x19, 0x19, 0x19, 0x19, 0x1A,
    0x1F, 0x22, 0x22, 0x22, 0x24, 0x24, 0x25, 0x26, 0x1F, 0x21, 0x21, 0x22, 0x22, 0x24, 0x24, 0x25,
    0x1D, 0x1D, 0x21, 0x22, 0x22, 0x22, 0x24, 0x25, 0x1B, 0x1F, 0x1F, 0x1F, 0x21, 0x21, 0x22, 0x24,
    0x2C, 0x2C, 0x2B, 0x35, 0x35, 0x31, 0x36, 0x35, 0x26, 0x27, 0x27, 0x30, 0x31, 0x35, 0x3A, 0x3A,
    0x27, 0x26, 0x27, 0x2B, 0x2C, 0x35, 0x3A, 0x3A, 0x24, 0x27, 0x27, 0x27, 0x27, 0x30, 0x35, 0x35,
    0x3B, 0x3B, 0x3B, 0x3E, 0x45, 0x45, 0x45, 0x45, 0x3A, 0x3A, 0x3E, 0x40, 0x3E, 0x45, 0x45, 0x45,
    0x3A, 0x36, 0x3E, 0x3B, 0x3E, 0x45, 0x46, 0x46, 0x3B, 0x3A, 0x3A, 0x3E, 0x3B, 0x3E, 0x40, 0x45,
    0x45, 0x45, 0x40, 0x47, 0x46, 0x45, 0x47, 0x45, 0x46, 0x45, 0x45, 0x46, 0x46, 0x49, 0x49, 0x45,
    0x45, 0x46, 0x45, 0x47, 0x46, 0x47, 0x47, 0x45, 0x46, 0x45, 0x45, 0x46, 0x45, 0x47, 0x47, 0x45,
    0x46, 0x46, 0x45, 0x40, 0x45, 0x3A, 0x3A, 0x35, 0x45, 0x40, 0x45, 0x45, 0x45, 0x3E, 0x3B, 0x3A,
    0x45, 0x45, 0x46, 0x45, 0x45, 0x3B, 0x3E, 0x3A, 0x45, 0x45, 0x45, 0x46, 0x3E, 0x3E, 0x3E, 0x3E,
    0x35, 0x35, 0x30, 0x35, 0x35, 0x31, 0x30, 0x35, 0x35, 0x35, 0x35, 0x35, 0x39, 0x34, 0x35, 0x30,
    0x36, 0x35, 0x35, 0x35, 0x3A, 0x3A, 0x35, 0x30, 0x3A, 0x36, 0x31, 0x35, 0x30, 0x31, 0x35, 0x31,
    0x35, 0x35, 0x30, 0x30, 0x25, 0x20, 0xFA, 0xEB, 0x35, 0x35, 0x30, 0x35, 0x30, 0x16, 0xF2, 0xF1,
    0x35, 0x35, 0x35, 0x35, 0x36, 0x16, 0xEC, 0xF8, 0x35, 0x30, 0x35, 0x35, 0x36, 0x16, 0xE2, 0xFA,
    0x05, 0x46, 0x30, 0x30, 0x2D, 0x30, 0x2B, 0x30, 0x04, 0x3A, 0x30, 0x2B, 0x2B, 0x2C, 0x30, 0x30,
    0x05, 0x25, 0x35, 0x30, 0x30, 0x30, 0x30, 0x30, 0x0D, 0x1A, 0x35, 0x2E, 0x2F, 0x34, 0x2F, 0x2C,
    0x30, 0x30, 0x30, 0x30, 0x30, 0x30, 0x35, 0x35, 0x2B, 0x30, 0x2B, 0x30, 0x30, 0x35, 0x35, 0x30,
    0x30, 0x30, 0x30, 0x30, 0x2F, 0x32, 0x30, 0x35, 0x30, 0x30, 0x30, 0x30, 0x2B, 0x30, 0x30, 0x30,
    0x30, 0x35, 0x35, 0x30, 0x07, 0x21, 0xC8, 0xD8, 0x35, 0x35, 0x30, 0x30, 0x08, 0x5F, 0x8C, 0xD3,
    0x35, 0x35, 0x30, 0x30, 0x0A, 0x0C, 0x30, 0xD5, 0x30, 0x30, 0x35, 0x30, 0x07, 0x4B, 0xD3, 0xD7,
    0x0A, 0x0A, 0x0A, 0x0A, 0x0A, 0x0A, 0x0A, 0x0C, 0x0A, 0x0A, 0x0A, 0x0A, 0x0A, 0x0A, 0x0C, 0x0E,
    0x0A, 0x0A, 0x0A, 0x0A, 0x0C, 0x0E, 0x16, 0x21, 0x00, 0x00, 0x00, 0x00, 0x00, 0x00, 0x00, 0x00,
    0x0D, 0x12, 0x1B, 0x2C, 0x1B, 0x2C, 0x9A, 0xD8, 0x17, 0x26, 0x3B, 0x40, 0x40, 0x32, 0x32, 0x4B,
    0x36, 0x40, 0x3B, 0x40, 0x50, 0x5C, 0x7C, 0xAA, 0x00, 0x00, 0x00, 0x00, 0x00, 0x00, 0x00, 0x00,
    0xDE, 0xDE, 0xEF, 0xF7, 0xF5, 0xF5, 0xF4, 0xF4, 0x61, 0x50, 0xED, 0xFF, 0xFE, 0xFE, 0xFE, 0xFD,
    0xCB, 0xD1, 0xDE, 0xF2, 0xFB, 0xFD, 0xFD, 0xFF, 0x00, 0x00, 0x00, 0x00, 0x00, 0x00, 0x00, 0x00,
    0xF4, 0xF4, 0xF4, 0xF4, 0xF5, 0xF6, 0xE5, 0xD9, 0xFD, 0xFD, 0xFD, 0xFD, 0xFE, 0xFE, 0xEB, 0x64,
    0xFF, 0xFF, 0xFF, 0xFF, 0xFF, 0xFF, 0xFB, 0xF3, 0x00, 0x00, 0x00, 0x00, 0x00, 0x00, 0x00, 0x00,
    0xDB, 0xDC, 0xF1, 0xF7, 0xF4, 0xF4, 0xF3, 0xF3, 0x89, 0xB2, 0xFA, 0xFF, 0xFF, 0xFF, 0xFF, 0xFF,
    0xF2, 0xF8, 0xFE, 0xFF, 0xFF, 0xFF, 0xFF, 0xFF, 0x00, 0x00, 0x00, 0x00, 0x00, 0x00, 0x00, 0x00,
    0xF3, 0xF2, 0xF1, 0xF1, 0xF1, 0xF1, 0xF1, 0xF1, 0xFF, 0xFF, 0xFF, 0xFF, 0xFF, 0xFF, 0xFF, 0xFF,
    0xFF, 0xFF, 0xFF, 0xFF, 0xFF, 0xFF, 0xFF, 0xFF, 0x00, 0x00, 0x00, 0x00, 0x00, 0x00, 0x00, 0x00,
    0xF1, 0xF1, 0xF1, 0xEF, 0xEF, 0xEF, 0xEF, 0xEF, 0xFF, 0xFF, 0xFF, 0xFF, 0xFF, 0xFE, 0xFF, 0xFF,
    0xFF, 0xFF, 0xFE, 0xFF, 0xFF, 0xFE, 0xFF, 0xFF, 0x00, 0x00, 0x00, 0x00, 0x00, 0x00, 0x00, 0x00,
    0xEF, 0xEF, 0xEF, 0xEF, 0xEF, 0xEF, 0xEF, 0xEF, 0xFF, 0xFF, 0xFF, 0xFF, 0xFF, 0xFF, 0xFE, 0xFE,
    0xFE, 0xFF, 0xFF, 0xFF, 0xFF, 0xFF, 0xFF, 0xFF, 0x00, 0x00, 0x00, 0x00, 0x00, 0x00, 0x00, 0x00,
    0xEF, 0xEF, 0xEE, 0xEF, 0xEE, 0xEE, 0xEE, 0xEE, 0xFE, 0xFE, 0xFE, 0xFE, 0xFE, 0xFE, 0xFE, 0xFE,
    0xFF, 0xFE, 0xFF, 0xFF, 0xFF, 0xFF, 0xFF, 0xFF, 0x00, 0x00, 0x00, 0x00, 0x00, 0x00, 0x00, 0x00,
    0xEE, 0xEE, 0xEE, 0xEF, 0xEF, 0xEE, 0xEE, 0xEE, 0xFF, 0xFF, 0xFE, 0xFE, 0xFE, 0xFE, 0xFE, 0xFE,
    0xFF, 0xFF, 0xFF, 0xFF, 0xFF, 0xFF, 0xFF, 0xFF, 0x00, 0x00, 0x00, 0x00, 0x00, 0x00, 0x00, 0x00,
    0xEE, 0xEE, 0xEE, 0xEE, 0xEE, 0xEE, 0xEE, 0xEE, 0xFE, 0xFE, 0xFE, 0xFE, 0xFE, 0xFE, 0xFE, 0xFE,
    0xFF, 0xFF, 0xFF, 0xFF, 0xFF, 0xFF, 0xFF, 0xFF, 0x00, 0x00, 0x00, 0x00, 0x00, 0x00, 0x00, 0x00,
    0xEE, 0xEE, 0xEE, 0xEE, 0xEF, 0xEF, 0xEF, 0xEF, 0xFE, 0xFE, 0xFE, 0xFF, 0xFF, 0xFF, 0xFF, 0xFF,
    0xFF, 0xFF, 0xFF, 0xFF, 0xFF, 0xFF, 0xFF, 0xFF, 0x00, 0x00, 0x00, 0x00, 0x00, 0x00, 0x00, 0x00,
    0xEE, 0xEF, 0xEE, 0xEF, 0xFA, 0xFA, 0xF8, 0xF8, 0xFF, 0xFF, 0xFF, 0xFF, 0xFF, 0xFE, 0xFD, 0xFD,
    0xFF, 0xFF, 0xFF, 0xFF, 0xFF, 0xFF, 0xFF, 0xFF, 0x00, 0x00, 0x00, 0x00, 0x00, 0x00, 0x00, 0x00,
    0xF8, 0xF9, 0xFA, 0xEF, 0xEE, 0xEF, 0xEF, 0xF3, 0xFD, 0xFC, 0xFC, 0xFC, 0xFC, 0xFC, 0xFC, 0xFE,
    0xFF, 0xFF, 0xFF, 0xFF, 0xFF, 0xFF, 0xFF, 0xFF, 0x00, 0x00, 0x00, 0x00, 0x00, 0x00, 0x00, 0x00,
    0xEF, 0xE0, 0xDD, 0xE0, 0xE1, 0xED, 0xEC, 0xEB, 0xF4, 0xBC, 0xC9, 0xD3, 0xE2, 0x93, 0x52, 0x50,
    0xFB, 0xE3, 0xDD, 0xE1, 0xE5, 0xBF, 0x54, 0x47, 0x00, 0x00, 0x00, 0x00, 0x00, 0x00, 0x00, 0x00,
    0xEB, 0xEA, 0xC4, 0x17, 0x1D, 0x1D, 0x1B, 0x0A, 0x52, 0x40, 0x22, 0x27, 0x22, 0x22, 0x1D, 0x0A,
    0x4B, 0x47, 0x47, 0x46, 0x36, 0x26, 0x21, 0x0C, 0x00, 0x00, 0x00, 0x00, 0x00, 0x00, 0x00, 0x00,
    0xAB, 0x4D, 0x45, 0x09, 0x12, 0x13, 0x13, 0x12, 0xBA, 0x59, 0x0D, 0x08, 0x13, 0x13, 0x12, 0x12,
    0xAA, 0xCB, 0x5C, 0x07, 0x12, 0x12, 0x12, 0x12, 0xAB, 0x27, 0x1A, 0x0A, 0x13, 0x12, 0x11, 0x12,
    0x13, 0x12, 0x12, 0x13, 0x13, 0x13, 0x13, 0x12, 0x12, 0x13, 0x12, 0x13, 0x12, 0x13, 0x12, 0x12,
    0x12, 0x12, 0x12, 0x12, 0x12, 0x12, 0x11, 0x12, 0x11, 0x12, 0x12, 0x12, 0x12, 0x11, 0x12, 0x12,
    0x13, 0x12, 0x13, 0x12, 0x13, 0x12, 0x12, 0x07, 0x12, 0x13, 0x12, 0x13, 0x13, 0x13, 0x12, 0x07,
    0x12, 0x12, 0x12, 0x12, 0x12, 0x13, 0x10, 0x05, 0x12, 0x12, 0x11, 0x12, 0x12, 0x12, 0x10, 0x05,
    0xB4, 0xF1, 0x59, 0x08, 0x17, 0x16, 0x13, 0x16, 0xD0, 0xEF, 0x47, 0x09, 0x17, 0x16, 0x13, 0x12,
    0xD8, 0xEF, 0x31, 0x09, 0x16, 0x13, 0x12, 0x12, 0xDC, 0xEF, 0x27, 0x09, 0x16, 0x13, 0x12, 0x11,
    0x13, 0x13, 0x13, 0x13, 0x13, 0x13, 0x13, 0x13, 0x12, 0x12, 0x12, 0x12, 0x11, 0x11, 0x12, 0x12,
    0x13, 0x12, 0x12, 0x11, 0x11, 0x10, 0x11, 0x11, 0x12, 0x12, 0x11, 0x11, 0x11, 0x0E, 0x11, 0x11,
    0x13, 0x16, 0x16, 0x16, 0x16, 0x17, 0x17, 0x19, 0x12, 0x12, 0x13, 0x13, 0x12, 0x16, 0x16, 0x16,
    0x11, 0x12, 0x11, 0x12, 0x12, 0x12, 0x13, 0x16, 0x10, 0x12, 0x11, 0x11, 0x11, 0x12, 0x12, 0x16,
    0x1B, 0x1B, 0x1D, 0x1D, 0x1F, 0x22, 0x22, 0x22, 0x19, 0x19, 0x1A, 0x1B, 0x1F, 0x1D, 0x21, 0x22,
    0x16, 0x19, 0x1A, 0x1B, 0x1B, 0x1C, 0x21, 0x21, 0x16, 0x16, 0x19, 0x19, 0x1B, 0x1C, 0x1D, 0x21,
    0x24, 0x26, 0x25, 0x27, 0x27, 0x30, 0x35, 0x35, 0x24, 0x24, 0x24, 0x26, 0x2B, 0x30, 0x30, 0x31,
    0x24, 0x25, 0x24, 0x27, 0x27, 0x27, 0x2B, 0x30, 0x21, 0x24, 0x26, 0x25, 0x25, 0x27, 0x2B, 0x2C,
    0x3A, 0x3A, 0x3B, 0x3A, 0x3B, 0x3E, 0x40, 0x45, 0x35, 0x36, 0x3A, 0x3B, 0x3E, 0x3B, 0x3E, 0x40,
    0x35, 0x36, 0x3A, 0x3E, 0x3B, 0x3A, 0x3E, 0x45, 0x35, 0x31, 0x36, 0x3B, 0x3E, 0x3E, 0x3B, 0x45,
    0x46, 0x47, 0x47, 0x45, 0x45, 0x47, 0x47, 0x47, 0x45, 0x46, 0x47, 0x45, 0x46, 0x45, 0x47, 0x47,
    0x46, 0x45, 0x45, 0x47, 0x46, 0x45, 0x46, 0x49, 0x40, 0x45, 0x45, 0x47, 0x46, 0x47, 0x46, 0x47,
    0x45, 0x45, 0x45, 0x45, 0x46, 0x40, 0x45, 0x3A, 0x47, 0x45, 0x46, 0x47, 0x46, 0x46, 0x45, 0x3A,
    0x47, 0x45, 0x45, 0x45, 0x40, 0x46, 0x45, 0x45, 0x47, 0x47, 0x45, 0x45, 0x40, 0x45, 0x45, 0x45,
    0x3B, 0x3A, 0x35, 0x35, 0x31, 0x31, 0x36, 0x35, 0x3A, 0x36, 0x35, 0x31, 0x35, 0x34, 0x35, 0x30,
    0x3B, 0x3B, 0x36, 0x31, 0x30, 0x34, 0x3A, 0x35, 0x3E, 0x3B, 0x3B, 0x35, 0x35, 0x35, 0x39, 0x35,
    0x35, 0x31, 0x30, 0x35, 0x35, 0x19, 0xD2, 0xFB, 0x30, 0x34, 0x35, 0x35, 0x35, 0x1C, 0xB8, 0xFB,
    0x35, 0x30, 0x30, 0x35, 0x3A, 0x1F, 0x83, 0xFA, 0x35, 0x35, 0x30, 0x30, 0x3A, 0x1F, 0x6E, 0xFA,
    0x2C, 0x13, 0x39, 0x2B, 0x2F, 0x2C, 0x2B, 0x2B, 0x54, 0x10, 0x3A, 0x2B, 0x30, 0x2B, 0x2C, 0x30,
    0x6E, 0x0D, 0x35, 0x2E, 0x2C, 0x30, 0x2E, 0x2C, 0x88, 0x0C, 0x35, 0x27, 0x2B, 0x2C, 0x27, 0x2B,
    0x2B, 0x30, 0x2B, 0x30, 0x30, 0x30, 0x30, 0x30, 0x2D, 0x2B, 0x30, 0x2B, 0x2B, 0x32, 0x2B, 0x30,
    0x2B, 0x30, 0x30, 0x2B, 0x30, 0x30, 0x2B, 0x30, 0x2E, 0x30, 0x2B, 0x2B, 0x2B, 0x2B, 0x2B, 0x30,
    0x35, 0x35, 0x30, 0x35, 0x09, 0x45, 0x4D, 0xCF, 0x34, 0x30, 0x34, 0x30, 0x08, 0x0D, 0x59, 0xD7,
    0x30, 0x35, 0x31, 0x30, 0x07, 0x5C, 0xCB, 0xD3, 0x30, 0x35, 0x30, 0x2B, 0x0A, 0x1A, 0x27, 0xCF,
    0x00, 0x00, 0x00, 0x00, 0x00, 0x00, 0x00, 0x00, 0x00, 0x00, 0x00, 0x00, 0x00, 0x00, 0x00, 0x00,
    0x00, 0x00, 0x00, 0x00, 0x00, 0x00, 0x00, 0x00, 0x00, 0x00, 0x00, 0x00, 0x00, 0x00, 0x00, 0x00,
    0x00, 0x00, 0x00, 0x00, 0x00, 0x00, 0x00, 0x00, 0x00, 0x00, 0x00, 0x00, 0x00, 0x00, 0x00, 0x00,
    0x00, 0x00, 0x00, 0x00, 0x00, 0x00, 0x00, 0x00, 0x00, 0x00, 0x00, 0x00, 0x00, 0x00, 0x00, 0x00,
    0x00, 0x00, 0x00, 0x00, 0x00, 0x00, 0x00, 0x00, 0x00, 0x00, 0x00, 0x00, 0x00, 0x00, 0x00, 0x00,
    0x00, 0x00, 0x00, 0x00, 0x00, 0x00, 0x00, 0x00, 0x00, 0x00, 0x00, 0x00, 0x00, 0x00, 0x00, 0x00,
    0x00, 0x00, 0x00, 0x00, 0x00, 0x00, 0x00, 0x00, 0x00, 0x00, 0x00, 0x00, 0x00, 0x00, 0x00, 0x00,
    0x00, 0x00, 0x00, 0x00, 0x00, 0x00, 0x00, 0x00, 0x00, 0x00, 0x00, 0x00, 0x00, 0x00, 0x00, 0x00,
    0x00, 0x00, 0x00, 0x00, 0x00, 0x00, 0x00, 0x00, 0x00, 0x00, 0x00, 0x00, 0x00, 0x00, 0x00, 0x00,
    0x00, 0x00, 0x00, 0x00, 0x00, 0x00, 0x00, 0x00, 0x00, 0x00, 0x00, 0x00, 0x00, 0x00, 0x00, 0x00,
    0x00, 0x00, 0x00, 0x00, 0x00, 0x00, 0x00, 0x00, 0x00, 0x00, 0x00, 0x00, 0x00, 0x00, 0x00, 0x00,
    0x00, 0x00, 0x00, 0x00, 0x00, 0x00, 0x00, 0x00, 0x00, 0x00, 0x00, 0x00, 0x00, 0x00, 0x00, 0x00,
    0x00, 0x00, 0x00, 0x00, 0x00, 0x00, 0x00, 0x00, 0x00, 0x00, 0x00, 0x00, 0x00, 0x00, 0x00, 0x00,
    0x00, 0x00, 0x00, 0x00, 0x00, 0x00, 0x00, 0x00, 0x00, 0x00, 0x00, 0x00, 0x00, 0x00, 0x00, 0x00,
    0x00, 0x00, 0x00, 0x00, 0x00, 0x00, 0x00, 0x00, 0x00, 0x00, 0x00, 0x00, 0x00, 0x00, 0x00, 0x00,
    0x00, 0x00, 0x00, 0x00, 0x00, 0x00, 0x00, 0x00, 0x00, 0x00, 0x00, 0x00, 0x00, 0x00, 0x00, 0x00,
    0x00, 0x00, 0x00, 0x00, 0x00, 0x00, 0x00, 0x00, 0x00, 0x00, 0x00, 0x00, 0x00, 0x00, 0x00, 0x00,
    0x00, 0x00, 0x00, 0x00, 0x00, 0x00, 0x00, 0x00, 0x00, 0x00, 0x00, 0x00, 0x00, 0x00, 0x00, 0x00,
    0x00, 0x00, 0x00, 0x00, 0x00, 0x00, 0x00, 0x00, 0x00, 0x00, 0x00, 0x00, 0x00, 0x00, 0x00, 0x00,
    0x00, 0x00, 0x00, 0x00, 0x00, 0x00, 0x00, 0x00, 0x00, 0x00, 0x00, 0x00, 0x00, 0x00, 0x00, 0x00,
    0x00, 0x00, 0x00, 0x00, 0x00, 0x00, 0x00, 0x00, 0x00, 0x00, 0x00, 0x00, 0x00, 0x00, 0x00, 0x00,
    0x00, 0x00, 0x00, 0x00, 0x00, 0x00, 0x00, 0x00, 0x00, 0x00, 0x00, 0x00, 0x00, 0x00, 0x00, 0x00,
    0x00, 0x00, 0x00, 0x00, 0x00, 0x00, 0x00, 0x00, 0x00, 0x00, 0x00, 0x00, 0x00, 0x00, 0x00, 0x00,
    0x00, 0x00, 0x00, 0x00, 0x00, 0x00, 0x00, 0x00, 0x00, 0x00, 0x00, 0x00, 0x00, 0x00, 0x00, 0x00,
    0x00, 0x00, 0x00, 0x00, 0x00, 0x00, 0x00, 0x00, 0x00, 0x00, 0x00, 0x00, 0x00, 0x00, 0x00, 0x00,
    0x00, 0x00, 0x00, 0x00, 0x00, 0x00, 0x00, 0x00, 0x00, 0x00, 0x00, 0x00, 0x00, 0x00, 0x00, 0x00,
    0x00, 0x00, 0x00, 0x00, 0x00, 0x00, 0x00, 0x00, 0x00, 0x00, 0x00, 0x00, 0x00, 0x00, 0x00, 0x00,
    0x00, 0x00, 0x00, 0x00, 0x00, 0x00, 0x00, 0x00, 0x00, 0x00, 0x00, 0x00, 0x00, 0x00, 0x00, 0x00,
    0x00, 0x00, 0x00, 0x00, 0x00, 0x00, 0x00, 0x00, 0x00, 0x00, 0x00, 0x00, 0x00, 0x00, 0x00, 0x00,
    0x00, 0x00, 0x00, 0x00, 0x00, 0x00, 0x00, 0x00, 0x00, 0x00, 0x00, 0x00, 0x00, 0x00, 0x00, 0x00,
    0x00, 0x00, 0x00, 0x00, 0x00, 0x00, 0x00, 0x00, 0x00, 0x00, 0x00, 0x00, 0x00, 0x00, 0x00, 0x00,
    0x00, 0x00, 0x00, 0x00, 0x00, 0x00, 0x00, 0x00, 0x00, 0x00, 0x00, 0x00, 0x00, 0x00, 0x00, 0x00,
    0xBA, 0xAA, 0x19, 0x07, 0x13, 0x12, 0x11, 0x12, 0xAE, 0xA8, 0x63, 0x07, 0x11, 0x12, 0x11, 0x11,
    0xB4, 0x26, 0x0D, 0x0A, 0x13, 0x12, 0x11, 0x12, 0xB4, 0xCF, 0x40, 0x07, 0x12, 0x11, 0x11, 0x11,
    0x12, 0x11, 0x12, 0x12, 0x11, 0x12, 0x11, 0x11, 0x11, 0x10, 0x12, 0x11, 0x12, 0x11, 0x11, 0x11,
    0x12, 0x12, 0x11, 0x11, 0x10, 0x11, 0x11, 0x11, 0x11, 0x11, 0x11, 0x12, 0x11, 0x10, 0x11, 0x11,
    0x12, 0x12, 0x11, 0x12, 0x11, 0x12, 0x10, 0x05, 0x11, 0x11, 0x11, 0x11, 0x11, 0x11, 0x10, 0x05,
    0x10, 0x10, 0x11, 0x11, 0x11, 0x12, 0x10, 0x05, 0x11, 0x11, 0x11, 0x11, 0x11, 0x11, 0x10, 0x05,
    0xDC, 0xF1, 0x27, 0x09, 0x13, 0x11, 0x11, 0x11, 0xD9, 0xEF, 0x26, 0x07, 0x12, 0x11, 0x10, 0x10,
    0xD1, 0xEF, 0x2C, 0x07, 0x10, 0x10, 0x0E, 0x0E, 0xBE, 0xEF, 0x40, 0x05, 0x10, 0x0E, 0x0D, 0x0D,
    0x10, 0x10, 0x10, 0x0E, 0x0E, 0x0E, 0x0E, 0x0E, 0x0E, 0x0E, 0x0E, 0x0E, 0x0D, 0x0D, 0x0D, 0x0E,
    0x0E, 0x0D, 0x0D, 0x0D, 0x0D, 0x0D, 0x0D, 0x0D, 0x0C, 0x0C, 0x0C, 0x0C, 0x0C, 0x0C, 0x0C, 0x0D,
    0x0E, 0x10, 0x10, 0x11, 0x11, 0x11, 0x12, 0x12, 0x0E, 0x10, 0x10, 0x10, 0x0E, 0x11, 0x11, 0x12,
    0x0E, 0x0E, 0x0E, 0x0E, 0x10, 0x10, 0x11, 0x12, 0x0D, 0x0D, 0x0E, 0x0E, 0x0E, 0x10, 0x10, 0x11,
    0x12, 0x16, 0x16, 0x16, 0x19, 0x19, 0x1D, 0x1D, 0x12, 0x13, 0x13, 0x16, 0x17, 0x19, 0x1B, 0x1B,
    0x12, 0x12, 0x12, 0x13, 0x16, 0x17, 0x19, 0x1B, 0x11, 0x12, 0x12, 0x12, 0x16, 0x16, 0x19, 0x1B,
    0x21, 0x22, 0x24, 0x25, 0x26, 0x27, 0x27, 0x2C, 0x1D, 0x22, 0x22, 0x24, 0x25, 0x27, 0x27, 0x2B,
    0x1D, 0x1F, 0x22, 0x22, 0x24, 0x26, 0x27, 0x27, 0x1B, 0x1F, 0x21, 0x21, 0x24, 0x25, 0x27, 0x27,
    0x30, 0x30, 0x36, 0x3A, 0x3B, 0x3A, 0x3B, 0x3B, 0x30, 0x31, 0x35, 0x36, 0x3A, 0x3E, 0x3A, 0x3E,
    0x2C, 0x2C, 0x35, 0x35, 0x3B, 0x3B, 0x3A, 0x3E, 0x2B, 0x30, 0x30, 0x35, 0x36, 0x3B, 0x3A, 0x3B,
    0x3E, 0x45, 0x45, 0x46, 0x45, 0x46, 0x47, 0x47, 0x3E, 0x46, 0x46, 0x45, 0x47, 0x46, 0x47, 0x46,
    0x3E, 0x45, 0x3E, 0x45, 0x46, 0x45, 0x46, 0x47, 0x3B, 0x3E, 0x45, 0x45, 0x46, 0x46, 0x47, 0x45,
    0x47, 0x47, 0x47, 0x45, 0x46, 0x45, 0x45, 0x46, 0x46, 0x47, 0x47, 0x45, 0x45, 0x45, 0x46, 0x45,
    0x47, 0x47, 0x47, 0x45, 0x45, 0x45, 0x45, 0x47, 0x46, 0x47, 0x46, 0x47, 0x45, 0x40, 0x45, 0x46,
    0x3E, 0x3E, 0x3A, 0x36, 0x31, 0x31, 0x36, 0x36, 0x3E, 0x3E, 0x3A, 0x3A, 0x35, 0x35, 0x35, 0x35,
    0x3E, 0x3E, 0x3A, 0x36, 0x31, 0x35, 0x35, 0x36, 0x45, 0x3E, 0x3A, 0x3A, 0x36, 0x35, 0x35, 0x36,
    0x30, 0x30, 0x35, 0x35, 0x35, 0x1F, 0x72, 0xFA, 0x35, 0x30, 0x35, 0x35, 0x3A, 0x1F, 0x7B, 0xFA,
    0x35, 0x35, 0x30, 0x30, 0x35, 0x1F, 0xA0, 0xFA, 0x35, 0x30, 0x35, 0x35, 0x35, 0x1B, 0xCC, 0xFB,
    0x83, 0x0C, 0x30, 0x27, 0x2B, 0x27, 0x27, 0x2B, 0x72, 0x0C, 0x35, 0x2B, 0x27, 0x2F, 0x2E, 0x2D,
    0x5C, 0x0D, 0x35, 0x27, 0x27, 0x2B, 0x2B, 0x2F, 0x3B, 0x11, 0x35, 0x27, 0x2B, 0x27, 0x28, 0x27,
    0x30, 0x30, 0x2B, 0x30, 0x2B, 0x30, 0x30, 0x2B, 0x2B, 0x2B, 0x30, 0x2B, 0x2B, 0x30, 0x2B, 0x30,
    0x2B, 0x2B, 0x2F, 0x2B, 0x2B, 0x30, 0x30, 0x30, 0x2B, 0x2E, 0x2B, 0x2B, 0x30, 0x2B, 0x2B, 0x2B,
    0x30, 0x30, 0x30, 0x30, 0x07, 0x19, 0xAA, 0xD7, 0x30, 0x30, 0x2E, 0x34, 0x07, 0x63, 0xA8, 0xD3,
    0x30, 0x31, 0x2E, 0x2B, 0x0A, 0x0D, 0x26, 0xD3, 0x2B, 0x2B, 0x30, 0x2B, 0x07, 0x40, 0xCF, 0xD5,
    0x00, 0x00, 0x00, 0x00, 0x00, 0x00, 0x00, 0x00, 0x00, 0x00, 0x00, 0x00, 0x00, 0x00, 0x00, 0x00,
    0x00, 0x00, 0x00, 0x00, 0x00, 0x00, 0x00, 0x00, 0x00, 0x00, 0x00, 0x00, 0x00, 0x00, 0x00, 0x00,
    0x00, 0x00, 0x00, 0x00, 0x00, 0x00, 0x00, 0x00, 0x00, 0x00, 0x00, 0x00, 0x00, 0x00, 0x00, 0x00,
    0x00, 0x00, 0x00, 0x00, 0x00, 0x00, 0x00, 0x00, 0x00, 0x00, 0x00, 0x00, 0x00, 0x00, 0x00, 0x00,
    0x00, 0x00, 0x00, 0x00, 0x00, 0x00, 0x00, 0x00, 0x00, 0x00, 0x00, 0x00, 0x00, 0x00, 0x00, 0x00,
    0x00, 0x00, 0x00, 0x00, 0x00, 0x00, 0x00, 0x00, 0x00, 0x00, 0x00, 0x00, 0x00, 0x00, 0x00, 0x00,
    0x00, 0x00, 0x00, 0x00, 0x00, 0x00, 0x00, 0x00, 0x00, 0x00, 0x00, 0x00, 0x00, 0x00, 0x00, 0x00,
    0x00, 0x00, 0x00, 0x00, 0x00, 0x00, 0x00, 0x00, 0x00, 0x00, 0x00, 0x00, 0x00, 0x00, 0x00, 0x00,
    0x00, 0x00, 0x00, 0x00, 0x00, 0x00, 0x00, 0x00, 0x00, 0x00, 0x00, 0x00, 0x00, 0x00, 0x00, 0x00,
    0x00, 0x00, 0x00, 0x00, 0x00, 0x00, 0x00, 0x00, 0x00, 0x00, 0x00, 0x00, 0x00, 0x00, 0x00, 0x00,
    0x00, 0x00, 0x00, 0x00, 0x00, 0x00, 0x00, 0x00, 0x00, 0x00, 0x00, 0x00, 0x00, 0x00, 0x00, 0x00,
    0x00, 0x00, 0x00, 0x00, 0x00, 0x00, 0x00, 0x00, 0x00, 0x00, 0x00, 0x00, 0x00, 0x00, 0x00, 0x00,
    0x00, 0x00, 0x00, 0x00, 0x00, 0x00, 0x00, 0x00, 0x00, 0x00, 0x00, 0x00, 0x00, 0x00, 0x00, 0x00,
    0x00, 0x00, 0x00, 0x00, 0x00, 0x00, 0x00, 0x00, 0x00, 0x00, 0x00, 0x00, 0x00, 0x00, 0x00, 0x00,
    0x00, 0x00, 0x00, 0x00, 0x00, 0x00, 0x00, 0x00, 0x00, 0x00, 0x00, 0x00, 0x00, 0x00, 0x00, 0x00,
    0x00, 0x00, 0x00, 0x00, 0x00, 0x00, 0x00, 0x00, 0x00, 0x00, 0x00, 0x00, 0x00, 0x00, 0x00, 0x00,
    0x00, 0x00, 0x00, 0x00, 0x00, 0x00, 0x00, 0x00, 0x00, 0x00, 0x00, 0x00, 0x00, 0x00, 0x00, 0x00,
    0x00, 0x00, 0x00, 0x00, 0x00, 0x00, 0x00, 0x00, 0x00, 0x00, 0x00, 0x00, 0x00, 0x00, 0x00, 0x00,
    0x00, 0x00, 0x00, 0x00, 0x00, 0x00, 0x00, 0x00, 0x00, 0x00, 0x00, 0x00, 0x00, 0x00, 0x00, 0x00,
    0x00, 0x00, 0x00, 0x00, 0x00, 0x00, 0x00, 0x00, 0x00, 0x00, 0x00, 0x00, 0x00, 0x00, 0x00, 0x00,
    0x00, 0x00, 0x00, 0x00, 0x00, 0x00, 0x00, 0x00, 0x00, 0x00, 0x00, 0x00, 0x00, 0x00, 0x00, 0x00,
    0x00, 0x00, 0x00, 0x00, 0x00, 0x00, 0x00, 0x00, 0x00, 0x00, 0x00, 0x00, 0x00, 0x00, 0x00, 0x00,
    0x00, 0x00, 0x00, 0x00, 0x00, 0x00, 0x00, 0x00, 0x00, 0x00, 0x00, 0x00, 0x00, 0x00, 0x00, 0x00,
    0x00, 0x00, 0x00, 0x00, 0x00, 0x00, 0x00, 0x00, 0x00, 0x00, 0x00, 0x00, 0x00, 0x00, 0x00, 0x00,
    0x00, 0x00, 0x00, 0x00, 0x00, 0x00, 0x00, 0x00, 0x00, 0x00, 0x00, 0x00, 0x00, 0x00, 0x00, 0x00,
    0x00, 0x00, 0x00, 0x00, 0x00, 0x00, 0x00, 0x00, 0x00, 0x00, 0x00, 0x00, 0x00, 0x00, 0x00, 0x00,
    0x00, 0x00, 0x00, 0x00, 0x00, 0x00, 0x00, 0x00, 0x00, 0x00, 0x00, 0x00, 0x00, 0x00, 0x00, 0x00,
    0x00, 0x00, 0x00, 0x00, 0x00, 0x00, 0x00, 0x00, 0x00, 0x00, 0x00, 0x00, 0x00, 0x00, 0x00, 0x00,
    0x00, 0x00, 0x00, 0x00, 0x00, 0x00, 0x00, 0x00, 0x00, 0x00, 0x00, 0x00, 0x00, 0x00, 0x00, 0x00,
    0x00, 0x00, 0x00, 0x00, 0x00, 0x00, 0x00, 0x00, 0x00, 0x00, 0x00, 0x00, 0x00, 0x00, 0x00, 0x00,
    0x00, 0x00, 0x00, 0x00, 0x00, 0x00, 0x00, 0x00, 0x00, 0x00, 0x00, 0x00, 0x00, 0x00, 0x00, 0x00,
    0x00, 0x00, 0x00, 0x00, 0x00, 0x00, 0x00, 0x00, 0x00, 0x00, 0x00, 0x00, 0x00, 0x00, 0x00, 0x00,
    0xA3, 0x58, 0x50, 0x08, 0x11, 0x11, 0x11, 0x11, 0xB9, 0x4B, 0x09, 0x09, 0x13, 0x11, 0x11, 0x11,
    0xA9, 0xD3, 0x5F, 0x05, 0x12, 0x11, 0x11, 0x11, 0xA3, 0x30, 0x25, 0x08, 0x10, 0x11, 0x10, 0x11,
    0x11, 0x11, 0x11, 0x11, 0x12, 0x11, 0x11, 0x11, 0x11, 0x11, 0x12, 0x11, 0x10, 0x0E, 0x0E, 0x11,
    0x10, 0x10, 0x11, 0x0E, 0x08, 0x09, 0x0A, 0x07, 0x10, 0x11, 0x0C, 0x09, 0x52, 0xD8, 0xE6, 0xE1,
    0x11, 0x10, 0x11, 0x11, 0x11, 0x11, 0x11, 0x05, 0x11, 0x11, 0x10, 0x10, 0x11, 0x10, 0x12, 0x05,
    0x07, 0x0E, 0x12, 0x10, 0x10, 0x10, 0x12, 0x07, 0x59, 0x07, 0x0C, 0x12, 0x11, 0x11, 0x11, 0x09,
    0x7B, 0xEF, 0x52, 0x04, 0x0E, 0x0D, 0x0C, 0x0C, 0x45, 0xF1, 0xA8, 0x04, 0x0C, 0x0C, 0x0C, 0x0C,
    0x19, 0xF1, 0xDA, 0x04, 0x0A, 0x0C, 0x0A, 0x09, 0x0C, 0xED, 0xE8, 0x07, 0x07, 0x0C, 0x0A, 0x09,
    0x0C, 0x0C, 0x0C, 0x0C, 0x0C, 0x0C, 0x0C, 0x0C, 0x0C, 0x0A, 0x09, 0x09, 0x0A, 0x0A, 0x0A, 0x0C,
    0x09, 0x09, 0x09, 0x09, 0x09, 0x09, 0x0A, 0x09, 0x08, 0x09, 0x09, 0x09, 0x09, 0x09, 0x09, 0x0A,
    0x0C, 0x0C, 0x0E, 0x0E, 0x0E, 0x0E, 0x10, 0x10, 0x0C, 0x0C, 0x0C, 0x0C, 0x0E, 0x0E, 0x0E, 0x0E,
    0x0A, 0x0C, 0x0C, 0x0C, 0x0D, 0x0E, 0x0E, 0x0E, 0x09, 0x0C, 0x0C, 0x0C, 0x0C, 0x0D, 0x0D, 0x0E,
    0x10, 0x11, 0x12, 0x12, 0x13, 0x13, 0x17, 0x19, 0x10, 0x10, 0x10, 0x11, 0x12, 0x13, 0x16, 0x16,
    0x10, 0x10, 0x11, 0x11, 0x11, 0x12, 0x13, 0x16, 0x10, 0x11, 0x11, 0x11, 0x11, 0x12, 0x13, 0x16,
    0x1B, 0x1C, 0x21, 0x21, 0x22, 0x24, 0x25, 0x27, 0x19, 0x1B, 0x1F, 0x21, 0x21, 0x22, 0x25, 0x25,
    0x19, 0x1B, 0x1C, 0x1D, 0x22, 0x24, 0x25, 0x25, 0x19, 0x1B, 0x1A, 0x1F, 0x21, 0x22, 0x24, 0x25,
    0x2B, 0x2B, 0x30, 0x30, 0x31, 0x3B, 0x3B, 0x3B, 0x27, 0x27, 0x30, 0x30, 0x30, 0x36, 0x36, 0x3A,
    0x26, 0x27, 0x30, 0x30, 0x31, 0x35, 0x3A, 0x3A, 0x26, 0x27, 0x2C, 0x30, 0x35, 0x35, 0x35, 0x3A,
    0x3B, 0x40, 0x3E, 0x45, 0x45, 0x46, 0x45, 0x47, 0x3A, 0x3B, 0x45, 0x45, 0x46, 0x47, 0x45, 0x45,
    0x3B, 0x3A, 0x3B, 0x40, 0x45, 0x46, 0x45, 0x46, 0x3A, 0x3B, 0x3E, 0x45, 0x40, 0x45, 0x45, 0x45,
    0x46, 0x47, 0x47, 0x45, 0x45, 0x45, 0x45, 0x45, 0x45, 0x46, 0x47, 0x46, 0x40, 0x45, 0x40, 0x40,
    0x45, 0x47, 0x47, 0x47, 0x47, 0x45, 0x40, 0x46, 0x45, 0x46, 0x45, 0x47, 0x45, 0x40, 0x45, 0x40,
    0x45, 0x3E, 0x3E, 0x36, 0x36, 0x31, 0x30, 0x35, 0x45, 0x3E, 0x3A, 0x3E, 0x3A, 0x30, 0x35, 0x35,
    0x45, 0x3E, 0x3E, 0x3A, 0x36, 0x30, 0x35, 0x35, 0x3E, 0x45, 0x3E, 0x36, 0x36, 0x39, 0x35, 0x35,
    0x35, 0x30, 0x30, 0x30, 0x35, 0x17, 0xDE, 0xFA, 0x35, 0x35, 0x30, 0x30, 0x30, 0x17, 0xE8, 0xF8,
    0x35, 0x35, 0x31, 0x35, 0x2C, 0x16, 0xEF, 0xF1, 0x35, 0x30, 0x35, 0x35, 0x27, 0x19, 0xF7, 0xEC,
    0x12, 0x17, 0x30, 0x27, 0x27, 0x27, 0x27, 0x2B, 0x07, 0x20, 0x30, 0x2B, 0x27, 0x2B, 0x27, 0x2B,
    0x05, 0x2E, 0x2B, 0x27, 0x27, 0x27, 0x27, 0x27, 0x05, 0x3A, 0x27, 0x27, 0x2B, 0x27, 0x27, 0x2B,
    0x2B, 0x2F, 0x2B, 0x27, 0x2B, 0x30, 0x2B, 0x2B, 0x2B, 0x27, 0x2F, 0x2B, 0x2D, 0x30, 0x2B, 0x2B,
    0x27, 0x2B, 0x30, 0x2B, 0x2B, 0x30, 0x2B, 0x2B, 0x2B, 0x2B, 0x2B, 0x27, 0x2E, 0x2B, 0x30, 0x30,
    0x30, 0x30, 0x30, 0x2B, 0x08, 0x50, 0x58, 0xCE, 0x2B, 0x2B, 0x2B, 0x2B, 0x09, 0x09, 0x4B, 0xD3,
    0x30, 0x2B, 0x2B, 0x30, 0x05, 0x5F, 0xD3, 0xD3, 0x30, 0x30, 0x30, 0x2B, 0x08, 0x25, 0x30, 0xCE,
    0x00, 0x00, 0x00, 0x00, 0x00, 0x00, 0x00, 0x00, 0x00, 0x00, 0x00, 0x00, 0x00, 0x00, 0x00, 0x00,
    0x00, 0x00, 0x00, 0x00, 0x00, 0x00, 0x00, 0x00, 0x00, 0x00, 0x00, 0x00, 0x00, 0x00, 0x00, 0x00,
    0x00, 0x00, 0x00, 0x00, 0x00, 0x00, 0x00, 0x00, 0x00, 0x00, 0x00, 0x00, 0x00, 0x00, 0x00, 0x00,
    0x00, 0x00, 0x00, 0x00, 0x00, 0x00, 0x00, 0x00, 0x00, 0x00, 0x00, 0x00, 0x00, 0x00, 0x00, 0x00,
    0x00, 0x00, 0x00, 0x00, 0x00, 0x00, 0x00, 0x00, 0x00, 0x00, 0x00, 0x00, 0x00, 0x00, 0x00, 0x00,
    0x00, 0x00, 0x00, 0x00, 0x00, 0x00, 0x00, 0x00, 0x00, 0x00, 0x00, 0x00, 0x00, 0x00, 0x00, 0x00,
    0x00, 0x00, 0x00, 0x00, 0x00, 0x00, 0x00, 0x00, 0x00, 0x00, 0x00, 0x00, 0x00, 0x00, 0x00, 0x00,
    0x00, 0x00, 0x00, 0x00, 0x00, 0x00, 0x00, 0x00, 0x00, 0x00, 0x00, 0x00, 0x00, 0x00, 0x00, 0x00,
    0x00, 0x00, 0x00, 0x00, 0x00, 0x00, 0x00, 0x00, 0x00, 0x00, 0x00, 0x00, 0x00, 0x00, 0x00, 0x00,
    0x00, 0x00, 0x00, 0x00, 0x00, 0x00, 0x00, 0x00, 0x00, 0x00, 0x00, 0x00, 0x00, 0x00, 0x00, 0x00,
    0x00, 0x00, 0x00, 0x00, 0x00, 0x00, 0x00, 0x00, 0x00, 0x00, 0x00, 0x00, 0x00, 0x00, 0x00, 0x00,
    0x00, 0x00, 0x00, 0x00, 0x00, 0x00, 0x00, 0x00, 0x00, 0x00, 0x00, 0x00, 0x00, 0x00, 0x00, 0x00,
    0x00, 0x00, 0x00, 0x00, 0x00, 0x00, 0x00, 0x00, 0x00, 0x00, 0x00, 0x00, 0x00, 0x00, 0x00, 0x00,
    0x00, 0x00, 0x00, 0x00, 0x00, 0x00, 0x00, 0x00, 0x00, 0x00, 0x00, 0x00, 0x00, 0x00, 0x00, 0x00,
    0x00, 0x00, 0x00, 0x00, 0x00, 0x00, 0x00, 0x00, 0x00, 0x00, 0x00, 0x00, 0x00, 0x00, 0x00, 0x00,
    0x00, 0x00, 0x00, 0x00, 0x00, 0x00, 0x00, 0x00, 0x00, 0x00, 0x00, 0x00, 0x00, 0x00, 0x00, 0x00,
    0x00, 0x00, 0x00, 0x00, 0x00, 0x00, 0x00, 0x00, 0x00, 0x00, 0x00, 0x00, 0x00, 0x00, 0x00, 0x00,
    0x00, 0x00, 0x00, 0x00, 0x00, 0x00, 0x00, 0x00, 0x00, 0x00, 0x00, 0x00, 0x00, 0x00, 0x00, 0x00,
    0x00, 0x00, 0x00, 0x00, 0x00, 0x00, 0x00, 0x00, 0x00, 0x00, 0x00, 0x00, 0x00, 0x00, 0x00, 0x00,
    0x00, 0x00, 0x00, 0x00, 0x00, 0x00, 0x00, 0x00, 0x00, 0x00, 0x00, 0x00, 0x00, 0x00, 0x00, 0x00,
    0x00, 0x00, 0x00, 0x00, 0x00, 0x00, 0x00, 0x00, 0x00, 0x00, 0x00, 0x00, 0x00, 0x00, 0x00, 0x00,
    0x00, 0x00, 0x00, 0x00, 0x00, 0x00, 0x00, 0x00, 0x00, 0x00, 0x00, 0x00, 0x00, 0x00, 0x00, 0x00,
    0x00, 0x00, 0x00, 0x00, 0x00, 0x00, 0x00, 0x00, 0x00, 0x00, 0x00, 0x00, 0x00, 0x00, 0x00, 0x00,
    0x00, 0x00, 0x00, 0x00, 0x00, 0x00, 0x00, 0x00, 0x00, 0x00, 0x00, 0x00, 0x00, 0x00, 0x00, 0x00,
    0x00, 0x00, 0x00, 0x00, 0x00, 0x00, 0x00, 0x00, 0x00, 0x00, 0x00, 0x00, 0x00, 0x00, 0x00, 0x00,
    0x00, 0x00, 0x00, 0x00, 0x00, 0x00, 0x00, 0x00, 0x00, 0x00, 0x00, 0x00, 0x00, 0x00, 0x00, 0x00,
    0x00, 0x00, 0x00, 0x00, 0x00, 0x00, 0x00, 0x00, 0x00, 0x00, 0x00, 0x00, 0x00, 0x00, 0x00, 0x00,
    0x00, 0x00, 0x00, 0x00, 0x00, 0x00, 0x00, 0x00, 0x00, 0x00, 0x00, 0x00, 0x00, 0x00, 0x00, 0x00,
    0x00, 0x00, 0x00, 0x00, 0x00, 0x00, 0x00, 0x00, 0x00, 0x00, 0x00, 0x00, 0x00, 0x00, 0x00, 0x00,
    0x00, 0x00, 0x00, 0x00, 0x00, 0x00, 0x00, 0x00, 0x00, 0x00, 0x00, 0x00, 0x00, 0x00, 0x00, 0x00,
    0x00, 0x00, 0x00, 0x00, 0x00, 0x00, 0x00, 0x00, 0x00, 0x00, 0x00, 0x00, 0x00, 0x00, 0x00, 0x00,
    0x00, 0x00, 0x00, 0x00, 0x00, 0x00, 0x00, 0x00, 0x00, 0x00, 0x00, 0x00, 0x00, 0x00, 0x00, 0x00,
    0xB9, 0x76, 0x11, 0x07, 0x13, 0x11, 0x11, 0x10, 0xA9, 0xCB, 0x69, 0x07, 0x10, 0x11, 0x11, 0x10,
    0xAB, 0x24, 0x12, 0x09, 0x11, 0x10, 0x10, 0x12, 0xAF, 0xB9, 0x22, 0x07, 0x11, 0x10, 0x11, 0x11,
    0x11, 0x09, 0x09, 0xDE, 0xED, 0xE1, 0xD5, 0xE2, 0x0E, 0x04, 0xCE, 0xEE, 0x53, 0x23, 0x55, 0x6C,
    0x09, 0x11, 0xEA, 0x9B, 0x12, 0x45, 0x59, 0x7B, 0x05, 0x4B, 0xEB, 0x3B, 0x4D, 0xD3, 0xD5, 0xE1,
    0xEE, 0xE4, 0x07, 0x0C, 0x11, 0x11, 0x11, 0x0D, 0x82, 0xED, 0xDE, 0x04, 0x12, 0x10, 0x10, 0x11,
    0xB6, 0xC9, 0xEC, 0x08, 0x09, 0x12, 0x10, 0x12, 0xE6, 0xCA, 0xE6, 0x49, 0x04, 0x13, 0x10, 0x11,
    0x05, 0xE4, 0xEC, 0x08, 0x05, 0x0A, 0x09, 0x09, 0x04, 0xBE, 0xF2, 0x26, 0x04, 0x0C, 0x09, 0x08,
    0x05, 0x3A, 0xF2, 0x8C, 0x04, 0x08, 0x08, 0x08, 0x09, 0x08, 0xED, 0xE2, 0x04, 0x05, 0x08, 0x07,
    0x09, 0x08, 0x08, 0x08, 0x08, 0x09, 0x09, 0x09, 0x08, 0x08, 0x08, 0x08, 0x08, 0x08, 0x08, 0x09,
    0x07, 0x07, 0x07, 0x07, 0x07, 0x07, 0x08, 0x08, 0x07, 0x07, 0x07, 0x07, 0x07, 0x07, 0x07, 0x07,
    0x09, 0x09, 0x0A, 0x0A, 0x0C, 0x0C, 0x0C, 0x0D, 0x09, 0x09, 0x09, 0x0A, 0x0C, 0x0C, 0x0C, 0x0D,
    0x08, 0x08, 0x09, 0x09, 0x0A, 0x0A, 0x0C, 0x0D, 0x08, 0x08, 0x09, 0x09, 0x0A, 0x0A, 0x0C, 0x0C,
    0x0E, 0x10, 0x10, 0x11, 0x11, 0x11, 0x12, 0x13, 0x0E, 0x0D, 0x10, 0x10, 0x11, 0x11, 0x12, 0x13,
    0x0D, 0x0E, 0x10, 0x10, 0x10, 0x11, 0x12, 0x12, 0x0D, 0x0D, 0x0D, 0x10, 0x10, 0x11, 0x11, 0x12,
    0x16, 0x17, 0x1B, 0x1C, 0x20, 0x22, 0x24, 0x25, 0x16, 0x17, 0x1A, 0x1C, 0x1F, 0x21, 0x22, 0x25,
    0x13, 0x16, 0x19, 0x1A, 0x1C, 0x1F, 0x21, 0x22, 0x13, 0x17, 0x17, 0x1B, 0x1D, 0x1D, 0x21, 0x17,
    0x27, 0x2B, 0x27, 0x30, 0x30, 0x31, 0x3A, 0x36, 0x26, 0x27, 0x2B, 0x2C, 0x30, 0x31, 0x31, 0x36,
    0x26, 0x27, 0x27, 0x2B, 0x2B, 0x34, 0x35, 0x36, 0x19, 0x2A, 0x27, 0x2C, 0x2B, 0x30, 0x31, 0x35,
    0x3A, 0x3B, 0x3E, 0x45, 0x3E, 0x45, 0x45, 0x46, 0x3A, 0x3B, 0x3B, 0x3E, 0x40, 0x40, 0x40, 0x45,
    0x3A, 0x3A, 0x3A, 0x3E, 0x45, 0x46, 0x45, 0x45, 0x3A, 0x3A, 0x3A, 0x3B, 0x40, 0x45, 0x45, 0x45,
    0x46, 0x46, 0x47, 0x47, 0x46, 0x3E, 0x45, 0x45, 0x45, 0x45, 0x47, 0x45, 0x45, 0x45, 0x45, 0x3E,
    0x45, 0x40, 0x47, 0x46, 0x47, 0x40, 0x40, 0x45, 0x45, 0x40, 0x45, 0x46, 0x46, 0x40, 0x3E, 0x45,
    0x40, 0x45, 0x3E, 0x3A, 0x3A, 0x3A, 0x30, 0x31, 0x45, 0x45, 0x3E, 0x3B, 0x3A, 0x36, 0x30, 0x31,
    0x3E, 0x45, 0x3E, 0x3A, 0x3A, 0x36, 0x30, 0x31, 0x3B, 0x45, 0x3E, 0x3E, 0x3A, 0x3A, 0x30, 0x31,
    0x35, 0x35, 0x35, 0x35, 0x1F, 0x45, 0xFA, 0xD3, 0x35, 0x35, 0x31, 0x30, 0x16, 0xC7, 0xFA, 0x22,
    0x30, 0x35, 0x35, 0x35, 0x0E, 0xEC, 0xF9, 0x07, 0x30, 0x30, 0x35, 0x2B, 0x11, 0xF7, 0xEC, 0x05,
    0x07, 0x3E, 0x27, 0x27, 0x2B, 0x2B, 0x27, 0x27, 0x16, 0x30, 0x27, 0x27, 0x27, 0x27, 0x2B, 0x2B,
    0x2B, 0x27, 0x25, 0x25, 0x2B, 0x2B, 0x27, 0x25, 0x30, 0x25, 0x27, 0x25, 0x25, 0x2B, 0x27, 0x26,
    0x27, 0x27, 0x2F, 0x2B, 0x2B, 0x2B, 0x2B, 0x2B, 0x25, 0x27, 0x2B, 0x27, 0x27, 0x2B, 0x27, 0x2B,
    0x27, 0x27, 0x2B, 0x2B, 0x27, 0x2B, 0x30, 0x2B, 0x27, 0x27, 0x25, 0x2B, 0x2B, 0x2F, 0x2E, 0x2B,
    0x30, 0x2B, 0x2B, 0x2B, 0x07, 0x11, 0x76, 0xD5, 0x30, 0x2B, 0x2B, 0x27, 0x07, 0x69, 0xCB, 0xD1,
    0x2B, 0x2B, 0x30, 0x27, 0x09, 0x12, 0x24, 0xCF, 0x2B, 0x2B, 0x2B, 0x27, 0x07, 0x22, 0xB9, 0xD5,
    0x00, 0x00, 0x00, 0x00, 0x00, 0x00, 0x00, 0x00, 0x00, 0x00, 0x00, 0x00, 0x00, 0x00, 0x00, 0x00,
    0x00, 0x00, 0x00, 0x00, 0x00, 0x00, 0x00, 0x00, 0x00, 0x00, 0x00, 0x00, 0x00, 0x00, 0x00, 0x00,
    0x00, 0x00, 0x00, 0x00, 0x00, 0x00, 0x00, 0x00, 0x00, 0x00, 0x00, 0x00, 0x00, 0x00, 0x00, 0x00,
    0x00, 0x00, 0x00, 0x00, 0x00, 0x00, 0x00, 0x00, 0x00, 0x00, 0x00, 0x00, 0x00, 0x00, 0x00, 0x00,
    0x00, 0x00, 0x00, 0x00, 0x00, 0x00, 0x00, 0x00, 0x00, 0x00, 0x00, 0x00, 0x00, 0x00, 0x00, 0x00,
    0x00, 0x00, 0x00, 0x00, 0x00, 0x00, 0x00, 0x00, 0x00, 0x00, 0x00, 0x00, 0x00, 0x00, 0x00, 0x00,
    0x00, 0x00, 0x00, 0x00, 0x00, 0x00, 0x00, 0x00, 0x00, 0x00, 0x00, 0x00, 0x00, 0x00, 0x00, 0x00,
    0x00, 0x00, 0x00, 0x00, 0x00, 0x00, 0x00, 0x00, 0x00, 0x00, 0x00, 0x00, 0x00, 0x00, 0x00, 0x00,
    0x00, 0x00, 0x00, 0x00, 0x00, 0x00, 0x00, 0x00, 0x00, 0x00, 0x00, 0x00, 0x00, 0x00, 0x00, 0x00,
    0x00, 0x00, 0x00, 0x00, 0x00, 0x00, 0x00, 0x00, 0x00, 0x00, 0x00, 0x00, 0x00, 0x00, 0x00, 0x00,
    0x00, 0x00, 0x00, 0x00, 0x00, 0x00, 0x00, 0x00, 0x00, 0x00, 0x00, 0x00, 0x00, 0x00, 0x00, 0x00,
    0x00, 0x00, 0x00, 0x00, 0x00, 0x00, 0x00, 0x00, 0x00, 0x00, 0x00, 0x00, 0x00, 0x00, 0x00, 0x00,
    0x00, 0x00, 0x00, 0x00, 0x00, 0x00, 0x00, 0x00, 0x00, 0x00, 0x00, 0x00, 0x00, 0x00, 0x00, 0x00,
    0x00, 0x00, 0x00, 0x00, 0x00, 0x00, 0x00, 0x00, 0x00, 0x00, 0x00, 0x00, 0x00, 0x00, 0x00, 0x00,
    0x00, 0x00, 0x00, 0x00, 0x00, 0x00, 0x00, 0x00, 0x00, 0x00, 0x00, 0x00, 0x00, 0x00, 0x00, 0x00,
    0x00, 0x00, 0x00, 0x00, 0x00, 0x00, 0x00, 0x00, 0x00, 0x00, 0x00, 0x00, 0x00, 0x00, 0x00, 0x00,
    0x00, 0x00, 0x00, 0x00, 0x00, 0x00, 0x00, 0x00, 0x00, 0x00, 0x00, 0x00, 0x00, 0x00, 0x00, 0x00,
    0x00, 0x00, 0x00, 0x00, 0x00, 0x00, 0x00, 0x00, 0x00, 0x00, 0x00, 0x00, 0x00, 0x00, 0x00, 0x00,
    0x00, 0x00, 0x00, 0x00, 0x00, 0x00, 0x00, 0x00, 0x00, 0x00, 0x00, 0x00, 0x00, 0x00, 0x00, 0x00,
    0x00, 0x00, 0x00, 0x00, 0x00, 0x00, 0x00, 0x00, 0x00, 0x00, 0x00, 0x00, 0x00, 0x00, 0x00, 0x00,
    0x00, 0x00, 0x00, 0x00, 0x00, 0x00, 0x00, 0x00, 0x00, 0x00, 0x00, 0x00, 0x00, 0x00, 0x00, 0x00,
    0x00, 0x00, 0x00, 0x00, 0x00, 0x00, 0x00, 0x00, 0x00, 0x00, 0x00, 0x00, 0x00, 0x00, 0x00, 0x00,
    0x00, 0x00, 0x00, 0x00, 0x00, 0x00, 0x00, 0x00, 0x00, 0x00, 0x00, 0x00, 0x00, 0x00, 0x00, 0x00,
    0x00, 0x00, 0x00, 0x00, 0x00, 0x00, 0x00, 0x00, 0x00, 0x00, 0x00, 0x00, 0x00, 0x00, 0x00, 0x00,
    0x00, 0x00, 0x00, 0x00, 0x00, 0x00, 0x00, 0x00, 0x00, 0x00, 0x00, 0x00, 0x00, 0x00, 0x00, 0x00,
    0x00, 0x00, 0x00, 0x00, 0x00, 0x00, 0x00, 0x00, 0x00, 0x00, 0x00, 0x00, 0x00, 0x00, 0x00, 0x00,
    0x00, 0x00, 0x00, 0x00, 0x00, 0x00, 0x00, 0x00, 0x00, 0x00, 0x00, 0x00, 0x00, 0x00, 0x00, 0x00,
    0x00, 0x00, 0x00, 0x00, 0x00, 0x00, 0x00, 0x00, 0x00, 0x00, 0x00, 0x00, 0x00, 0x00, 0x00, 0x00,
    0x00, 0x00, 0x00, 0x00, 0x00, 0x00, 0x00, 0x00, 0x00, 0x00, 0x00, 0x00, 0x00, 0x00, 0x00, 0x00,
    0x00, 0x00, 0x00, 0x00, 0x00, 0x00, 0x00, 0x00, 0x00, 0x00, 0x00, 0x00, 0x00, 0x00, 0x00, 0x00,
    0x00, 0x00, 0x00, 0x00, 0x00, 0x00, 0x00, 0x00, 0x00, 0x00, 0x00, 0x00, 0x00, 0x00, 0x00, 0x00,
    0x00, 0x00, 0x00, 0x00, 0x00, 0x00, 0x00, 0x00, 0x00, 0x00, 0x00, 0x00, 0x00, 0x00, 0x00, 0x00,
    0x9A, 0x76, 0x59, 0x07, 0x10, 0x0E, 0x10, 0x10, 0xA9, 0x36, 0x0C, 0x08, 0x11, 0x11, 0x10, 0x11,
    0xA9, 0xCD, 0x47, 0x05, 0x11, 0x11, 0x10, 0x10, 0xA3, 0x47, 0x36, 0x07, 0x10, 0x10, 0x0E, 0x10,
    0x05, 0x3A, 0xEA, 0x28, 0x24, 0xCE, 0xD7, 0xE2, 0x09, 0x08, 0xE8, 0xC9, 0x04, 0x0E, 0x38, 0x52,
    0x11, 0x04, 0x60, 0xED, 0x9F, 0x0F, 0x19, 0x38, 0x11, 0x0D, 0x04, 0x91, 0xED, 0xE2, 0xD0, 0xDB,
    0xDC, 0xB6, 0xE9, 0x58, 0x04, 0x13, 0x10, 0x11, 0x52, 0xCA, 0xEB, 0x0D, 0x0A, 0x11, 0x10, 0x11,
    0xA4, 0xEC, 0xB4, 0x04, 0x12, 0x10, 0x11, 0x10, 0xEB, 0xD2, 0x07, 0x0C, 0x10, 0x0E, 0x10, 0x10,
    0x0E, 0x04, 0xDE, 0xEF, 0x0C, 0x04, 0x07, 0x07, 0x12, 0x04, 0x3E, 0xF3, 0x5C, 0x03, 0x05, 0x05,
    0x12, 0x0A, 0x05, 0xEF, 0xE6, 0x03, 0x04, 0x05, 0x10, 0x13, 0x04, 0xC3, 0xF4, 0x0E, 0x03, 0x05,
    0x07, 0x05, 0x05, 0x07, 0x07, 0x07, 0x07, 0x07, 0x05, 0x05, 0x05, 0x05, 0x05, 0x05, 0x05, 0x07,
    0x05, 0x05, 0x05, 0x05, 0x05, 0x05, 0x05, 0x07, 0x04, 0x04, 0x05, 0x04, 0x05, 0x05, 0x05, 0x05,
    0x07, 0x07, 0x08, 0x08, 0x09, 0x0A, 0x09, 0x0C, 0x07, 0x07, 0x07, 0x08, 0x09, 0x09, 0x09, 0x0C,
    0x07, 0x07, 0x07, 0x08, 0x09, 0x09, 0x0A, 0x0A, 0x05, 0x07, 0x07, 0x08, 0x08, 0x08, 0x0A, 0x09,
    0x0C, 0x0D, 0x0D, 0x0E, 0x0E, 0x10, 0x11, 0x12, 0x0C, 0x0C, 0x0D, 0x0E, 0x10, 0x10, 0x11, 0x11,
    0x0A, 0x0C, 0x0D, 0x0D, 0x0E, 0x10, 0x10, 0x11, 0x0C, 0x0C, 0x0C, 0x0C, 0x0E, 0x0E, 0x11, 0x10,
    0x12, 0x16, 0x17, 0x19, 0x1B, 0x1A, 0x1E, 0x29, 0x12, 0x13, 0x17, 0x17, 0x1B, 0x19, 0x17, 0xE0,
    0x12, 0x12, 0x13, 0x16, 0x1B, 0x1A, 0x44, 0xE0, 0x11, 0x12, 0x15, 0x17, 0x1A, 0x0F, 0x09, 0xE0,
    0x29, 0x25, 0x2A, 0x28, 0x2C, 0x30, 0x30, 0x31, 0xF0, 0x8A, 0x29, 0x2A, 0x2B, 0x2C, 0x30, 0x31,
    0xE0, 0xE0, 0xF0, 0x38, 0x2A, 0x2B, 0x35, 0x31, 0x8A, 0x8A, 0xF0, 0x14, 0x19, 0x30, 0x34, 0x2C,
    0x35, 0x39, 0x3B, 0x3E, 0x3E, 0x40, 0x45, 0x3E, 0x35, 0x3A, 0x3A, 0x3A, 0x3A, 0x45, 0x46, 0x3E,
    0x31, 0x35, 0x3B, 0x3B, 0x40, 0x40, 0x3E, 0x45, 0x35, 0x36, 0x3B, 0x3B, 0x3E, 0x40, 0x45, 0x3E,
    0x45, 0x3E, 0x45, 0x47, 0x47, 0x45, 0x3E, 0x3E, 0x45, 0x3E, 0x40, 0x45, 0x45, 0x45, 0x3E, 0x45,
    0x3E, 0x40, 0x40, 0x45, 0x47, 0x45, 0x45, 0x3E, 0x45, 0x45, 0x3E, 0x40, 0x46, 0x3E, 0x3E, 0x40,
    0x40, 0x40, 0x3E, 0x3B, 0x3A, 0x35, 0x36, 0x30, 0x40, 0x3E, 0x3B, 0x3B, 0x35, 0x3A, 0x36, 0x30,
    0x45, 0x3E, 0x3E, 0x3E, 0x3A, 0x35, 0x35, 0x30, 0x3E, 0x3B, 0x3E, 0x3A, 0x36, 0x31, 0x35, 0x3A,
    0x35, 0x35, 0x3B, 0x1A, 0x58, 0xFB, 0x5D, 0x10, 0x31, 0x35, 0x3E, 0x0C, 0xEA, 0xF9, 0x07, 0x24,
    0x35, 0x30, 0x25, 0x0E, 0xF9, 0xE8, 0x07, 0x30, 0x31, 0x3A, 0x0D, 0xC9, 0xFB, 0x22, 0x1A, 0x2B,
    0x2B, 0x25, 0x25, 0x25, 0x25, 0x26, 0x25, 0x25, 0x25, 0x27, 0x27, 0x27, 0x27, 0x25, 0x27, 0x25,
    0x25, 0x25, 0x25, 0x25, 0x25, 0x27, 0x27, 0x27, 0x27, 0x27, 0x27, 0x25, 0x25, 0x27, 0x26, 0x27,
    0x27, 0x27, 0x25, 0x27, 0x27, 0x2B, 0x2B, 0x27, 0x27, 0x27, 0x25, 0x27, 0x2B, 0x27, 0x2B, 0x2B,
    0x27, 0x27, 0x27, 0x27, 0x27, 0x27, 0x2B, 0x2B, 0x27, 0x27, 0x25, 0x27, 0x2B, 0x25, 0x27, 0x27,
    0x2B, 0x2C, 0x2B, 0x2B, 0x07, 0x59, 0x76, 0xCE, 0x2B, 0x2B, 0x2B, 0x27, 0x08, 0x0C, 0x36, 0xCF,
    0x2B, 0x2E, 0x2B, 0x2B, 0x05, 0x47, 0xCD, 0xD3, 0x27, 0x27, 0x2B, 0x27, 0x07, 0x36, 0x47, 0xCE,
    0x00, 0x00, 0x00, 0x00, 0x00, 0x00, 0x00, 0x00, 0x00, 0x00, 0x00, 0x00, 0x00, 0x00, 0x00, 0x00,
    0x00, 0x00, 0x00, 0x00, 0x00, 0x00, 0x00, 0x00, 0x00, 0x00, 0x00, 0x00, 0x00, 0x00, 0x00, 0x00,
    0x00, 0x00, 0x00, 0x00, 0x00, 0x00, 0x00, 0x00, 0x00, 0x00, 0x00, 0x00, 0x00, 0x00, 0x00, 0x00,
    0x00, 0x00, 0x00, 0x00, 0x00, 0x00, 0x00, 0x00, 0x00, 0x00, 0x00, 0x00, 0x00, 0x00, 0x00, 0x00,
    0x00, 0x00, 0x00, 0x00, 0x00, 0x00, 0x00, 0x00, 0x00, 0x00, 0x00, 0x00, 0x00, 0x00, 0x00, 0x00,
    0x00, 0x00, 0x00, 0x00, 0x00, 0x00, 0x00, 0x00, 0x00, 0x00, 0x00, 0x00, 0x00, 0x00, 0x00, 0x00,
    0x00, 0x00, 0x00, 0x00, 0x00, 0x00, 0x00, 0x00, 0x00, 0x00, 0x00, 0x00, 0x00, 0x00, 0x00, 0x00,
    0x00, 0x00, 0x00, 0x00, 0x00, 0x00, 0x00, 0x00, 0x00, 0x00, 0x00, 0x00, 0x00, 0x00, 0x00, 0x00,
    0x00, 0x00, 0x00, 0x00, 0x00, 0x00, 0x00, 0x00, 0x00, 0x00, 0x00, 0x00, 0x00, 0x00, 0x00, 0x00,
    0x00, 0x00, 0x00, 0x00, 0x00, 0x00, 0x00, 0x00, 0x00, 0x00, 0x00, 0x00, 0x00, 0x00, 0x00, 0x00,
    0x00, 0x00, 0x00, 0x00, 0x00, 0x00, 0x00, 0x00, 0x00, 0x00, 0x00, 0x00, 0x00, 0x00, 0x00, 0x00,
    0x00, 0x00, 0x00, 0x00, 0x00, 0x00, 0x00, 0x00, 0x00, 0x00, 0x00, 0x00, 0x00, 0x00, 0x00, 0x00,
    0x00, 0x00, 0x00, 0x00, 0x00, 0x00, 0x00, 0x00, 0x00, 0x00, 0x00, 0x00, 0x00, 0x00, 0x00, 0x00,
    0x00, 0x00, 0x00, 0x00, 0x00, 0x00, 0x00, 0x00, 0x00, 0x00, 0x00, 0x00, 0x00, 0x00, 0x00, 0x00,
    0x00, 0x00, 0x00, 0x00, 0x00, 0x00, 0x00, 0x00, 0x00, 0x00, 0x00, 0x00, 0x00, 0x00, 0x00, 0x00,
    0x00, 0x00, 0x00, 0x00, 0x00, 0x00, 0x00, 0x00, 0x00, 0x00, 0x00, 0x00, 0x00, 0x00, 0x00, 0x00,
    0x00, 0x00, 0x00, 0x00, 0x00, 0x00, 0x00, 0x00, 0x00, 0x00, 0x00, 0x00, 0x00, 0x00, 0x00, 0x00,
    0x00, 0x00, 0x00, 0x00, 0x00, 0x00, 0x00, 0x00, 0x00, 0x00, 0x00, 0x00, 0x00, 0x00, 0x00, 0x00,
    0x00, 0x00, 0x00, 0x00, 0x00, 0x00, 0x00, 0x00, 0x00, 0x00, 0x00, 0x00, 0x00, 0x00, 0x00, 0x00,
    0x00, 0x00, 0x00, 0x00, 0x00, 0x00, 0x00, 0x00, 0x00, 0x00, 0x00, 0x00, 0x00, 0x00, 0x00, 0x00,
    0x00, 0x00, 0x00, 0x00, 0x00, 0x00, 0x00, 0x00, 0x00, 0x00, 0x00, 0x00, 0x00, 0x00, 0x00, 0x00,
    0x00, 0x00, 0x00, 0x00, 0x00, 0x00, 0x00, 0x00, 0x00, 0x00, 0x00, 0x00, 0x00, 0x00, 0x00, 0x00,
    0x00, 0x00, 0x00, 0x00, 0x00, 0x00, 0x00, 0x00, 0x00, 0x00, 0x00, 0x00, 0x00, 0x00, 0x00, 0x00,
    0x00, 0x00, 0x00, 0x00, 0x00, 0x00, 0x00, 0x00, 0x00, 0x00, 0x00, 0x00, 0x00, 0x00, 0x00, 0x00,
    0x00, 0x00, 0x00, 0x00, 0x00, 0x00, 0x00, 0x00, 0x00, 0x00, 0x00, 0x00, 0x00, 0x00, 0x00, 0x00,
    0x00, 0x00, 0x00, 0x00, 0x00, 0x00, 0x00, 0x00, 0x00, 0x00, 0x00, 0x00, 0x00, 0x00, 0x00, 0x00,
    0x00, 0x00, 0x00, 0x00, 0x00, 0x00, 0x00, 0x00, 0x00, 0x00, 0x00, 0x00, 0x00, 0x00, 0x00, 0x00,
    0x00, 0x00, 0x00, 0x00, 0x00, 0x00, 0x00, 0x00, 0x00, 0x00, 0x00, 0x00, 0x00, 0x00, 0x00, 0x00,
    0x00, 0x00, 0x00, 0x00, 0x00, 0x00, 0x00, 0x00, 0x00, 0x00, 0x00, 0x00, 0x00, 0x00, 0x00, 0x00,
    0x00, 0x00, 0x00, 0x00, 0x00, 0x00, 0x00, 0x00, 0x00, 0x00, 0x00, 0x00, 0x00, 0x00, 0x00, 0x00,
    0x00, 0x00, 0x00, 0x00, 0x00, 0x00, 0x00, 0x00, 0x00, 0x00, 0x00, 0x00, 0x00, 0x00, 0x00, 0x00,
    0x00, 0x00, 0x00, 0x00, 0x00, 0x00, 0x00, 0x00, 0x00, 0x00, 0x00, 0x00, 0x00, 0x00, 0x00, 0x00,
    0xAF, 0x5C, 0x0D, 0x07, 0x11, 0x10, 0x10, 0x0E, 0x9C, 0xC8, 0x5C, 0x05, 0x0E, 0x10, 0x10, 0x10,
    0x9A, 0x26, 0x19, 0x08, 0x10, 0x10, 0x10, 0x10, 0xA9, 0xA8, 0x19, 0x05, 0x11, 0x10, 0x10, 0x10,
    0x0E, 0x11, 0x0C, 0x04, 0x45, 0xD3, 0xDC, 0xD7, 0x10, 0x10, 0x11, 0x0D, 0x05, 0x07, 0x0C, 0x09,
    0x0E, 0x0E, 0x10, 0x10, 0x0E, 0x0C, 0x09, 0x09, 0x0E, 0x0E, 0x0E, 0x0E, 0x0E, 0x0E, 0x11, 0x10,
    0x6E, 0x07, 0x09, 0x10, 0x0E, 0x0E, 0x10, 0x10, 0x07, 0x0A, 0x11, 0x10, 0x10, 0x10, 0x10, 0x10,
    0x0D, 0x10, 0x10, 0x0E, 0x10, 0x10, 0x0E, 0x10, 0x10, 0x10, 0x11, 0x11, 0x11, 0x11, 0x10, 0x10,
    0x10, 0x13, 0x07, 0x09, 0xF3, 0xD5, 0x03, 0x04, 0x10, 0x11, 0x12, 0x03, 0xD7, 0xF3, 0x05, 0x03,
    0x10, 0x10, 0x13, 0x07, 0x09, 0xF4, 0xD1, 0x03, 0x10, 0x10, 0x10, 0x13, 0x04, 0xC9, 0xF6, 0x07,
    0x04, 0x04, 0x04, 0x04, 0x04, 0x05, 0x05, 0x05, 0x04, 0x04, 0x04, 0x04, 0x04, 0x05, 0x04, 0x05,
    0x04, 0x04, 0x04, 0x04, 0x04, 0x04, 0x04, 0x04, 0x03, 0x04, 0x04, 0x04, 0x04, 0x04, 0x04, 0x05,
    0x05, 0x07, 0x07, 0x07, 0x07, 0x08, 0x0A, 0x0A, 0x05, 0x05, 0x07, 0x07, 0x07, 0x08, 0x09, 0x09,
    0x05, 0x05, 0x07, 0x07, 0x07, 0x08, 0x08, 0x0A, 0x05, 0x05, 0x05, 0x07, 0x07, 0x08, 0x09, 0x09,
    0x0A, 0x0C, 0x0C, 0x0D, 0x0D, 0x0E, 0x10, 0x10, 0x0A, 0x0A, 0x0C, 0x0C, 0x0E, 0x0E, 0x10, 0x10,
    0x09, 0x0C, 0x0C, 0x0C, 0x0D, 0x0E, 0x10, 0x10, 0x0A, 0x0A, 0x0C, 0x0C, 0x0D, 0x0E, 0x10, 0x10,
    0x11, 0x12, 0x15, 0x13, 0x11, 0x2A, 0xBB, 0xE7, 0x11, 0x12, 0x11, 0x18, 0x29, 0xB3, 0xBB, 0xE0,
    0x11, 0x12, 0x0C, 0x15, 0x8A, 0x8A, 0x29, 0xE0, 0x12, 0x12, 0x08, 0x05, 0x09, 0x0B, 0x0A, 0x43,
    0x8A, 0x8A, 0xE0, 0x3C, 0x1D, 0x26, 0x30, 0x2C, 0xE0, 0xBB, 0xBB, 0xBB, 0xBB, 0x2D, 0x26, 0x37,
    0xF0, 0xBB, 0xBB, 0xBB, 0xBB, 0x33, 0x28, 0x32, 0x8A, 0x29, 0x44, 0x12, 0x0B, 0x0D, 0x13, 0x30,
    0x31, 0x35, 0x35, 0x3B, 0x3A, 0x3A, 0x40, 0x3E, 0x35, 0x35, 0x36, 0x3A, 0x3A, 0x3A, 0x40, 0x40,
    0x30, 0x35, 0x35, 0x3A, 0x3A, 0x3E, 0x3E, 0x3E, 0x35, 0x31, 0x35, 0x36, 0x3B, 0x3E, 0x3A, 0x3E,
    0x40, 0x3E, 0x3E, 0x40, 0x40, 0x45, 0x40, 0x3E, 0x3B, 0x3B, 0x40, 0x45, 0x3E, 0x40, 0x40, 0x3E,
    0x3E, 0x3E, 0x3B, 0x40, 0x45, 0x45, 0x3E, 0x3E, 0x45, 0x3E, 0x3B, 0x40, 0x40, 0x45, 0x45, 0x3E,
    0x3E, 0x40, 0x3E, 0x3E, 0x3B, 0x36, 0x30, 0x35, 0x3E, 0x3B, 0x3E, 0x3A, 0x35, 0x3A, 0x35, 0x30,
    0x3B, 0x3B, 0x3B, 0x3E, 0x35, 0x35, 0x3A, 0x3A, 0x3B, 0x3E, 0x3E, 0x3B, 0x36, 0x3A, 0x30, 0x3A,
    0x36, 0x30, 0x07, 0xF6, 0xEF, 0x05, 0x30, 0x25, 0x3A, 0x11, 0x99, 0xFB, 0x4B, 0x12, 0x27, 0x24,
    0x27, 0x05, 0xF7, 0xF1, 0x08, 0x25, 0x24, 0x25, 0x08, 0xD5, 0xFB, 0x45, 0x17, 0x27, 0x24, 0x25,
    0x27, 0x25, 0x25, 0x25, 0x27, 0x25, 0x25, 0x27, 0x27, 0x25, 0x25, 0x25, 0x27, 0x25, 0x25, 0x27,
    0x25, 0x25, 0x27, 0x25, 0x25, 0x25, 0x25, 0x26, 0x25, 0x25, 0x27, 0x25, 0x27, 0x2B, 0x35, 0x34,
    0x25, 0x27, 0x27, 0x27, 0x27, 0x27, 0x27, 0x27, 0x27, 0x27, 0x27, 0x27, 0x27, 0x2B, 0x27, 0x27,
    0x27, 0x27, 0x27, 0x27, 0x2B, 0x27, 0x2B, 0x2B, 0x2C, 0x27, 0x27, 0x27, 0x27, 0x27, 0x27, 0x2B,
    0x2B, 0x2B, 0x27, 0x2B, 0x07, 0x0D, 0x5C, 0xD3, 0x2B, 0x2B, 0x27, 0x27, 0x05, 0x5C, 0xC8, 0xCF,
    0x2B, 0x27, 0x30, 0x2B, 0x08, 0x19, 0x26, 0xCD, 0x2B, 0x2B, 0x2F, 0x2B, 0x05, 0x19, 0xA8, 0xD3,
    0x00, 0x00, 0x00, 0x00, 0x00, 0x00, 0x00, 0x00, 0x00, 0x00, 0x00, 0x00, 0x00, 0x00, 0x00, 0x00,
    0x00, 0x00, 0x00, 0x00, 0x00, 0x00, 0x00, 0x00, 0x00, 0x00, 0x00, 0x00, 0x00, 0x00, 0x00, 0x00,
    0x00, 0x00, 0x00, 0x00, 0x00, 0x00, 0x00, 0x00, 0x00, 0x00, 0x00, 0x00, 0x00, 0x00, 0x00, 0x00,
    0x00, 0x00, 0x00, 0x00, 0x00, 0x00, 0x00, 0x00, 0x00, 0x00, 0x00, 0x00, 0x00, 0x00, 0x00, 0x00,
    0x00, 0x00, 0x00, 0x00, 0x00, 0x00, 0x00, 0x00, 0x00, 0x00, 0x00, 0x00, 0x00, 0x00, 0x00, 0x00,
    0x00, 0x00, 0x00, 0x00, 0x00, 0x00, 0x00, 0x00, 0x00, 0x00, 0x00, 0x00, 0x00, 0x00, 0x00, 0x00,
    0x00, 0x00, 0x00, 0x00, 0x00, 0x00, 0x00, 0x00, 0x00, 0x00, 0x00, 0x00, 0x00, 0x00, 0x00, 0x00,
    0x00, 0x00, 0x00, 0x00, 0x00, 0x00, 0x00, 0x00, 0x00, 0x00, 0x00, 0x00, 0x00, 0x00, 0x00, 0x00,
    0x00, 0x00, 0x00, 0x00, 0x00, 0x00, 0x00, 0x00, 0x00, 0x00, 0x00, 0x00, 0x00, 0x00, 0x00, 0x00,
    0x00, 0x00, 0x00, 0x00, 0x00, 0x00, 0x00, 0x00, 0x00, 0x00, 0x00, 0x00, 0x00, 0x00, 0x00, 0x00,
    0x00, 0x00, 0x00, 0x00, 0x00, 0x00, 0x00, 0x00, 0x00, 0x00, 0x00, 0x00, 0x00, 0x00, 0x00, 0x00,
    0x00, 0x00, 0x00, 0x00, 0x00, 0x00, 0x00, 0x00, 0x00, 0x00, 0x00, 0x00, 0x00, 0x00, 0x00, 0x00,
    0x00, 0x00, 0x00, 0x00, 0x00, 0x00, 0x00, 0x00, 0x00, 0x00, 0x00, 0x00, 0x00, 0x00, 0x00, 0x00,
    0x00, 0x00, 0x00, 0x00, 0x00, 0x00, 0x00, 0x00, 0x00, 0x00, 0x00, 0x00, 0x00, 0x00, 0x00, 0x00,
    0x00, 0x00, 0x00, 0x00, 0x00, 0x00, 0x00, 0x00, 0x00, 0x00, 0x00, 0x00, 0x00, 0x00, 0x00, 0x00,
    0x00, 0x00, 0x00, 0x00, 0x00, 0x00, 0x00, 0x00, 0x00, 0x00, 0x00, 0x00, 0x00, 0x00, 0x00, 0x00,
    0x00, 0x00, 0x00, 0x00, 0x00, 0x00, 0x00, 0x00, 0x00, 0x00, 0x00, 0x00, 0x00, 0x00, 0x00, 0x00,
    0x00, 0x00, 0x00, 0x00, 0x00, 0x00, 0x00, 0x00, 0x00, 0x00, 0x00, 0x00, 0x00, 0x00, 0x00, 0x00,
    0x00, 0x00, 0x00, 0x00, 0x00, 0x00, 0x00, 0x00, 0x00, 0x00, 0x00, 0x00, 0x00, 0x00, 0x00, 0x00,
    0x00, 0x00, 0x00, 0x00, 0x00, 0x00, 0x00, 0x00, 0x00, 0x00, 0x00, 0x00, 0x00, 0x00, 0x00, 0x00,
    0x00, 0x00, 0x00, 0x00, 0x00, 0x00, 0x00, 0x00, 0x00, 0x00, 0x00, 0x00, 0x00, 0x00, 0x00, 0x00,
    0x00, 0x00, 0x00, 0x00, 0x00, 0x00, 0x00, 0x00, 0x00, 0x00, 0x00, 0x00, 0x00, 0x00, 0x00, 0x00,
    0x00, 0x00, 0x00, 0x00, 0x00, 0x00, 0x00, 0x00, 0x00, 0x00, 0x00, 0x00, 0x00, 0x00, 0x00, 0x00,
    0x00, 0x00, 0x00, 0x00, 0x00, 0x00, 0x00, 0x00, 0x00, 0x00, 0x00, 0x00, 0x00, 0x00, 0x00, 0x00,
    0x00, 0x00, 0x00, 0x00, 0x00, 0x00, 0x00, 0x00, 0x00, 0x00, 0x00, 0x00, 0x00, 0x00, 0x00, 0x00,
    0x00, 0x00, 0x00, 0x00, 0x00, 0x00, 0x00, 0x00, 0x00, 0x00, 0x00, 0x00, 0x00, 0x00, 0x00, 0x00,
    0x00, 0x00, 0x00, 0x00, 0x00, 0x00, 0x00, 0x00, 0x00, 0x00, 0x00, 0x00, 0x00, 0x00, 0x00, 0x00,
    0x00, 0x00, 0x00, 0x00, 0x00, 0x00, 0x00, 0x00, 0x00, 0x00, 0x00, 0x00, 0x00, 0x00, 0x00, 0x00,
    0x00, 0x00, 0x00, 0x00, 0x00, 0x00, 0x00, 0x00, 0x00, 0x00, 0x00, 0x00, 0x00, 0x00, 0x00, 0x00,
    0x00, 0x00, 0x00, 0x00, 0x00, 0x00, 0x00, 0x00, 0x00, 0x00, 0x00, 0x00, 0x00, 0x00, 0x00, 0x00,
    0x00, 0x00, 0x00, 0x00, 0x00, 0x00, 0x00, 0x00, 0x00, 0x00, 0x00, 0x00, 0x00, 0x00, 0x00, 0x00,
    0x00, 0x00, 0x00, 0x00, 0x00, 0x00, 0x00, 0x00, 0x00, 0x00, 0x00, 0x00, 0x00, 0x00, 0x00, 0x00,
    0x93, 0x8C, 0x5D, 0x07, 0x0E, 0x10, 0x10, 0x0E, 0xA9, 0x24, 0x0C, 0x09, 0x11, 0x10, 0x0E, 0x0E,
    0xA8, 0xCD, 0x3B, 0x05, 0x10, 0x10, 0x10, 0x10, 0x93, 0x59, 0x50, 0x07, 0x0E, 0x10, 0x10, 0x0E,
    0x10, 0x0E, 0x0E, 0x0E, 0x0E, 0x0D, 0x0A, 0x07, 0x10, 0x0E, 0x0E, 0x10, 0x0C, 0x07, 0x0C, 0x27,
    0x0E, 0x10, 0x11, 0x09, 0x07, 0x4B, 0xE2, 0xEB, 0x0E, 0x12, 0x09, 0x09, 0xCC, 0xEE, 0xE2, 0x77,
    0x07, 0x05, 0x04, 0x04, 0x05, 0x08, 0x0D, 0x12, 0x91, 0xD9, 0xD7, 0xD5, 0xAC, 0x17, 0x04, 0x07,
    0xE8, 0xE2, 0xDE, 0xE2, 0xEA, 0xEC, 0xE4, 0x1F, 0x67, 0x6C, 0x7F, 0x89, 0xAC, 0xC9, 0xE6, 0xEF,
    0x10, 0x11, 0x10, 0x12, 0x09, 0x04, 0xEF, 0xE8, 0x12, 0x11, 0x10, 0x10, 0x13, 0x04, 0x35, 0xF7,
    0x04, 0x0D, 0x12, 0x11, 0x10, 0x11, 0x04, 0xDC, 0xA1, 0x04, 0x0C, 0x11, 0x10, 0x12, 0x0A, 0x05,
    0x02, 0x04, 0x04, 0x04, 0x04, 0x04, 0x04, 0x05, 0x4B, 0x03, 0x04, 0x04, 0x04, 0x04, 0x04, 0x05,
    0xF4, 0x04, 0x03, 0x04, 0x04, 0x04, 0x04, 0x05, 0xEE, 0xEC, 0x02, 0x04, 0x04, 0x04, 0x04, 0x05,
    0x05, 0x05, 0x07, 0x07, 0x07, 0x08, 0x08, 0x09, 0x05, 0x05, 0x05, 0x07, 0x07, 0x08, 0x08, 0x09,
    0x05, 0x05, 0x05, 0x07, 0x07, 0x08, 0x09, 0x09, 0x05, 0x05, 0x05, 0x07, 0x07, 0x08, 0x09, 0x09,
    0x0A, 0x0A, 0x0C, 0x0C, 0x0D, 0x0E, 0x10, 0x12, 0x09, 0x0A, 0x0C, 0x0C, 0x0D, 0x0D, 0x0E, 0x12,
    0x09, 0x0C, 0x0C, 0x0D, 0x0D, 0x0D, 0x0E, 0x0E, 0x09, 0x0A, 0x0C, 0x0C, 0x0D, 0x0E, 0x0E, 0x10,
    0x0C, 0x0A, 0xDA, 0xEA, 0x84, 0x39, 0xA0, 0xD0, 0x08, 0x12, 0xE1, 0xEA, 0xEF, 0xF3, 0xE2, 0xEC,
    0x0E, 0x16, 0x16, 0x16, 0x50, 0xDC, 0xA1, 0x4B, 0x12, 0x11, 0x10, 0x11, 0x0C, 0x12, 0x19, 0x13,
    0xC7, 0x95, 0xD5, 0xD1, 0xAD, 0xCE, 0xCB, 0x22, 0xF3, 0xF1, 0xF5, 0xEC, 0xF1, 0xF7, 0xEE, 0x4B,
    0x6E, 0xA0, 0x6E, 0x58, 0x7B, 0x7B, 0x59, 0x36, 0x11, 0x16, 0x16, 0x19, 0x17, 0x17, 0x1D, 0x27,
    0x2B, 0x35, 0x35, 0x3A, 0x3A, 0x3A, 0x3B, 0x40, 0x1C, 0x3A, 0x35, 0x3A, 0x35, 0x3E, 0x3A, 0x3E,
    0x27, 0x35, 0x35, 0x31, 0x3A, 0x3A, 0x3B, 0x3E, 0x31, 0x30, 0x35, 0x35, 0x35, 0x36, 0x40, 0x3E,
    0x3E, 0x3B, 0x3E, 0x3B, 0x3E, 0x45, 0x40, 0x3E, 0x3E, 0x3E, 0x3E, 0x3E, 0x45, 0x45, 0x3E, 0x3A,
    0x3E, 0x3E, 0x3A, 0x40, 0x3E, 0x45, 0x3B, 0x3E, 0x3E, 0x3A, 0x3A, 0x3E, 0x3E, 0x3E, 0x3E, 0x3E,
    0x3E, 0x3A, 0x3E, 0x36, 0x35, 0x3A, 0x40, 0x17, 0x3A, 0x3A, 0x3A, 0x3E, 0x3A, 0x35, 0x31, 0x05,
    0x3B, 0x3B, 0x3A, 0x36, 0x36, 0x45, 0x07, 0xC9, 0x3A, 0x3A, 0x3A, 0x31, 0x46, 0x12, 0x3A, 0xFA,
    0x12, 0xFA, 0xEB, 0x09, 0x24, 0x24, 0x25, 0x25, 0xEF, 0xF8, 0x10, 0x17, 0x27, 0x25, 0x25, 0x25,
    0xFA, 0xB4, 0x07, 0x0E, 0x1D, 0x2B, 0x24, 0x17, 0xE8, 0x13, 0x84, 0x30, 0x0C, 0x17, 0x22, 0x52,
    0x25, 0x25, 0x1C, 0x19, 0x13, 0x0C, 0x09, 0x0C, 0x22, 0x17, 0x24, 0x58, 0xD0, 0xDA, 0xD7, 0xD2,
    0x24, 0xC9, 0xEA, 0xEA, 0xE4, 0xDE, 0xDE, 0xE5, 0xE8, 0xEC, 0xC9, 0x60, 0x6C, 0x72, 0x85, 0x9E,
    0x12, 0x22, 0x35, 0x27, 0x27, 0x27, 0x27, 0x2B, 0x58, 0x0C, 0x0A, 0x27, 0x30, 0x27, 0x2B, 0x27,
    0xEB, 0xEC, 0xC3, 0x09, 0x19, 0x35, 0x27, 0x2B, 0xB4, 0xD4, 0xED, 0xEA, 0x12, 0x16, 0x35, 0x27,
    0x27, 0x2B, 0x27, 0x27, 0x07, 0x5D, 0x8C, 0xCD, 0x2B, 0x27, 0x2B, 0x27, 0x09, 0x0C, 0x24, 0xCF,
    0x2B, 0x27, 0x2B, 0x27, 0x05, 0x3B, 0xCD, 0xD3, 0x27, 0x27, 0x27, 0x27, 0x07, 0x50, 0x59, 0xCB,
    0x00, 0x00, 0x00, 0x00, 0x00, 0x00, 0x00, 0x00, 0x00, 0x00, 0x00, 0x00, 0x00, 0x00, 0x00, 0x00,
    0x00, 0x00, 0x00, 0x00, 0x00, 0x00, 0x00, 0x00, 0x00, 0x00, 0x00, 0x00, 0x00, 0x00, 0x00, 0x00,
    0x00, 0x00, 0x00, 0x00, 0x00, 0x00, 0x00, 0x00, 0x00, 0x00, 0x00, 0x00, 0x00, 0x00, 0x00, 0x00,
    0x00, 0x00, 0x00, 0x00, 0x00, 0x00, 0x00, 0x00, 0x00, 0x00, 0x00, 0x00, 0x00, 0x00, 0x00, 0x00,
    0x00, 0x00, 0x00, 0x00, 0x00, 0x00, 0x00, 0x00, 0x00, 0x00, 0x00, 0x00, 0x00, 0x00, 0x00, 0x00,
    0x00, 0x00, 0x00, 0x00, 0x00, 0x00, 0x00, 0x00, 0x00, 0x00, 0x00, 0x00, 0x00, 0x00, 0x00, 0x00,
    0x00, 0x00, 0x00, 0x00, 0x00, 0x00, 0x00, 0x00, 0x00, 0x00, 0x00, 0x00, 0x00, 0x00, 0x00, 0x00,
    0x00, 0x00, 0x00, 0x00, 0x00, 0x00, 0x00, 0x00, 0x00, 0x00, 0x00, 0x00, 0x00, 0x00, 0x00, 0x00,
    0x00, 0x00, 0x00, 0x00, 0x00, 0x00, 0x00, 0x00, 0x00, 0x00, 0x00, 0x00, 0x00, 0x00, 0x00, 0x00,
    0x00, 0x00, 0x00, 0x00, 0x00, 0x00, 0x00, 0x00, 0x00, 0x00, 0x00, 0x00, 0x00, 0x00, 0x00, 0x00,
    0x00, 0x00, 0x00, 0x00, 0x00, 0x00, 0x00, 0x00, 0x00, 0x00, 0x00, 0x00, 0x00, 0x00, 0x00, 0x00,
    0x00, 0x00, 0x00, 0x00, 0x00, 0x00, 0x00, 0x00, 0x00, 0x00, 0x00, 0x00, 0x00, 0x00, 0x00, 0x00,
    0x00, 0x00, 0x00, 0x00, 0x00, 0x00, 0x00, 0x00, 0x00, 0x00, 0x00, 0x00, 0x00, 0x00, 0x00, 0x00,
    0x00, 0x00, 0x00, 0x00, 0x00, 0x00, 0x00, 0x00, 0x00, 0x00, 0x00, 0x00, 0x00, 0x00, 0x00, 0x00,
    0x00, 0x00, 0x00, 0x00, 0x00, 0x00, 0x00, 0x00, 0x00, 0x00, 0x00, 0x00, 0x00, 0x00, 0x00, 0x00,
    0x00, 0x00, 0x00, 0x00, 0x00, 0x00, 0x00, 0x00, 0x00, 0x00, 0x00, 0x00, 0x00, 0x00, 0x00, 0x00,
    0x00, 0x00, 0x00, 0x00, 0x00, 0x00, 0x00, 0x00, 0x00, 0x00, 0x00, 0x00, 0x00, 0x00, 0x00, 0x00,
    0x00, 0x00, 0x00, 0x00, 0x00, 0x00, 0x00, 0x00, 0x00, 0x00, 0x00, 0x00, 0x00, 0x00, 0x00, 0x00,
    0x00, 0x00, 0x00, 0x00, 0x00, 0x00, 0x00, 0x00, 0x00, 0x00, 0x00, 0x00, 0x00, 0x00, 0x00, 0x00,
    0x00, 0x00, 0x00, 0x00, 0x00, 0x00, 0x00, 0x00, 0x00, 0x00, 0x00, 0x00, 0x00, 0x00, 0x00, 0x00,
    0x00, 0x00, 0x00, 0x00, 0x00, 0x00, 0x00, 0x00, 0x00, 0x00, 0x00, 0x00, 0x00, 0x00, 0x00, 0x00,
    0x00, 0x00, 0x00, 0x00, 0x00, 0x00, 0x00, 0x00, 0x00, 0x00, 0x00, 0x00, 0x00, 0x00, 0x00, 0x00,
    0x00, 0x00, 0x00, 0x00, 0x00, 0x00, 0x00, 0x00, 0x00, 0x00, 0x00, 0x00, 0x00, 0x00, 0x00, 0x00,
    0x00, 0x00, 0x00, 0x00, 0x00, 0x00, 0x00, 0x00, 0x00, 0x00, 0x00, 0x00, 0x00, 0x00, 0x00, 0x00,
    0x00, 0x00, 0x00, 0x00, 0x00, 0x00, 0x00, 0x00, 0x00, 0x00, 0x00, 0x00, 0x00, 0x00, 0x00, 0x00,
    0x00, 0x00, 0x00, 0x00, 0x00, 0x00, 0x00, 0x00, 0x00, 0x00, 0x00, 0x00, 0x00, 0x00, 0x00, 0x00,
    0x00, 0x00, 0x00, 0x00, 0x00, 0x00, 0x00, 0x00, 0x00, 0x00, 0x00, 0x00, 0x00, 0x00, 0x00, 0x00,
    0x00, 0x00, 0x00, 0x00, 0x00, 0x00, 0x00, 0x00, 0x00, 0x00, 0x00, 0x00, 0x00, 0x00, 0x00, 0x00,
    0x00, 0x00, 0x00, 0x00, 0x00, 0x00, 0x00, 0x00, 0x00, 0x00, 0x00, 0x00, 0x00, 0x00, 0x00, 0x00,
    0x00, 0x00, 0x00, 0x00, 0x00, 0x00, 0x00, 0x00, 0x00, 0x00, 0x00, 0x00, 0x00, 0x00, 0x00, 0x00,
    0x00, 0x00, 0x00, 0x00, 0x00, 0x00, 0x00, 0x00, 0x00, 0x00, 0x00, 0x00, 0x00, 0x00, 0x00, 0x00,
    0x00, 0x00, 0x00, 0x00, 0x00, 0x00, 0x00, 0x00, 0x00, 0x00, 0x00, 0x00, 0x00, 0x00, 0x00, 0x00,
    0xA9, 0x46, 0x09, 0x08, 0x11, 0x0E, 0x0E, 0x0E, 0x9A, 0xCF, 0x54, 0x05, 0x10, 0x0E, 0x0E, 0x0E,
    0x99, 0x35, 0x27, 0x07, 0x0E, 0x10, 0x10, 0x10, 0xA9, 0x66, 0x10, 0x07, 0x10, 0x0E, 0x10, 0x0E,
    0x11, 0x09, 0x07, 0xD8, 0xEF, 0xA5, 0x2E, 0x5D, 0x0D, 0x04, 0x83, 0xEF, 0x84, 0x1F, 0x52, 0x5B,
    0x07, 0x12, 0xEC, 0xDA, 0x19, 0x3B, 0x47, 0x50, 0x04, 0x99, 0xEC, 0x47, 0x1B, 0x3D, 0x40, 0x4A,
    0x6E, 0x82, 0x97, 0xA6, 0xBC, 0xC1, 0xA4, 0xD8, 0x63, 0x6F, 0x82, 0x9F, 0xB1, 0xC1, 0xCC, 0xB0,
    0x58, 0x60, 0x70, 0x8C, 0xA8, 0xB8, 0xC7, 0xCC, 0x50, 0x59, 0x63, 0x79, 0x97, 0xB2, 0xC1, 0xC9,
    0xEF, 0xB8, 0x04, 0x0D, 0x11, 0x11, 0x13, 0x07, 0xDB, 0xEF, 0x52, 0x04, 0x10, 0x10, 0x11, 0x13,
    0xB0, 0xEA, 0xE8, 0x0D, 0x09, 0x11, 0x11, 0x11, 0xC6, 0xD5, 0xED, 0x30, 0x04, 0x12, 0x10, 0x10,
    0x13, 0xF5, 0xD8, 0x02, 0x04, 0x05, 0x04, 0x05, 0x05, 0x4B, 0xFA, 0xB5, 0x02, 0x05, 0x05, 0x05,
    0x10, 0x04, 0xF1, 0xFA, 0x36, 0x02, 0x05, 0x07, 0x10, 0x07, 0xEF, 0xF6, 0xEF, 0x54, 0x02, 0x05,
    0x05, 0x07, 0x07, 0x07, 0x07, 0x08, 0x09, 0x09, 0x05, 0x05, 0x07, 0x07, 0x07, 0x08, 0x09, 0x09,
    0x05, 0x07, 0x07, 0x08, 0x09, 0x09, 0x09, 0x09, 0x08, 0x07, 0x07, 0x08, 0x08, 0x09, 0x09, 0x09,
    0x09, 0x0C, 0x0C, 0x0D, 0x0D, 0x0E, 0x10, 0x10, 0x0A, 0x0C, 0x0C, 0x0C, 0x0D, 0x10, 0x10, 0x10,
    0x0C, 0x0C, 0x0C, 0x0D, 0x0D, 0x0D, 0x10, 0x10, 0x0A, 0x0C, 0x0C, 0x0D, 0x0E, 0x0D, 0x10, 0x10,
    0x11, 0x12, 0x13, 0x16, 0x17, 0x17, 0x19, 0x1D, 0x10, 0x12, 0x12, 0x16, 0x17, 0x19, 0x1B, 0x1D,
    0x10, 0x12, 0x13, 0x16, 0x19, 0x19, 0x1A, 0x1F, 0x12, 0x12, 0x13, 0x16, 0x16, 0x19, 0x1D, 0x1C,
    0x22, 0x22, 0x24, 0x24, 0x27, 0x27, 0x27, 0x2C, 0x21, 0x22, 0x24, 0x24, 0x26, 0x25, 0x27, 0x2B,
    0x21, 0x22, 0x24, 0x24, 0x24, 0x26, 0x2C, 0x2C, 0x1F, 0x21, 0x22, 0x24, 0x26, 0x26, 0x27, 0x2C,
    0x2C, 0x30, 0x31, 0x36, 0x39, 0x3A, 0x3B, 0x3A, 0x2C, 0x31, 0x35, 0x30, 0x35, 0x3B, 0x3A, 0x3E,
    0x30, 0x30, 0x35, 0x31, 0x3A, 0x3E, 0x3E, 0x3A, 0x2C, 0x30, 0x30, 0x31, 0x35, 0x35, 0x40, 0x3B,
    0x3E, 0x3A, 0x3E, 0x3E, 0x3E, 0x40, 0x3E, 0x3B, 0x3A, 0x3E, 0x3A, 0x3E, 0x40, 0x3E, 0x3A, 0x3A,
    0x40, 0x3E, 0x3A, 0x3E, 0x3E, 0x3E, 0x3E, 0x3E, 0x3A, 0x3A, 0x3A, 0x3B, 0x3E, 0x3E, 0x3A, 0x3A,
    0x3E, 0x3B, 0x35, 0x45, 0x1B, 0x0E, 0xF6, 0xF3, 0x3E, 0x3B, 0x40, 0x1F, 0x09, 0xF1, 0xF9, 0x24,
    0x3E, 0x40, 0x22, 0x09, 0xEA, 0xFE, 0xDA, 0x04, 0x45, 0x1D, 0x10, 0xE6, 0xFA, 0xFA, 0xC4, 0x08,
    0x12, 0x0D, 0x34, 0x99, 0x59, 0x0E, 0x0D, 0xEA, 0x0D, 0x2B, 0x1A, 0x19, 0x60, 0x6B, 0x4D, 0xE2,
    0x25, 0x25, 0x24, 0x22, 0x0D, 0xAC, 0xEF, 0x46, 0x25, 0x24, 0x22, 0x1F, 0x1C, 0xE4, 0xE2, 0x0C,
    0xEB, 0x31, 0x46, 0x6C, 0x78, 0x86, 0xA5, 0xB4, 0x27, 0x38, 0x5D, 0x5D, 0x67, 0x73, 0x8E, 0xA5,
    0x1C, 0x4D, 0x49, 0x50, 0x5C, 0x68, 0x73, 0x8E, 0x3B, 0x33, 0x40, 0x4B, 0x52, 0x60, 0x6F, 0x86,
    0xC1, 0xC1, 0x9F, 0xE9, 0xED, 0x10, 0x19, 0x2B, 0xB6, 0xC6, 0xCD, 0x9D, 0xEB, 0xE8, 0x08, 0x2E,
    0xAC, 0xBE, 0xCB, 0xCC, 0xB2, 0xEE, 0x7D, 0x10, 0xA0, 0xB6, 0xC1, 0xCE, 0xC9, 0xE2, 0xE4, 0x04,
    0x27, 0x2B, 0x2B, 0x27, 0x08, 0x09, 0x46, 0xD1, 0x2B, 0x27, 0x2B, 0x25, 0x05, 0x54, 0xCF, 0xCF,
    0x37, 0x2B, 0x27, 0x27, 0x07, 0x27, 0x35, 0xCB, 0x35, 0x2B, 0x2B, 0x27, 0x07, 0x10, 0x66, 0xD1,
    0x00, 0x00, 0x00, 0x00, 0x00, 0x00, 0x00, 0x00, 0x00, 0x00, 0x00, 0x00, 0x00, 0x00, 0x00, 0x00,
    0x00, 0x00, 0x00, 0x00, 0x00, 0x00, 0x00, 0x00, 0x00, 0x00, 0x00, 0x00, 0x00, 0x00, 0x00, 0x00,
    0x00, 0x00, 0x00, 0x00, 0x00, 0x00, 0x00, 0x00, 0x00, 0x00, 0x00, 0x00, 0x00, 0x00, 0x00, 0x00,
    0x00, 0x00, 0x00, 0x00, 0x00, 0x00, 0x00, 0x00, 0x00, 0x00, 0x00, 0x00, 0x00, 0x00, 0x00, 0x00,
    0x00, 0x00, 0x00, 0x00, 0x00, 0x00, 0x00, 0x00, 0x00, 0x00, 0x00, 0x00, 0x00, 0x00, 0x00, 0x00,
    0x00, 0x00, 0x00, 0x00, 0x00, 0x00, 0x00, 0x00, 0x00, 0x00, 0x00, 0x00, 0x00, 0x00, 0x00, 0x00,
    0x00, 0x00, 0x00, 0x00, 0x00, 0x00, 0x00, 0x00, 0x00, 0x00, 0x00, 0x00, 0x00, 0x00, 0x00, 0x00,
    0x00, 0x00, 0x00, 0x00, 0x00, 0x00, 0x00, 0x00, 0x00, 0x00, 0x00, 0x00, 0x00, 0x00, 0x00, 0x00,
    0x00, 0x00, 0x00, 0x00, 0x00, 0x00, 0x00, 0x00, 0x00, 0x00, 0x00, 0x00, 0x00, 0x00, 0x00, 0x00,
    0x00, 0x00, 0x00, 0x00, 0x00, 0x00, 0x00, 0x00, 0x00, 0x00, 0x00, 0x00, 0x00, 0x00, 0x00, 0x00,
    0x00, 0x00, 0x00, 0x00, 0x00, 0x00, 0x00, 0x00, 0x00, 0x00, 0x00, 0x00, 0x00, 0x00, 0x00, 0x00,
    0x00, 0x00, 0x00, 0x00, 0x00, 0x00, 0x00, 0x00, 0x00, 0x00, 0x00, 0x00, 0x00, 0x00, 0x00, 0x00,
    0x00, 0x00, 0x00, 0x00, 0x00, 0x00, 0x00, 0x00, 0x00, 0x00, 0x00, 0x00, 0x00, 0x00, 0x00, 0x00,
    0x00, 0x00, 0x00, 0x00, 0x00, 0x00, 0x00, 0x00, 0x00, 0x00, 0x00, 0x00, 0x00, 0x00, 0x00, 0x00,
    0x00, 0x00, 0x00, 0x00, 0x00, 0x00, 0x00, 0x00, 0x00, 0x00, 0x00, 0x00, 0x00, 0x00, 0x00, 0x00,
    0x00, 0x00, 0x00, 0x00, 0x00, 0x00, 0x00, 0x00, 0x00, 0x00, 0x00, 0x00, 0x00, 0x00, 0x00, 0x00,
    0x00, 0x00, 0x00, 0x00, 0x00, 0x00, 0x00, 0x00, 0x00, 0x00, 0x00, 0x00, 0x00, 0x00, 0x00, 0x00,
    0x00, 0x00, 0x00, 0x00, 0x00, 0x00, 0x00, 0x00, 0x00, 0x00, 0x00, 0x00, 0x00, 0x00, 0x00, 0x00,
    0x00, 0x00, 0x00, 0x00, 0x00, 0x00, 0x00, 0x00, 0x00, 0x00, 0x00, 0x00, 0x00, 0x00, 0x00, 0x00,
    0x00, 0x00, 0x00, 0x00, 0x00, 0x00, 0x00, 0x00, 0x00, 0x00, 0x00, 0x00, 0x00, 0x00, 0x00, 0x00,
    0x00, 0x00, 0x00, 0x00, 0x00, 0x00, 0x00, 0x00, 0x00, 0x00, 0x00, 0x00, 0x00, 0x00, 0x00, 0x00,
    0x00, 0x00, 0x00, 0x00, 0x00, 0x00, 0x00, 0x00, 0x00, 0x00, 0x00, 0x00, 0x00, 0x00, 0x00, 0x00,
    0x00, 0x00, 0x00, 0x00, 0x00, 0x00, 0x00, 0x00, 0x00, 0x00, 0x00, 0x00, 0x00, 0x00, 0x00, 0x00,
    0x00, 0x00, 0x00, 0x00, 0x00, 0x00, 0x00, 0x00, 0x00, 0x00, 0x00, 0x00, 0x00, 0x00, 0x00, 0x00,
    0x00, 0x00, 0x00, 0x00, 0x00, 0x00, 0x00, 0x00, 0x00, 0x00, 0x00, 0x00, 0x00, 0x00, 0x00, 0x00,
    0x00, 0x00, 0x00, 0x00, 0x00, 0x00, 0x00, 0x00, 0x00, 0x00, 0x00, 0x00, 0x00, 0x00, 0x00, 0x00,
    0x00, 0x00, 0x00, 0x00, 0x00, 0x00, 0x00, 0x00, 0x00, 0x00, 0x00, 0x00, 0x00, 0x00, 0x00, 0x00,
    0x00, 0x00, 0x00, 0x00, 0x00, 0x00, 0x00, 0x00, 0x00, 0x00, 0x00, 0x00, 0x00, 0x00, 0x00, 0x00,
    0x00, 0x00, 0x00, 0x00, 0x00, 0x00, 0x00, 0x00, 0x00, 0x00, 0x00, 0x00, 0x00, 0x00, 0x00, 0x00,
    0x00, 0x00, 0x00, 0x00, 0x00, 0x00, 0x00, 0x00, 0x00, 0x00, 0x00, 0x00, 0x00, 0x00, 0x00, 0x00,
    0x00, 0x00, 0x00, 0x00, 0x00, 0x00, 0x00, 0x00, 0x00, 0x00, 0x00, 0x00, 0x00, 0x00, 0x00, 0x00,
    0x00, 0x00, 0x00, 0x00, 0x00, 0x00, 0x00, 0x00, 0x00, 0x00, 0x00, 0x00, 0x00, 0x00, 0x00, 0x00,
    0x8D, 0xB5, 0x5C, 0x05, 0x0E, 0x0E, 0x0E, 0x0A, 0x9A, 0x26, 0x13, 0x08, 0x10, 0x10, 0x10, 0x08,
    0xA3, 0xB4, 0x24, 0x05, 0x10, 0x0E, 0x10, 0x07, 0x8D, 0x67, 0x52, 0x07, 0x0E, 0x0E, 0x10, 0x08,
    0x07, 0xDD, 0xE2, 0x16, 0x1C, 0x2D, 0x38, 0x42, 0x11, 0xE4, 0xD0, 0x12, 0x1C, 0x25, 0x2A, 0x44,
    0x13, 0xE8, 0xCA, 0x0E, 0x18, 0x1D, 0x17, 0x44, 0x11, 0xE5, 0xC8, 0x0A, 0x13, 0x18, 0x1C, 0x26,
    0x49, 0x57, 0x5E, 0x6F, 0x86, 0xA6, 0xBC, 0xC6, 0x44, 0x44, 0x47, 0x56, 0x56, 0xA7, 0x56, 0xB7,
    0x44, 0x44, 0x44, 0x44, 0x56, 0x56, 0x56, 0xB3, 0x27, 0x3C, 0x4B, 0x58, 0x5F, 0x8B, 0xA0, 0xB7,
    0xCA, 0xCA, 0xEB, 0x45, 0x04, 0x12, 0x11, 0x10, 0xCD, 0xBE, 0xE5, 0xD5, 0x08, 0x0A, 0x11, 0x10,
    0xCC, 0xAC, 0xE5, 0xE4, 0x0C, 0x08, 0x11, 0x10, 0xC9, 0xB2, 0xE2, 0xD8, 0x09, 0x0A, 0x11, 0x10,
    0x0E, 0x05, 0xF2, 0xEB, 0x40, 0xF6, 0x69, 0x03, 0x0E, 0x05, 0xF2, 0xED, 0x02, 0xBE, 0xF5, 0xCA,
    0x0E, 0x05, 0xF2, 0xEE, 0x03, 0x04, 0x63, 0xF3, 0x0E, 0x05, 0xF2, 0xEE, 0x03, 0x13, 0x04, 0x26,
    0x04, 0x09, 0x08, 0x07, 0x09, 0x09, 0x09, 0x0A, 0x03, 0x03, 0x0A, 0x09, 0x08, 0x09, 0x0A, 0x0C,
    0xE4, 0x04, 0x03, 0x07, 0x0C, 0x09, 0x0A, 0x0C, 0xEF, 0xEE, 0x26, 0x03, 0x04, 0x0D, 0x0D, 0x0C,
    0x0A, 0x0C, 0x0D, 0x0D, 0x0E, 0x0E, 0x0E, 0x10, 0x0C, 0x0C, 0x0C, 0x0D, 0x0E, 0x0E, 0x0E, 0x10,
    0x0C, 0x0C, 0x0D, 0x0D, 0x0E, 0x10, 0x0E, 0x11, 0x0C, 0x0D, 0x0D, 0x0D, 0x0E, 0x0E, 0x10, 0x10,
    0x12, 0x12, 0x13, 0x16, 0x17, 0x19, 0x1B, 0x1C, 0x12, 0x12, 0x16, 0x16, 0x17, 0x1A, 0x1C, 0x1C,
    0x12, 0x12, 0x13, 0x19, 0x19, 0x1A, 0x1C, 0x1C, 0x12, 0x12, 0x17, 0x19, 0x19, 0x19, 0x1A, 0x1C,
    0x1F, 0x22, 0x24, 0x24, 0x26, 0x26, 0x26, 0x2B, 0x1F, 0x22, 0x22, 0x24, 0x26, 0x26, 0x27, 0x2C,
    0x1F, 0x21, 0x22, 0x22, 0x26, 0x27, 0x27, 0x2B, 0x1F, 0x22, 0x24, 0x24, 0x24, 0x27, 0x2C, 0x2B,
    0x2C, 0x30, 0x2C, 0x31, 0x31, 0x3B, 0x3B, 0x3B, 0x30, 0x30, 0x35, 0x30, 0x35, 0x36, 0x3E, 0x3A,
    0x2B, 0x2C, 0x30, 0x35, 0x31, 0x36, 0x3E, 0x36, 0x2B, 0x2F, 0x2C, 0x30, 0x31, 0x3A, 0x3A, 0x3A,
    0x3A, 0x3A, 0x3A, 0x3E, 0x3B, 0x3E, 0x45, 0x3E, 0x3E, 0x3A, 0x3A, 0x3B, 0x40, 0x40, 0x3E, 0x12,
    0x3A, 0x3A, 0x3A, 0x3E, 0x46, 0x26, 0x0E, 0x6B, 0x36, 0x3B, 0x46, 0x3E, 0x17, 0x17, 0xDA, 0xF4,
    0x19, 0x16, 0xEC, 0xF6, 0xCE, 0xF5, 0xE1, 0x07, 0x27, 0xEF, 0xF8, 0x27, 0x0E, 0xF9, 0xDE, 0x07,
    0xF2, 0xF3, 0x40, 0x03, 0x50, 0xF9, 0xDE, 0x07, 0xEC, 0x13, 0x09, 0x0D, 0x50, 0xF9, 0xDE, 0x07,
    0x22, 0x24, 0x24, 0x17, 0x40, 0xED, 0x60, 0x13, 0x24, 0x24, 0x25, 0x17, 0x50, 0xED, 0x1D, 0x13,
    0x22, 0x24, 0x25, 0x16, 0x59, 0xEC, 0x13, 0x12, 0x24, 0x24, 0x25, 0x16, 0x58, 0xED, 0x13, 0x0C,
    0x2C, 0x2B, 0x38, 0x47, 0x4E, 0x5A, 0x65, 0x7E, 0x25, 0x26, 0x2C, 0x2A, 0x2A, 0x44, 0x45, 0x50,
    0x1D, 0x23, 0x22, 0x1E, 0x2A, 0x44, 0x44, 0x44, 0x19, 0x1A, 0x21, 0x24, 0x2B, 0x4A, 0x50, 0x58,
    0xA1, 0xB1, 0xB8, 0xC9, 0xCE, 0xD2, 0xEB, 0x04, 0x56, 0xA7, 0xB8, 0xC6, 0xCC, 0xCC, 0xED, 0x5C,
    0x44, 0x56, 0xBC, 0xC1, 0xCB, 0xCB, 0xEA, 0xAC, 0x6B, 0x8B, 0xB0, 0xB9, 0xC9, 0xC9, 0xEC, 0x67,
    0x20, 0x2B, 0x27, 0x2B, 0x05, 0x5C, 0xB5, 0xCB, 0x11, 0x35, 0x27, 0x27, 0x08, 0x13, 0x26, 0xCD,
    0x11, 0x35, 0x2B, 0x27, 0x05, 0x24, 0xB4, 0xD1, 0x11, 0x30, 0x27, 0x2B, 0x07, 0x52, 0x67, 0xCB,
    0x00, 0x00, 0x00, 0x00, 0x00, 0x00, 0x00, 0x00, 0x00, 0x00, 0x00, 0x00, 0x00, 0x00, 0x00, 0x00,
    0x00, 0x00, 0x00, 0x00, 0x00, 0x00, 0x00, 0x00, 0x00, 0x00, 0x00, 0x00, 0x00, 0x00, 0x00, 0x00,
    0x00, 0x00, 0x00, 0x00, 0x00, 0x00, 0x00, 0x00, 0x00, 0x00, 0x00, 0x00, 0x00, 0x00, 0x00, 0x00,
    0x00, 0x00, 0x00, 0x00, 0x00, 0x00, 0x00, 0x00, 0x00, 0x00, 0x00, 0x00, 0x00, 0x00, 0x00, 0x00,
    0x00, 0x00, 0x00, 0x00, 0x00, 0x00, 0x00, 0x00, 0x00, 0x00, 0x00, 0x00, 0x00, 0x00, 0x00, 0x00,
    0x00, 0x00, 0x00, 0x00, 0x00, 0x00, 0x00, 0x00, 0x00, 0x00, 0x00, 0x00, 0x00, 0x00, 0x00, 0x00,
    0x00, 0x00, 0x00, 0x00, 0x00, 0x00, 0x00, 0x00, 0x00, 0x00, 0x00, 0x00, 0x00, 0x00, 0x00, 0x00,
    0x00, 0x00, 0x00, 0x00, 0x00, 0x00, 0x00, 0x00, 0x00, 0x00, 0x00, 0x00, 0x00, 0x00, 0x00, 0x00,
    0x00, 0x00, 0x00, 0x00, 0x00, 0x00, 0x00, 0x00, 0x00, 0x00, 0x00, 0x00, 0x00, 0x00, 0x00, 0x00,
    0x00, 0x00, 0x00, 0x00, 0x00, 0x00, 0x00, 0x00, 0x00, 0x00, 0x00, 0x00, 0x00, 0x00, 0x00, 0x00,
    0x00, 0x00, 0x00, 0x00, 0x00, 0x00, 0x00, 0x00, 0x00, 0x00, 0x00, 0x00, 0x00, 0x00, 0x00, 0x00,
    0x00, 0x00, 0x00, 0x00, 0x00, 0x00, 0x00, 0x00, 0x00, 0x00, 0x00, 0x00, 0x00, 0x00, 0x00, 0x00,
    0x00, 0x00, 0x00, 0x00, 0x00, 0x00, 0x00, 0x00, 0x00, 0x00, 0x00, 0x00, 0x00, 0x00, 0x00, 0x00,
    0x00, 0x00, 0x00, 0x00, 0x00, 0x00, 0x00, 0x00, 0x00, 0x00, 0x00, 0x00, 0x00, 0x00, 0x00, 0x00,
    0x00, 0x00, 0x00, 0x00, 0x00, 0x00, 0x00, 0x00, 0x00, 0x00, 0x00, 0x00, 0x00, 0x00, 0x00, 0x00,
    0x00, 0x00, 0x00, 0x00, 0x00, 0x00, 0x00, 0x00, 0x00, 0x00, 0x00, 0x00, 0x00, 0x00, 0x00, 0x00,
    0x00, 0x00, 0x00, 0x00, 0x00, 0x00, 0x00, 0x00, 0x00, 0x00, 0x00, 0x00, 0x00, 0x00, 0x00, 0x00,
    0x00, 0x00, 0x00, 0x00, 0x00, 0x00, 0x00, 0x00, 0x00, 0x00, 0x00, 0x00, 0x00, 0x00, 0x00, 0x00,
    0x00, 0x00, 0x00, 0x00, 0x00, 0x00, 0x00, 0x00, 0x00, 0x00, 0x00, 0x00, 0x00, 0x00, 0x00, 0x00,
    0x00, 0x00, 0x00, 0x00, 0x00, 0x00, 0x00, 0x00, 0x00, 0x00, 0x00, 0x00, 0x00, 0x00, 0x00, 0x00,
    0x00, 0x00, 0x00, 0x00, 0x00, 0x00, 0x00, 0x00, 0x00, 0x00, 0x00, 0x00, 0x00, 0x00, 0x00, 0x00,
    0x00, 0x00, 0x00, 0x00, 0x00, 0x00, 0x00, 0x00, 0x00, 0x00, 0x00, 0x00, 0x00, 0x00, 0x00, 0x00,
    0x00, 0x00, 0x00, 0x00, 0x00, 0x00, 0x00, 0x00, 0x00, 0x00, 0x00, 0x00, 0x00, 0x00, 0x00, 0x00,
    0x00, 0x00, 0x00, 0x00, 0x00, 0x00, 0x00, 0x00, 0x00, 0x00, 0x00, 0x02, 0x03, 0x07, 0x16, 0x5A,
    0x00, 0x00, 0x00, 0x00, 0x00, 0x00, 0x00, 0x00, 0x00, 0x00, 0x00, 0x00, 0x00, 0x00, 0x00, 0x00,
    0x00, 0x00, 0x03, 0x04, 0x12, 0x46, 0xAC, 0xD5, 0xAC, 0xDE, 0xE5, 0xE6, 0xE8, 0xE6, 0xE4, 0xE5,
    0x00, 0x00, 0x00, 0x00, 0x00, 0x00, 0x00, 0x00, 0x02, 0x03, 0x04, 0x04, 0x03, 0x03, 0x02, 0x00,
    0xE1, 0xE5, 0xE4, 0xE4, 0xE3, 0xE2, 0xD9, 0x93, 0xE5, 0xE5, 0xE5, 0xE5, 0xE5, 0xE4, 0xE4, 0xE4,
    0x00, 0x00, 0x00, 0x00, 0x00, 0x00, 0x00, 0x00, 0x00, 0x00, 0x00, 0x00, 0x00, 0x00, 0x00, 0x00,
    0x23, 0x04, 0x00, 0x00, 0x00, 0x00, 0x00, 0x00, 0xE3, 0xE2, 0xC4, 0x23, 0x02, 0x00, 0x00, 0x00,
    0x00, 0x00, 0x00, 0x00, 0x00, 0x00, 0x00, 0x00, 0x00, 0x00, 0x00, 0x00, 0x00, 0x00, 0x00, 0x00,
    0x00, 0x00, 0x00, 0x00, 0x00, 0x00, 0x00, 0x00, 0x00, 0x00, 0x00, 0x00, 0x00, 0x00, 0x00, 0x00,
    0x9A, 0x3B, 0x0D, 0x07, 0x11, 0x0E, 0x10, 0x0C, 0x93, 0xC8, 0x4B, 0x05, 0x0E, 0x0E, 0x0E, 0x0E,
    0x8D, 0x3E, 0x2F, 0x07, 0x0E, 0x10, 0x0E, 0x11, 0x9C, 0x59, 0x10, 0x07, 0x10, 0x0E, 0x0E, 0x10,
    0x07, 0xDE, 0xDC, 0x09, 0x0D, 0x15, 0x18, 0x23, 0x04, 0xA8, 0xEC, 0x16, 0x08, 0x15, 0x19, 0x21,
    0x07, 0x11, 0xEC, 0xC6, 0x04, 0x15, 0x1C, 0x21, 0x0E, 0x04, 0xA8, 0xEF, 0x2B, 0x05, 0x24, 0x26,
    0x33, 0x3F, 0x4A, 0x5A, 0x65, 0x86, 0xA4, 0xB2, 0x27, 0x3D, 0x47, 0x55, 0x63, 0x78, 0x96, 0xB1,
    0x27, 0x3B, 0x47, 0x54, 0x61, 0x78, 0x9D, 0xB6, 0x2C, 0x3E, 0x4B, 0x59, 0x63, 0x7F, 0xAC, 0x72,
    0xC3, 0xB4, 0xE8, 0xC9, 0x09, 0x0C, 0x11, 0x10, 0xB4, 0xC3, 0xEC, 0x61, 0x05, 0x10, 0x11, 0x10,
    0x83, 0xE1, 0xE5, 0x10, 0x07, 0x11, 0x0E, 0x0E, 0xB6, 0xEC, 0x7A, 0x04, 0x0E, 0x10, 0x10, 0x10,
    0x0E, 0x05, 0xF2, 0xEE, 0x03, 0x17, 0x11, 0x04, 0x0E, 0x05, 0xF2, 0xEE, 0x03, 0x16, 0x12, 0x12,
    0x0E, 0x05, 0xF2, 0xEE, 0x03, 0x13, 0x10, 0x11, 0x0E, 0x05, 0xF2, 0xEE, 0x03, 0x13, 0x10, 0x11,
    0x0A, 0xE4, 0xF1, 0xD8, 0x05, 0x03, 0x08, 0x10, 0x07, 0x04, 0x83, 0xEE, 0xED, 0x66, 0x04, 0x03,
    0x13, 0x0C, 0x04, 0x12, 0xD8, 0xEF, 0xEB, 0x54, 0x11, 0x11, 0x11, 0x07, 0x05, 0x2B, 0xDE, 0xEE,
    0x0E, 0x0D, 0x0D, 0x0E, 0x0E, 0x0E, 0x11, 0x11, 0x09, 0x12, 0x11, 0x0E, 0x0E, 0x10, 0x11, 0x12,
    0x04, 0x04, 0x08, 0x11, 0x12, 0x11, 0x12, 0x12, 0xEB, 0x72, 0x09, 0x03, 0x05, 0x0C, 0x12, 0x19,
    0x12, 0x16, 0x17, 0x17, 0x19, 0x1A, 0x1C, 0x1D, 0x13, 0x13, 0x16, 0x19, 0x19, 0x1A, 0x1C, 0x1C,
    0x13, 0x13, 0x16, 0x19, 0x19, 0x1A, 0x1C, 0x1C, 0x17, 0x17, 0x17, 0x1A, 0x1A, 0x1A, 0x1C, 0x1F,
    0x1F, 0x21, 0x22, 0x24, 0x27, 0x27, 0x2B, 0x2B, 0x21, 0x22, 0x22, 0x24, 0x26, 0x27, 0x27, 0x2B,
    0x1F, 0x22, 0x25, 0x24, 0x27, 0x27, 0x2B, 0x27, 0x21, 0x21, 0x24, 0x26, 0x27, 0x26, 0x27, 0x2B,
    0x30, 0x2B, 0x31, 0x31, 0x39, 0x36, 0x36, 0x3A, 0x2F, 0x30, 0x30, 0x31, 0x35, 0x36, 0x40, 0x40,
    0x27, 0x2B, 0x30, 0x36, 0x3B, 0x35, 0x1C, 0x10, 0x31, 0x35, 0x27, 0x22, 0x13, 0x11, 0x47, 0xDA,
    0x3E, 0x45, 0x1F, 0x10, 0x5C, 0xEC, 0xF2, 0xD5, 0x22, 0x0E, 0x2B, 0xE1, 0xF1, 0xEB, 0x50, 0x08,
    0x22, 0xD7, 0xEE, 0xED, 0xC7, 0x17, 0x0D, 0x1B, 0xED, 0xED, 0xD5, 0x30, 0x0D, 0x16, 0x1F, 0x1F,
    0x09, 0x0C, 0x27, 0x09, 0x4B, 0xF9, 0xDE, 0x07, 0x17, 0x23, 0x25, 0x0A, 0x4D, 0xF9, 0xDE, 0x07,
    0x22, 0x1F, 0x22, 0x0A, 0x4D, 0xF9, 0xDE, 0x07, 0x1F, 0x1F, 0x24, 0x09, 0x4D, 0xF9, 0xDE, 0x07,
    0x22, 0x24, 0x24, 0x19, 0x3E, 0xEE, 0x40, 0x08, 0x22, 0x24, 0x24, 0x1F, 0x1A, 0xE6, 0xD8, 0x04,
    0x22, 0x22, 0x24, 0x25, 0x12, 0xA0, 0xEE, 0x0C, 0x22, 0x22, 0x24, 0x24, 0x1C, 0x1C, 0xEA, 0xE5,
    0x16, 0x16, 0x1D, 0x28, 0x3D, 0x48, 0x53, 0x64, 0x19, 0x15, 0x1C, 0x25, 0x30, 0x45, 0x4D, 0x59,
    0x08, 0x1F, 0x1C, 0x25, 0x2E, 0x40, 0x50, 0x58, 0x04, 0x13, 0x27, 0x26, 0x33, 0x41, 0x50, 0x5D,
    0x77, 0x98, 0xAC, 0xB8, 0xC9, 0xC1, 0xED, 0x27, 0x6C, 0x84, 0xA4, 0xBD, 0xB9, 0xD8, 0xE6, 0x0C,
    0x6B, 0x84, 0xA4, 0xBD, 0x76, 0xEC, 0x8C, 0x10, 0x68, 0x8E, 0xB0, 0x60, 0xDE, 0xE8, 0x0E, 0x27,
    0x19, 0x30, 0x2B, 0x27, 0x07, 0x0D, 0x3B, 0xCD, 0x27, 0x27, 0x27, 0x27, 0x05, 0x4B, 0xC8, 0xCE,
    0x30, 0x27, 0x27, 0x25, 0x07, 0x2F, 0x3E, 0xC8, 0x27, 0x25, 0x2B, 0x27, 0x07, 0x10, 0x59, 0xCE,
    0x00, 0x00, 0x00, 0x00, 0x00, 0x00, 0x00, 0x00, 0x00, 0x00, 0x00, 0x00, 0x00, 0x00, 0x00, 0x00,
    0x00, 0x00, 0x00, 0x00, 0x00, 0x00, 0x00, 0x00, 0x00, 0x00, 0x00, 0x00, 0x00, 0x00, 0x00, 0x00,
    0x00, 0x00, 0x00, 0x00, 0x00, 0x00, 0x00, 0x00, 0x00, 0x00, 0x00, 0x00, 0x00, 0x00, 0x00, 0x00,
    0x00, 0x00, 0x00, 0x00, 0x00, 0x00, 0x00, 0x00, 0x00, 0x00, 0x00, 0x00, 0x00, 0x00, 0x00, 0x00,
    0x00, 0x00, 0x00, 0x00, 0x00, 0x00, 0x00, 0x00, 0x00, 0x00, 0x00, 0x00, 0x00, 0x00, 0x00, 0x00,
    0x00, 0x00, 0x00, 0x00, 0x00, 0x00, 0x00, 0x00, 0x00, 0x00, 0x00, 0x00, 0x00, 0x00, 0x00, 0x00,
    0x00, 0x00, 0x00, 0x00, 0x00, 0x00, 0x00, 0x00, 0x00, 0x00, 0x00, 0x00, 0x00, 0x00, 0x00, 0x00,
    0x00, 0x00, 0x00, 0x00, 0x00, 0x00, 0x00, 0x00, 0x00, 0x00, 0x00, 0x00, 0x00, 0x00, 0x00, 0x00,
    0x00, 0x00, 0x00, 0x00, 0x00, 0x00, 0x00, 0x00, 0x00, 0x00, 0x00, 0x00, 0x00, 0x00, 0x00, 0x00,
    0x00, 0x00, 0x00, 0x00, 0x00, 0x00, 0x00, 0x00, 0x00, 0x00, 0x00, 0x00, 0x00, 0x00, 0x00, 0x00,
    0x00, 0x00, 0x00, 0x00, 0x00, 0x00, 0x00, 0x00, 0x00, 0x00, 0x00, 0x00, 0x00, 0x00, 0x00, 0x00,
    0x00, 0x00, 0x00, 0x00, 0x00, 0x00, 0x00, 0x00, 0x00, 0x00, 0x00, 0x00, 0x00, 0x00, 0x00, 0x00,
    0x00, 0x00, 0x00, 0x00, 0x00, 0x00, 0x00, 0x00, 0x00, 0x00, 0x00, 0x00, 0x00, 0x00, 0x00, 0x00,
    0x00, 0x00, 0x00, 0x00, 0x00, 0x00, 0x00, 0x00, 0x00, 0x00, 0x00, 0x00, 0x00, 0x00, 0x00, 0x00,
    0x00, 0x00, 0x00, 0x00, 0x00, 0x00, 0x00, 0x00, 0x00, 0x00, 0x00, 0x00, 0x00, 0x00, 0x00, 0x00,
    0x00, 0x00, 0x00, 0x00, 0x00, 0x00, 0x00, 0x00, 0x00, 0x00, 0x00, 0x00, 0x00, 0x00, 0x00, 0x00,
    0x00, 0x00, 0x00, 0x00, 0x00, 0x00, 0x00, 0x00, 0x00, 0x00, 0x00, 0x00, 0x00, 0x00, 0x00, 0x00,
    0x00, 0x00, 0x00, 0x00, 0x00, 0x00, 0x00, 0x00, 0x00, 0x00, 0x00, 0x02, 0x03, 0x12, 0x28, 0x7E,
    0x00, 0x00, 0x00, 0x00, 0x00, 0x00, 0x00, 0x00, 0x00, 0x00, 0x00, 0x00, 0x00, 0x00, 0x00, 0x02,
    0x00, 0x02, 0x03, 0x0A, 0x25, 0x6F, 0xD0, 0xE2, 0xCC, 0xE1, 0xEA, 0xEA, 0xEA, 0xEA, 0xEA, 0xEA,
    0x00, 0x00, 0x00, 0x00, 0x00, 0x02, 0x03, 0x04, 0x03, 0x07, 0x28, 0x5C, 0xBD, 0xDE, 0xE6, 0xEA,
    0xE8, 0xE8, 0xE6, 0xEA, 0xEA, 0xEA, 0xE8, 0xE8, 0xEA, 0xEA, 0xEA, 0xEA, 0xEA, 0xEA, 0xE8, 0xE8,
    0x13, 0x47, 0xBD, 0xDA, 0xE6, 0xE5, 0xE8, 0xE6, 0xE8, 0xEA, 0xE8, 0xE8, 0xE8, 0xE8, 0xE8, 0xE6,
    0xE8, 0xE8, 0xE8, 0xE8, 0xE8, 0xE6, 0xE6, 0xE6, 0xE8, 0xE8, 0xE8, 0xE6, 0xE6, 0xE6, 0xE5, 0xE5,
    0xE6, 0xE5, 0xE6, 0xE5, 0xE5, 0xE5, 0xE4, 0xE4, 0xE6, 0xE6, 0xE5, 0xE5, 0xE4, 0xE4, 0xE4, 0xE4,
    0xE5, 0xE5, 0xE5, 0xE4, 0xE4, 0xE4, 0xE3, 0xE3, 0xE4, 0xE4, 0xE3, 0xE3, 0xE2, 0xE2, 0xE2, 0xE1,
    0xE4, 0xE4, 0xE4, 0xE4, 0xE4, 0xE4, 0xE2, 0xE2, 0xE4, 0xE3, 0xE3, 0xE3, 0xE2, 0xE2, 0xE2, 0xE1,
    0xE2, 0xE2, 0xE1, 0xE1, 0xE1, 0xE1, 0xE1, 0xDE, 0xE1, 0xE1, 0xDE, 0xDE, 0xDD, 0xDC, 0xDB, 0xDB,
    0xE1, 0xE1, 0xE3, 0xE2, 0xE2, 0x38, 0x02, 0x00, 0xE1, 0xE1, 0xE1, 0xE1, 0xDD, 0xDC, 0xBD, 0x03,
    0xDE, 0xDD, 0xDE, 0xDD, 0xDE, 0xDE, 0xE1, 0xE1, 0xDA, 0xD9, 0xD8, 0xD9, 0xDB, 0xDB, 0xDB, 0xDC,
    0x00, 0x00, 0x00, 0x00, 0x00, 0x00, 0x00, 0x00, 0x00, 0x00, 0x00, 0x00, 0x00, 0x00, 0x00, 0x00,
    0x0E, 0x00, 0x00, 0x00, 0x00, 0x00, 0x00, 0x00, 0xE1, 0x26, 0x00, 0x00, 0x00, 0x00, 0x00, 0x00,
    0x8D, 0xBA, 0x60, 0x05, 0x0E, 0x0E, 0x0E, 0x0E, 0x8D, 0x23, 0x16, 0x09, 0x10, 0x0E, 0x0E, 0x0E,
    0x9A, 0x9A, 0x17, 0x05, 0x10, 0x0E, 0x0E, 0x0E, 0x8D, 0x8C, 0x5F, 0x07, 0x0D, 0x0E, 0x0E, 0x0D,
    0x10, 0x09, 0x05, 0xE1, 0xEE, 0x26, 0x07, 0x25, 0x0E, 0x10, 0x07, 0x08, 0xDE, 0xEF, 0xBD, 0x13,
    0x0E, 0x0E, 0x10, 0x07, 0x07, 0x99, 0xED, 0xEB, 0x0D, 0x0D, 0x0E, 0x10, 0x0C, 0x07, 0x13, 0xA8,
    0x40, 0x48, 0x4D, 0x59, 0x6B, 0x80, 0x5D, 0x85, 0x12, 0x22, 0x3F, 0x4B, 0x46, 0x49, 0xCC, 0xED,
    0xDC, 0xC6, 0x97, 0xCA, 0xE1, 0xEB, 0xEC, 0xAC, 0xE2, 0xEC, 0xDC, 0xD7, 0xEA, 0xB8, 0x1C, 0x07,
    0xEC, 0xD9, 0x07, 0x0A, 0x10, 0x10, 0x0E, 0x10, 0xDC, 0x09, 0x07, 0x10, 0x0E, 0x0E, 0x10, 0x10,
    0x08, 0x09, 0x10, 0x10, 0x0E, 0x10, 0x10, 0x10, 0x0A, 0x0E, 0x10, 0x0E, 0x10, 0x10, 0x10, 0x10,
    0x0E, 0x05, 0xF2, 0xEE, 0x03, 0x13, 0x11, 0x11, 0x0D, 0x05, 0xF2, 0xEE, 0x03, 0x13, 0x10, 0x10,
    0x0E, 0x05, 0xF2, 0xEE, 0x03, 0x13, 0x10, 0x10, 0x0E, 0x05, 0xF2, 0xEE, 0x03, 0x16, 0x11, 0x11,
    0x11, 0x12, 0x11, 0x12, 0x0E, 0x07, 0x08, 0x2B, 0x10, 0x11, 0x11, 0x11, 0x12, 0x11, 0x0E, 0x09,
    0x10, 0x11, 0x11, 0x11, 0x11, 0x11, 0x11, 0x12, 0x10, 0x10, 0x11, 0x11, 0x11, 0x11, 0x11, 0x11,
    0xD5, 0xEC, 0xED, 0xDA, 0x4B, 0x05, 0x05, 0x05, 0x09, 0x19, 0x8C, 0xE5, 0xED, 0xEC, 0xE4, 0x83,
    0x10, 0x0A, 0x09, 0x0C, 0x24, 0x8C, 0xDE, 0xEB, 0x11, 0x12, 0x11, 0x0E, 0x0D, 0x0A, 0x09, 0x11,
    0x09, 0x11, 0x19, 0x1C, 0x1C, 0x1C, 0x1F, 0x22, 0x2C, 0x17, 0x08, 0x07, 0x07, 0x09, 0x0C, 0x0D,
    0xED, 0xED, 0xEA, 0xDE, 0xD2, 0xD0, 0xB8, 0x9A, 0x25, 0x5F, 0xC9, 0xDA, 0xE2, 0xE6, 0xE8, 0xEA,
    0x23, 0x24, 0x27, 0x27, 0x2B, 0x2B, 0x25, 0x1F, 0x0E, 0x0E, 0x11, 0x0E, 0x0E, 0x10, 0x17, 0x35,
    0xA1, 0xAA, 0xC7, 0xD5, 0xDA, 0xE2, 0xEB, 0xED, 0xEB, 0xEA, 0xE8, 0xE6, 0xE1, 0xDA, 0xC7, 0x59,
    0x17, 0x12, 0x12, 0x2B, 0xB4, 0xE6, 0xED, 0xEB, 0x63, 0xD0, 0xE8, 0xED, 0xEC, 0xE1, 0x6E, 0x20,
    0xEC, 0xE8, 0xD9, 0x7B, 0x27, 0x12, 0x10, 0x13, 0x28, 0x17, 0x11, 0x11, 0x13, 0x17, 0x19, 0x1C,
    0xCA, 0x3A, 0x10, 0x11, 0x1C, 0x1F, 0x1F, 0x1F, 0x12, 0x13, 0x19, 0x1A, 0x1C, 0x1C, 0x1F, 0x1F,
    0x1A, 0x1C, 0x1C, 0x1C, 0x1C, 0x1C, 0x1F, 0x1C, 0x1A, 0x1C, 0x1A, 0x1A, 0x1A, 0x1C, 0x1C, 0x1F,
    0x1F, 0x1C, 0x24, 0x0A, 0x4B, 0xF9, 0xDE, 0x07, 0x1F, 0x1F, 0x22, 0x09, 0x4C, 0xF9, 0xDE, 0x07,
    0x1F, 0x1F, 0x24, 0x09, 0x4B, 0xF9, 0xDE, 0x07, 0x1C, 0x1C, 0x22, 0x09, 0x4B, 0xF9, 0xDE, 0x07,
    0x1F, 0x22, 0x22, 0x22, 0x25, 0x17, 0x47, 0xEE, 0x22, 0x22, 0x22, 0x22, 0x24, 0x24, 0x13, 0x58,
    0x1F, 0x22, 0x22, 0x22, 0x24, 0x22, 0x22, 0x13, 0x22, 0x22, 0x22, 0x22, 0x22, 0x22, 0x24, 0x22,
    0xDE, 0x04, 0x0E, 0x3B, 0x40, 0x49, 0x52, 0x5D, 0xED, 0xE9, 0x38, 0x0C, 0x17, 0x2E, 0x45, 0x4B,
    0x3A, 0xE4, 0xEE, 0xE4, 0xD2, 0xA5, 0x8F, 0xD2, 0x19, 0x19, 0x58, 0xDA, 0xEA, 0xEC, 0xEC, 0xEB,
    0x77, 0x80, 0x50, 0xD5, 0xED, 0x3A, 0x17, 0x2B, 0x40, 0x63, 0xE2, 0xEC, 0x54, 0x16, 0x2B, 0x25,
    0xE3, 0xEC, 0xE4, 0x48, 0x17, 0x27, 0x25, 0x27, 0xE1, 0x6E, 0x1A, 0x1A, 0x24, 0x25, 0x25, 0x27,
    0x25, 0x27, 0x25, 0x27, 0x05, 0x60, 0xBA, 0xCB, 0x27, 0x27, 0x27, 0x25, 0x09, 0x16, 0x23, 0xC8,
    0x27, 0x27, 0x27, 0x25, 0x05, 0x17, 0x9A, 0xCE, 0x27, 0x27, 0x25, 0x25, 0x07, 0x5F, 0x8C, 0xC4,
    0x00, 0x00, 0x00, 0x00, 0x00, 0x00, 0x00, 0x00, 0x00, 0x00, 0x00, 0x00, 0x00, 0x00, 0x00, 0x00,
    0x00, 0x00, 0x00, 0x00, 0x00, 0x00, 0x00, 0x00, 0x00, 0x00, 0x00, 0x00, 0x00, 0x00, 0x00, 0x00,
    0x00, 0x00, 0x00, 0x00, 0x00, 0x00, 0x00, 0x00, 0x00, 0x00, 0x00, 0x00, 0x00, 0x00, 0x00, 0x00,
    0x00, 0x00, 0x00, 0x00, 0x00, 0x00, 0x00, 0x00, 0x00, 0x00, 0x00, 0x00, 0x00, 0x00, 0x00, 0x00,
    0x00, 0x00, 0x00, 0x00, 0x00, 0x00, 0x00, 0x00, 0x00, 0x00, 0x00, 0x00, 0x00, 0x00, 0x00, 0x00,
    0x00, 0x00, 0x00, 0x00, 0x00, 0x00, 0x00, 0x00, 0x00, 0x00, 0x00, 0x00, 0x00, 0x00, 0x00, 0x00,
    0x00, 0x00, 0x00, 0x00, 0x00, 0x00, 0x00, 0x00, 0x00, 0x00, 0x00, 0x00, 0x00, 0x00, 0x00, 0x00,
    0x00, 0x00, 0x00, 0x00, 0x00, 0x00, 0x00, 0x00, 0x00, 0x00, 0x00, 0x00, 0x00, 0x00, 0x00, 0x00,
    0x00, 0x00, 0x00, 0x00, 0x00, 0x00, 0x00, 0x00, 0x00, 0x00, 0x00, 0x00, 0x00, 0x00, 0x00, 0x00,
    0x00, 0x00, 0x00, 0x00, 0x00, 0x00, 0x00, 0x00, 0x00, 0x00, 0x00, 0x00, 0x00, 0x00, 0x00, 0x00,
    0x00, 0x00, 0x00, 0x00, 0x00, 0x00, 0x00, 0x00, 0x00, 0x00, 0x00, 0x00, 0x00, 0x00, 0x00, 0x00,
    0x00, 0x00, 0x00, 0x00, 0x00, 0x00, 0x00, 0x00, 0x00, 0x00, 0x00, 0x00, 0x00, 0x00, 0x00, 0x00,
    0x00, 0x00, 0x00, 0x00, 0x00, 0x00, 0x00, 0x00, 0x00, 0x00, 0x00, 0x00, 0x00, 0x00, 0x00, 0x00,
    0x00, 0x00, 0x00, 0x03, 0x0A, 0x38, 0xA4, 0xD1, 0x03, 0x18, 0xD3, 0xE6, 0xEA, 0xE8, 0xE8, 0xE8,
    0x00, 0x00, 0x00, 0x00, 0x00, 0x02, 0x03, 0x07, 0x03, 0x07, 0x16, 0x53, 0xB6, 0xDE, 0xEA, 0xEA,
    0xE8, 0xE6, 0xEA, 0xEA, 0xEB, 0xEB, 0xEB, 0xEB, 0xE5, 0xE4, 0xE4, 0xE3, 0xE4, 0xE5, 0xE6, 0xE8,
    0x27, 0x93, 0xDA, 0xE2, 0xEA, 0xEA, 0xEA, 0xEA, 0xEA, 0xE8, 0xEA, 0xEB, 0xEB, 0xEB, 0xEB, 0xEB,
    0xEB, 0xEB, 0xEB, 0xEB, 0xEB, 0xEB, 0xEB, 0xEB, 0xEA, 0xEA, 0xEB, 0xEB, 0xEB, 0xEB, 0xEB, 0xEA,
    0xEB, 0xEB, 0xEB, 0xEB, 0xEB, 0xEB, 0xEA, 0xEA, 0xEB, 0xEB, 0xEB, 0xEB, 0xEB, 0xEA, 0xEA, 0xEA,
    0xEB, 0xEB, 0xEB, 0xEB, 0xEA, 0xEA, 0xEA, 0xEA, 0xEA, 0xEA, 0xEA, 0xEA, 0xEA, 0xEA, 0xE8, 0xE8,
    0xEA, 0xEA, 0xEA, 0xEA, 0xE8, 0xE8, 0xE8, 0xE8, 0xEA, 0xEA, 0xEA, 0xE8, 0xE8, 0xE8, 0xE8, 0xE6,
    0xE8, 0xE8, 0xE8, 0xE8, 0xE8, 0xE6, 0xE5, 0xE4, 0xE8, 0xE8, 0xE6, 0xE6, 0xE5, 0xE4, 0xE4, 0xE3,
    0xE8, 0xE6, 0xE6, 0xE5, 0xE4, 0xE4, 0xE4, 0xE3, 0xE5, 0xE5, 0xE4, 0xE4, 0xE3, 0xE2, 0xE2, 0xE1,
    0xE4, 0xE4, 0xE3, 0xE2, 0xE1, 0xE1, 0xE1, 0xDE, 0xE3, 0xE1, 0xE1, 0xE1, 0xE1, 0xDE, 0xDE, 0xDC,
    0xE3, 0xE2, 0xE1, 0xE1, 0xE1, 0xE1, 0xDE, 0xDE, 0xE1, 0xE1, 0xDE, 0xDE, 0xDD, 0xDD, 0xDC, 0xDC,
    0xDE, 0xDE, 0xDC, 0xDB, 0xDB, 0xD9, 0xD7, 0xD8, 0xDB, 0xDA, 0xD8, 0xD8, 0xD7, 0xD7, 0xD2, 0xD2,
    0xDD, 0xDC, 0xDB, 0xDB, 0xD9, 0xD9, 0xD8, 0xD7, 0xDA, 0xD9, 0xD8, 0xD7, 0xD7, 0xD5, 0xD2, 0xD2,
    0xD5, 0xD5, 0xD5, 0xD2, 0xD1, 0xD0, 0xD0, 0xD0, 0xD2, 0xD0, 0xD0, 0xCC, 0xCA, 0xC9, 0xC6, 0xC1,
    0xD7, 0xD5, 0xD2, 0xD5, 0xD5, 0xD8, 0xD9, 0xD9, 0xD1, 0xD0, 0xCC, 0xCC, 0xD0, 0xD2, 0xD5, 0xD7,
    0xCA, 0xC9, 0xC1, 0xC1, 0xBD, 0xC1, 0xC9, 0xCC, 0xB6, 0xB2, 0xB1, 0xA6, 0x9F, 0xA4, 0xA4, 0xAC,
    0xDA, 0xDE, 0x31, 0x00, 0x00, 0x00, 0x00, 0x00, 0xD7, 0xD9, 0xDD, 0x0D, 0x00, 0x00, 0x00, 0x00,
    0xD1, 0xD4, 0xD7, 0xDA, 0x04, 0x00, 0x00, 0x00, 0xBD, 0xCA, 0xD2, 0xD7, 0xC1, 0x00, 0x00, 0x00,
    0x93, 0x24, 0x0C, 0x08, 0x10, 0x0E, 0x0E, 0x0E, 0x99, 0xB9, 0x26, 0x05, 0x11, 0x0E, 0x0E, 0x0E,
    0x8D, 0xC4, 0x9A, 0x05, 0x0C, 0x0D, 0x0C, 0x0C, 0x93, 0xB5, 0xA3, 0x0C, 0x07, 0x0C, 0x0A, 0x0C,
    0x0E, 0x0E, 0x0D, 0x0E, 0x10, 0x0E, 0x0A, 0x07, 0x0D, 0x0D, 0x10, 0x0E, 0x0E, 0x0E, 0x10, 0x0E,
    0x0D, 0x0C, 0x0C, 0x0D, 0x0C, 0x0C, 0x0C, 0x0D, 0x0C, 0x0A, 0x0C, 0x0C, 0x0C, 0x0C, 0x0C, 0x0C,
    0x07, 0x20, 0x47, 0x05, 0x0D, 0x07, 0x09, 0x0E, 0x07, 0x11, 0xF3, 0xD3, 0x04, 0x10, 0x10, 0x10,
    0x07, 0x12, 0xFA, 0xE8, 0x03, 0x0D, 0x0D, 0x0D, 0x05, 0x1F, 0xF4, 0xD1, 0x04, 0x0C, 0x0C, 0x0C,
    0x10, 0x10, 0x10, 0x10, 0x10, 0x10, 0x10, 0x10, 0x10, 0x0E, 0x0E, 0x10, 0x0E, 0x10, 0x0E, 0x10,
    0x0D, 0x0C, 0x0C, 0x0D, 0x0C, 0x0D, 0x0D, 0x0D, 0x0A, 0x0C, 0x0C, 0x0C, 0x0A, 0x0C, 0x0C, 0x0C,
    0x0E, 0x05, 0xF2, 0xEE, 0x03, 0x13, 0x10, 0x11, 0x0E, 0x05, 0xF3, 0xEF, 0x03, 0x0C, 0x09, 0x09,
    0x0D, 0x07, 0xEC, 0xED, 0x69, 0xB8, 0xAA, 0xAA, 0x08, 0x22, 0xE1, 0xE2, 0xEB, 0xEA, 0xEA, 0xE9,
    0x11, 0x10, 0x11, 0x11, 0x10, 0x10, 0x11, 0x11, 0x09, 0x09, 0x09, 0x09, 0x09, 0x09, 0x09, 0x0C,
    0xA9, 0xA1, 0x99, 0x91, 0x83, 0x7B, 0x7B, 0x7B, 0xE8, 0xE6, 0xE5, 0xE2, 0xE1, 0xDE, 0xDE, 0xDE,
    0x11, 0x11, 0x11, 0x11, 0x12, 0x12, 0x13, 0x11, 0x0C, 0x0C, 0x0A, 0x0C, 0x09, 0x0A, 0x0C, 0x0D,
    0x76, 0x76, 0x7B, 0x7B, 0x7C, 0x7C, 0x7B, 0x7C, 0xDC, 0xDC, 0xDC, 0xDC, 0xDC, 0xDC, 0xDC, 0xDE,
    0x0D, 0x09, 0x08, 0x09, 0x0C, 0x0D, 0x11, 0x13, 0x0D, 0x0C, 0x0D, 0x0D, 0x0D, 0x0C, 0x0A, 0x0C,
    0x7C, 0x83, 0x83, 0x83, 0x8C, 0x88, 0x8C, 0x8D, 0xDC, 0xDE, 0xDC, 0xDC, 0xDE, 0xDE, 0xDE, 0xDE,
    0x16, 0x16, 0x13, 0x11, 0x0E, 0x0C, 0x0C, 0x10, 0x0D, 0x0D, 0x0D, 0x0E, 0x0E, 0x10, 0x11, 0x11,
    0x91, 0x91, 0x8C, 0x8C, 0x91, 0x8C, 0x91, 0x91, 0xDE, 0xDE, 0xDC, 0xDE, 0xDE, 0xDE, 0xDE, 0xDE,
    0x12, 0x16, 0x19, 0x1A, 0x1A, 0x1A, 0x19, 0x1A, 0x11, 0x11, 0x11, 0x12, 0x12, 0x12, 0x11, 0x12,
    0x91, 0x99, 0x91, 0x99, 0x91, 0x99, 0x99, 0x99, 0xDE, 0xDE, 0xDE, 0xDE, 0xDE, 0xDE, 0xDE, 0xDE,
    0x1A, 0x1A, 0x1C, 0x1A, 0x1A, 0x1A, 0x1C, 0x1C, 0x12, 0x13, 0x13, 0x12, 0x13, 0x13, 0x13, 0x13,
    0x99, 0x99, 0x99, 0x9A, 0xA1, 0xA1, 0xA8, 0xA8, 0xDE, 0xDE, 0xDE, 0xDE, 0xDE, 0xDE, 0xDE, 0xDE,
    0x1B, 0x1C, 0x22, 0x09, 0x4C, 0xF8, 0xDE, 0x07, 0x13, 0x16, 0x17, 0x05, 0x45, 0xFA, 0xE2, 0x07,
    0xA8, 0xA1, 0xAA, 0x76, 0xCE, 0xEE, 0x83, 0x09, 0xDE, 0xDE, 0xDE, 0xE1, 0xDE, 0xD5, 0x50, 0x11,
    0x22, 0x22, 0x22, 0x22, 0x24, 0x24, 0x22, 0x24, 0x22, 0x22, 0x22, 0x1F, 0x22, 0x24, 0x22, 0x24,
    0x1C, 0x1D, 0x1F, 0x1C, 0x1F, 0x1C, 0x1F, 0x1F, 0x19, 0x1D, 0x1F, 0x1C, 0x1F, 0x1F, 0x20, 0x1F,
    0x22, 0x1F, 0x17, 0x13, 0x1F, 0x2B, 0x2B, 0x25, 0x22, 0x24, 0x24, 0x24, 0x22, 0x1C, 0x1C, 0x1F,
    0x1F, 0x1C, 0x1F, 0x1F, 0x1F, 0x1F, 0x22, 0x1F, 0x1C, 0x1C, 0x1F, 0x1F, 0x1C, 0x1F, 0x20, 0x1F,
    0x19, 0x17, 0x22, 0x25, 0x25, 0x27, 0x27, 0x27, 0x25, 0x25, 0x24, 0x24, 0x25, 0x25, 0x25, 0x25,
    0x22, 0x22, 0x1F, 0x1F, 0x22, 0x22, 0x22, 0x22, 0x1F, 0x1F, 0x22, 0x1F, 0x1F, 0x20, 0x1F, 0x20,
    0x27, 0x27, 0x25, 0x27, 0x08, 0x0C, 0x24, 0xCB, 0x25, 0x25, 0x25, 0x25, 0x05, 0x26, 0xB9, 0xCB,
    0x22, 0x24, 0x24, 0x24, 0x05, 0x9A, 0xC4, 0xB5, 0x20, 0x24, 0x22, 0x1C, 0x0C, 0xA3, 0xB5, 0xAE,
    0x00, 0x00, 0x00, 0x00, 0x00, 0x00, 0x00, 0x00, 0x00, 0x00, 0x00, 0x00, 0x00, 0x00, 0x00, 0x00,
    0x00, 0x00, 0x00, 0x00, 0x00, 0x00, 0x00, 0x00, 0x00, 0x00, 0x00, 0x00, 0x00, 0x00, 0x00, 0x00,
    0x00, 0x00, 0x00, 0x00, 0x00, 0x00, 0x00, 0x00, 0x00, 0x00, 0x00, 0x00, 0x00, 0x00, 0x00, 0x00,
    0x00, 0x00, 0x00, 0x00, 0x00, 0x00, 0x00, 0x00, 0x00, 0x00, 0x00, 0x00, 0x00, 0x00, 0x00, 0x00,
    0x00, 0x00, 0x00, 0x00, 0x00, 0x00, 0x00, 0x00, 0x00, 0x00, 0x00, 0x00, 0x00, 0x00, 0x00, 0x00,
    0x00, 0x00, 0x00, 0x00, 0x00, 0x00, 0x00, 0x00, 0x00, 0x00, 0x00, 0x00, 0x00, 0x00, 0x00, 0x00,
    0x00, 0x00, 0x00, 0x00, 0x00, 0x00, 0x00, 0x00, 0x00, 0x00, 0x00, 0x00, 0x00, 0x00, 0x00, 0x00,
    0x00, 0x00, 0x00, 0x00, 0x00, 0x00, 0x00, 0x00, 0x00, 0x00, 0x00, 0x00, 0x00, 0x00, 0x00, 0x00,
    0x00, 0x00, 0x00, 0x00, 0x00, 0x00, 0x00, 0x00, 0x00, 0x00, 0x00, 0x00, 0x00, 0x00, 0x00, 0x00,
    0x00, 0x00, 0x00, 0x00, 0x00, 0x00, 0x00, 0x00, 0x00, 0x00, 0x00, 0x00, 0x00, 0x00, 0x00, 0x00,
    0x00, 0x00, 0x00, 0x00, 0x00, 0x02, 0x0D, 0xC1, 0x00, 0x00, 0x00, 0x02, 0x26, 0xE6, 0xEA, 0xE6,
    0x00, 0x02, 0x26, 0xDE, 0xEA, 0xE1, 0xCC, 0xA6, 0x04, 0xCE, 0xE8, 0xE1, 0xC6, 0x8F, 0x86, 0x8F,
    0xE8, 0xE9, 0xE4, 0xDE, 0xD5, 0xD0, 0xC1, 0xBD, 0xD8, 0xC9, 0xB0, 0x9D, 0x95, 0x95, 0x95, 0x95,
    0x95, 0x95, 0x9D, 0xA5, 0xA6, 0xAC, 0xA6, 0xA5, 0x9F, 0x97, 0x84, 0x80, 0x80, 0x80, 0x82, 0x85,
    0xB2, 0xB6, 0xBD, 0xC1, 0xC9, 0xCA, 0xD1, 0xD5, 0x9D, 0x9D, 0xA6, 0xB0, 0xB0, 0xB0, 0xB2, 0xB2,
    0xA5, 0xA6, 0xB2, 0xB2, 0xB6, 0xB6, 0xB6, 0xB2, 0x82, 0x7E, 0x6F, 0x6F, 0x7E, 0x82, 0x86, 0x8F,
    0xDA, 0xDE, 0xE1, 0xE5, 0xE8, 0xEA, 0xEB, 0xEB, 0xB2, 0xC1, 0xCA, 0xD4, 0xDA, 0xE1, 0xE5, 0xE8,
    0xB6, 0xA6, 0xB0, 0xA6, 0xB6, 0xC9, 0xD5, 0xDD, 0x86, 0x97, 0xB0, 0xA5, 0xA5, 0xA4, 0xB0, 0xC6,
    0xEA, 0xEA, 0xEA, 0xE8, 0xE8, 0xE8, 0xE8, 0xE6, 0xEA, 0xE8, 0xE8, 0xE6, 0xE6, 0xE6, 0xE5, 0xE4,
    0xE3, 0xE8, 0xE8, 0xE6, 0xE4, 0xE4, 0xE4, 0xE3, 0xD1, 0xDA, 0xE2, 0xE6, 0xE5, 0xE2, 0xE2, 0xE1,
    0xE6, 0xE6, 0xE4, 0xE5, 0xE3, 0xE3, 0xE2, 0xE1, 0xE4, 0xE4, 0xE3, 0xE2, 0xE1, 0xE1, 0xE1, 0xDE,
    0xE3, 0xE2, 0xE1, 0xE1, 0xE1, 0xDE, 0xDD, 0xDD, 0xE1, 0xE1, 0xDE, 0xDE, 0xDD, 0xDC, 0xDA, 0xDA,
    0xE1, 0xE1, 0xDE, 0xDE, 0xDC, 0xDC, 0xDA, 0xD9, 0xDE, 0xDD, 0xDB, 0xDA, 0xDA, 0xD8, 0xD7, 0xD7,
    0xDC, 0xDA, 0xD9, 0xD7, 0xD7, 0xD5, 0xD2, 0xD0, 0xD7, 0xD7, 0xD7, 0xD5, 0xD2, 0xD0, 0xD0, 0xCA,
    0xD8, 0xD8, 0xD5, 0xD5, 0xD2, 0xD1, 0xD0, 0xD0, 0xD2, 0xD2, 0xD1, 0xD0, 0xD0, 0xCC, 0xCA, 0xC9,
    0xD0, 0xD0, 0xCC, 0xCA, 0xC6, 0xC6, 0xBD, 0xB6, 0xCA, 0xC6, 0xBD, 0xBD, 0xB6, 0xB2, 0xB0, 0xA5,
    0xD0, 0xCA, 0xC9, 0xC1, 0xBD, 0xB6, 0xB2, 0xAC, 0xC1, 0xBD, 0xB6, 0xB0, 0xA6, 0xA5, 0x9F, 0x97,
    0xB0, 0xA6, 0xA4, 0x99, 0x8F, 0x85, 0x85, 0x80, 0x99, 0x97, 0x8C, 0x8F, 0x80, 0x80, 0x78, 0x6C,
    0xA5, 0x9F, 0x95, 0x8F, 0x85, 0x80, 0x80, 0x80, 0x8F, 0x8F, 0x80, 0x80, 0x78, 0x67, 0x67, 0x6C,
    0x71, 0x78, 0x6C, 0x6C, 0x65, 0x60, 0x5B, 0x60, 0x6A, 0x67, 0x62, 0x62, 0x5D, 0x5D, 0x59, 0x59,
    0x9F, 0xB0, 0xCA, 0xD0, 0xD7, 0x12, 0x00, 0x00, 0x6C, 0x82, 0xB0, 0xCC, 0xD1, 0xD5, 0x03, 0x00,
    0x60, 0x65, 0x80, 0xBC, 0xD0, 0xD7, 0x28, 0x00, 0x5E, 0x5E, 0x6C, 0xA5, 0xCA, 0xD4, 0xAC, 0x00,
    0xA3, 0xAE, 0xB5, 0x88, 0x4B, 0x5C, 0x59, 0x5C, 0x47, 0x52, 0x52, 0x61, 0x5C, 0x5C, 0x5C, 0x5C,
    0x00, 0x00, 0x00, 0x00, 0x00, 0x00, 0x00, 0x00, 0x00, 0x00, 0x00, 0x00, 0x00, 0x00, 0x00, 0x00,
    0x5C, 0x61, 0x61, 0x66, 0x69, 0x74, 0x76, 0x7B, 0x5C, 0x61, 0x69, 0x74, 0x7B, 0x88, 0x8D, 0x8D,
    0x00, 0x00, 0x00, 0x00, 0x00, 0x00, 0x00, 0x00, 0x00, 0x00, 0x00, 0x00, 0x00, 0x00, 0x00, 0x00,
    0x74, 0xD3, 0xA8, 0x52, 0x74, 0x83, 0x83, 0x7C, 0x9A, 0xAE, 0x54, 0x66, 0xA3, 0x9A, 0x9C, 0x9C,
    0x00, 0x00, 0x00, 0x00, 0x00, 0x00, 0x00, 0x00, 0x00, 0x00, 0x00, 0x00, 0x00, 0x00, 0x00, 0x00,
    0x83, 0x83, 0x7C, 0x7C, 0x8C, 0x83, 0x83, 0x83, 0xA3, 0x9C, 0xA3, 0xA3, 0xA3, 0xA3, 0x9C, 0xA3,
    0x00, 0x00, 0x00, 0x00, 0x00, 0x00, 0x00, 0x00, 0x00, 0x00, 0x00, 0x00, 0x00, 0x00, 0x00, 0x00,
    0x76, 0xD7, 0xDE, 0xD9, 0xD9, 0xD9, 0xD8, 0xD7, 0xAB, 0xB5, 0x88, 0x8D, 0x8D, 0x8D, 0x8D, 0x88,
    0x00, 0x00, 0x00, 0x00, 0x00, 0x00, 0x00, 0x00, 0x00, 0x00, 0x00, 0x00, 0x00, 0x00, 0x00, 0x00,
    0xD5, 0xD3, 0xD1, 0xCF, 0xCD, 0xCB, 0xC8, 0xC8, 0x88, 0x76, 0x74, 0x69, 0x66, 0x61, 0x61, 0x5F,
    0x00, 0x00, 0x00, 0x00, 0x00, 0x00, 0x00, 0x00, 0x00, 0x00, 0x00, 0x00, 0x00, 0x00, 0x00, 0x00,
    0xC7, 0xC8, 0xC8, 0xC8, 0xC4, 0xC4, 0xC8, 0xC8, 0x5F, 0x61, 0x61, 0x61, 0x5F, 0x5F, 0x61, 0x61,
    0x00, 0x00, 0x00, 0x00, 0x00, 0x00, 0x00, 0x00, 0x00, 0x00, 0x00, 0x00, 0x00, 0x00, 0x00, 0x00,
    0xC8, 0xC8, 0xCB, 0xCB, 0xC8, 0xCB, 0xC8, 0xCB, 0x61, 0x61, 0x61, 0x61, 0x61, 0x66, 0x61, 0x61,
    0x00, 0x00, 0x00, 0x00, 0x00, 0x00, 0x00, 0x00, 0x00, 0x00, 0x00, 0x00, 0x00, 0x00, 0x00, 0x00,
    0xCB, 0xCB, 0xCB, 0xCB, 0xCB, 0xCB, 0xCD, 0xCB, 0x66, 0x66, 0x66, 0x66, 0x66, 0x66, 0x66, 0x66,
    0x00, 0x00, 0x00, 0x00, 0x00, 0x00, 0x00, 0x00, 0x00, 0x00, 0x00, 0x00, 0x00, 0x00, 0x00, 0x00,
    0xCD, 0xCB, 0xCD, 0xCD, 0xCE, 0xCE, 0xCD, 0xCD, 0x69, 0x66, 0x69, 0x69, 0x69, 0x69, 0x69, 0x69,
    0x00, 0x00, 0x00, 0x00, 0x00, 0x00, 0x00, 0x00, 0x00, 0x00, 0x00, 0x00, 0x00, 0x00, 0x00, 0x00,
    0xCE, 0xCE, 0xCE, 0xCD, 0xCE, 0xCD, 0xCD, 0xCE, 0x69, 0x69, 0x69, 0x69, 0x69, 0x69, 0x69, 0x74,
    0x00, 0x00, 0x00, 0x00, 0x00, 0x00, 0x00, 0x00, 0x00, 0x00, 0x00, 0x00, 0x00, 0x00, 0x00, 0x00,
    0xCE, 0xCE, 0xCE, 0xCE, 0xCE, 0xD5, 0xD5, 0x93, 0x74, 0x74, 0x74, 0x74, 0x74, 0x69, 0x83, 0x8D,
    0x00, 0x00, 0x00, 0x00, 0x00, 0x00, 0x00, 0x00, 0x00, 0x00, 0x00, 0x00, 0x00, 0x00, 0x00, 0x00,
    0x91, 0xA8, 0xA8, 0xA3, 0xA9, 0xAA, 0xAE, 0xB8, 0x8D, 0x8D, 0x8D, 0x8D, 0x93, 0x99, 0x9C, 0xA9,
    0x00, 0x00, 0x00, 0x00, 0x00, 0x00, 0x00, 0x00, 0x00, 0x00, 0x00, 0x00, 0x00, 0x00, 0x00, 0x00,
    0xB9, 0xC3, 0xC3, 0xC7, 0xC4, 0xC7, 0xCB, 0xC8, 0xAE, 0xB9, 0xBF, 0xBF, 0xC4, 0xC4, 0xC4, 0xC4,
    0x00, 0x00, 0x00, 0x00, 0x00, 0x00, 0x00, 0x00, 0x00, 0x00, 0x00, 0x00, 0x00, 0x00, 0x00, 0x00,
    0xC7, 0xC8, 0xC9, 0xCB, 0xCB, 0xCB, 0xC8, 0xCB, 0xC4, 0xC4, 0xC4, 0xC5, 0xC4, 0xC4, 0xC5, 0xC4,
    0x00, 0x00, 0x00, 0x00, 0x00, 0x00, 0x00, 0x00, 0x00, 0x00, 0x00, 0x00, 0x00, 0x00, 0x00, 0x00,
    0xCB, 0xCB, 0xCB, 0xC3, 0x88, 0xB5, 0xAE, 0xA9, 0xC8, 0xC8, 0xC8, 0xC8, 0xCB, 0xAE, 0xA9, 0xB5,
    0x00, 0x00, 0x00, 0x00, 0x00, 0x00, 0x00, 0x00, 0x00, 0x00, 0x00, 0x00, 0x00, 0x00, 0x00, 0x00,
    0x00, 0x00, 0x00, 0x00, 0x00, 0x00, 0x00, 0x00, 0x00, 0x00, 0x00, 0x00, 0x00, 0x00, 0x00, 0x00,
    0x00, 0x00, 0x00, 0x00, 0x00, 0x00, 0x00, 0x00, 0x00, 0x00, 0x00, 0x00, 0x00, 0x00, 0x00, 0x00,
    0x00, 0x00, 0x00, 0x00, 0x00, 0x00, 0x00, 0x00, 0x00, 0x00, 0x00, 0x00, 0x00, 0x00, 0x00, 0x00,
    0x00, 0x00, 0x00, 0x00, 0x00, 0x00, 0x00, 0x00, 0x00, 0x00, 0x00, 0x00, 0x00, 0x00, 0x00, 0x00,
    0x00, 0x00, 0x00, 0x00, 0x00, 0x00, 0x00, 0x00, 0x00, 0x00, 0x00, 0x00, 0x00, 0x00, 0x00, 0x00,
    0x00, 0x00, 0x00, 0x00, 0x00, 0x00, 0x00, 0x00, 0x00, 0x00, 0x00, 0x00, 0x00, 0x00, 0x00, 0x00,
    0x00, 0x00, 0x00, 0x00, 0x00, 0x00, 0x00, 0x00, 0x00, 0x00, 0x00, 0x00, 0x00, 0x00, 0x00, 0x00,
    0x00, 0x00, 0x00, 0x00, 0x00, 0x00, 0x00, 0x00, 0x00, 0x00, 0x00, 0x00, 0x00, 0x00, 0x00, 0x00,
    0x00, 0x00, 0x00, 0x00, 0x00, 0x00, 0x00, 0x13, 0x00, 0x00, 0x00, 0x00, 0x00, 0x02, 0x97, 0xE8,
    0x00, 0x00, 0x00, 0x00, 0x02, 0x67, 0xE8, 0xD2, 0x00, 0x00, 0x00, 0x02, 0xD1, 0xE6, 0xBD, 0x80,
    0xE8, 0xE6, 0xCA, 0x95, 0x80, 0x8F, 0x97, 0x9F, 0xD9, 0xAC, 0x78, 0x80, 0x8F, 0x97, 0x97, 0x9F,
    0x8F, 0x78, 0x80, 0x85, 0x8F, 0x97, 0x9F, 0x9F, 0x80, 0x80, 0x85, 0x85, 0x8F, 0x8F, 0x97, 0x9F,
    0x9F, 0x8F, 0xAC, 0x85, 0x8F, 0x95, 0xA4, 0x95, 0x8F, 0xD2, 0xD0, 0xC9, 0xCC, 0xC6, 0xB2, 0xE6,
    0x8C, 0xDC, 0xC1, 0xC6, 0xB0, 0xBC, 0xF2, 0xFA, 0x85, 0xDA, 0xC6, 0xB0, 0xC6, 0xF6, 0xFA, 0xF9,
    0xA4, 0xC9, 0xD0, 0xD0, 0xD0, 0xC1, 0xA6, 0xB2, 0xF1, 0xF6, 0xF8, 0xF6, 0xF1, 0xEB, 0xE1, 0xD2,
    0xFB, 0xFB, 0xFB, 0xFB, 0xFB, 0xF9, 0xEF, 0xE6, 0xF5, 0xF3, 0xF4, 0xF9, 0xFA, 0xFB, 0xFB, 0xF2,
    0xB4, 0x71, 0x8F, 0xA6, 0xA6, 0xA6, 0xA6, 0xA4, 0xD2, 0xD0, 0x95, 0xA6, 0xA6, 0xA5, 0xA5, 0xA6,
    0xD1, 0xD2, 0xB2, 0xA5, 0xA5, 0xA5, 0xA5, 0xA5, 0xE2, 0xD1, 0xB6, 0xA5, 0x9F, 0xA4, 0xA4, 0x9F,
    0xB0, 0xC6, 0xD1, 0xDB, 0xE2, 0xE3, 0xE1, 0xDE, 0xA4, 0xA4, 0xB6, 0xC9, 0xD5, 0xE1, 0xE1, 0xDC,
    0xA4, 0xA5, 0x9F, 0xB0, 0xBC, 0xC9, 0xD9, 0xDC, 0x9F, 0xA5, 0xA4, 0x9F, 0xA5, 0xB2, 0xB6, 0xD7,
    0xDD, 0xDC, 0xDC, 0xDB, 0xD9, 0xD8, 0xD7, 0xD5, 0xDA, 0xD9, 0xD8, 0xD7, 0xD5, 0xD5, 0xD4, 0xD1,
    0xD7, 0xD5, 0xD2, 0xD2, 0xD0, 0xD0, 0xD0, 0xCC, 0xD8, 0xD1, 0xD0, 0xD0, 0xCA, 0xCA, 0xC6, 0xC6,
    0xD4, 0xD2, 0xD1, 0xD0, 0xD0, 0xCC, 0xC6, 0xC6, 0xD1, 0xD0, 0xCA, 0xC9, 0xC6, 0xC1, 0xBD, 0xB0,
    0xCA, 0xC6, 0xC1, 0xBD, 0xB6, 0xB0, 0xB0, 0xA5, 0xBD, 0xB6, 0xB6, 0xB0, 0xA6, 0xA1, 0x97, 0x97,
    0xBD, 0xB6, 0xB0, 0xA6, 0xA6, 0x9F, 0x97, 0x8F, 0xAC, 0xA6, 0xA4, 0x97, 0x8F, 0x85, 0x80, 0x80,
    0x97, 0x97, 0x86, 0x85, 0x78, 0x80, 0x71, 0x6E, 0x8F, 0x85, 0x80, 0x78, 0x71, 0x6C, 0x67, 0x65,
    0x8F, 0x78, 0x71, 0x78, 0x71, 0x6C, 0x65, 0x65, 0x78, 0x78, 0x67, 0x6C, 0x62, 0x63, 0x5D, 0x5E,
    0x6A, 0x69, 0x63, 0x62, 0x5D, 0x62, 0x5B, 0x5D, 0x62, 0x61, 0x5E, 0x5D, 0x5E, 0x5D, 0x5D, 0x5D,
    0x63, 0x60, 0x60, 0x5D, 0x59, 0x55, 0x55, 0x59, 0x5D, 0x5E, 0x5D, 0x59, 0x5D, 0x5B, 0x59, 0x59,
    0x5E, 0x5B, 0x5D, 0x5B, 0x5D, 0x5D, 0x5D, 0x5E, 0x5E, 0x5D, 0x60, 0x59, 0x5E, 0x5D, 0x62, 0x65,
    0x5D, 0x63, 0x71, 0xA4, 0xC6, 0xD2, 0xD7, 0x00, 0x5B, 0x67, 0x80, 0xA6, 0xC6, 0xD1, 0xD9, 0x04,
    0x60, 0x6F, 0x97, 0xA5, 0xC1, 0xD5, 0xD9, 0x4A, 0x6C, 0x78, 0x97, 0x9F, 0xBD, 0xD5, 0xD9, 0xDA,
    0x00, 0x00, 0x00, 0x00, 0x00, 0x00, 0x00, 0x00, 0x00, 0x00, 0x00, 0x00, 0x00, 0x00, 0x00, 0x00,
    0x00, 0x00, 0x00, 0x00, 0x00, 0x00, 0x00, 0x00, 0x00, 0x00, 0x00, 0x05, 0x47, 0x46, 0x4B, 0x59,
    0x00, 0x00, 0x00, 0x00, 0x00, 0x00, 0x00, 0x00, 0x00, 0x00, 0x00, 0x00, 0x00, 0x00, 0x00, 0x00,
    0x00, 0x00, 0x00, 0x00, 0x00, 0x00, 0x00, 0x00, 0x66, 0x74, 0x74, 0x66, 0x69, 0x76, 0x76, 0x61,
    0x00, 0x00, 0x00, 0x00, 0x00, 0x00, 0x00, 0x00, 0x00, 0x00, 0x00, 0x00, 0x00, 0x00, 0x00, 0x00,
    0x00, 0x00, 0x00, 0x00, 0x00, 0x00, 0x00, 0x00, 0x74, 0x76, 0x8D, 0x9A, 0x8D, 0x8D, 0x9A, 0xA3,
    0x00, 0x00, 0x00, 0x00, 0x00, 0x00, 0x00, 0x00, 0x00, 0x00, 0x00, 0x00, 0x00, 0x00, 0x00, 0x00,
    0x00, 0x00, 0x00, 0x00, 0x00, 0x00, 0x00, 0x00, 0xA3, 0x93, 0x9A, 0xAE, 0xBF, 0xA9, 0xA9, 0xB9,
    0x00, 0x00, 0x00, 0x00, 0x00, 0x00, 0x00, 0x00, 0x00, 0x00, 0x00, 0x00, 0x00, 0x00, 0x00, 0x00,
    0x00, 0x00, 0x00, 0x00, 0x00, 0x00, 0x00, 0x00, 0xAE, 0x76, 0x04, 0x03, 0x03, 0x03, 0x03, 0x03,
    0x00, 0x00, 0x00, 0x00, 0x00, 0x00, 0x00, 0x00, 0x00, 0x00, 0x00, 0x00, 0x00, 0x00, 0x00, 0x00,
    0x00, 0x00, 0x00, 0x00, 0x00, 0x00, 0x00, 0x00, 0x03, 0x03, 0x03, 0x03, 0x03, 0x03, 0x03, 0x03,
    0x00, 0x00, 0x00, 0x00, 0x00, 0x00, 0x00, 0x00, 0x00, 0x00, 0x00, 0x00, 0x00, 0x00, 0x00, 0x00,
    0x00, 0x00, 0x00, 0x00, 0x00, 0x00, 0x00, 0x00, 0x03, 0x03, 0x03, 0x03, 0x03, 0x03, 0x03, 0x03,
    0x00, 0x00, 0x00, 0x00, 0x00, 0x00, 0x00, 0x00, 0x00, 0x00, 0x00, 0x00, 0x00, 0x00, 0x00, 0x00,
    0x00, 0x00, 0x00, 0x00, 0x00, 0x00, 0x00, 0x00, 0x03, 0x03, 0x03, 0x03, 0x03, 0x03, 0x03, 0x03,
    0x00, 0x00, 0x00, 0x00, 0x00, 0x00, 0x00, 0x00, 0x00, 0x00, 0x00, 0x00, 0x00, 0x00, 0x00, 0x00,
    0x00, 0x00, 0x00, 0x00, 0x00, 0x00, 0x00, 0x00, 0x03, 0x03, 0x03, 0x03, 0x03, 0x03, 0x03, 0x03,
    0x00, 0x00, 0x00, 0x00, 0x00, 0x00, 0x00, 0x00, 0x00, 0x00, 0x00, 0x00, 0x00, 0x00, 0x00, 0x00,
    0x00, 0x00, 0x00, 0x00, 0x00, 0x00, 0x00, 0x00, 0x03, 0x03, 0x03, 0x03, 0x03, 0x03, 0x03, 0x03,
    0x00, 0x00, 0x00, 0x00, 0x00, 0x00, 0x00, 0x00, 0x00, 0x00, 0x00, 0x00, 0x00, 0x00, 0x00, 0x00,
    0x00, 0x00, 0x00, 0x00, 0x00, 0x00, 0x00, 0x00, 0x03, 0x03, 0x03, 0x03, 0x03, 0x03, 0x03, 0x03,
    0x00, 0x00, 0x00, 0x00, 0x00, 0x00, 0x00, 0x00, 0x00, 0x00, 0x00, 0x00, 0x00, 0x00, 0x00, 0x00,
    0x00, 0x00, 0x00, 0x00, 0x00, 0x00, 0x00, 0x00, 0x03, 0x03, 0x03, 0x03, 0x05, 0x76, 0xCD, 0xB9,
    0x00, 0x00, 0x00, 0x00, 0x00, 0x00, 0x00, 0x00, 0x00, 0x00, 0x00, 0x00, 0x00, 0x00, 0x00, 0x00,
    0x00, 0x00, 0x00, 0x00, 0x00, 0x00, 0x00, 0x00, 0xC8, 0xCD, 0xC4, 0xB9, 0xBF, 0xD3, 0xDE, 0xD5,
    0x00, 0x00, 0x00, 0x00, 0x00, 0x00, 0x00, 0x00, 0x00, 0x00, 0x00, 0x00, 0x00, 0x00, 0x00, 0x00,
    0x00, 0x00, 0x00, 0x00, 0x00, 0x00, 0x00, 0x00, 0xCB, 0xCF, 0xD3, 0xD8, 0xD8, 0xD3, 0xD3, 0xD9,
    0x00, 0x00, 0x00, 0x00, 0x00, 0x00, 0x00, 0x00, 0x00, 0x00, 0x00, 0x00, 0x00, 0x00, 0x00, 0x00,
    0x00, 0x00, 0x00, 0x00, 0x00, 0x00, 0x00, 0x00, 0xDA, 0xDC, 0xE2, 0xE1, 0xDA, 0xDE, 0xE1, 0xDE,
    0x00, 0x00, 0x00, 0x00, 0x00, 0x00, 0x00, 0x00, 0x00, 0x00, 0x00, 0x00, 0x00, 0x00, 0x00, 0x00,
    0x00, 0x00, 0x00, 0x00, 0x00, 0x00, 0x00, 0x00, 0xDE, 0xDE, 0xE1, 0xDA, 0x0D, 0x00, 0x00, 0x00,
    0x00, 0x00, 0x00, 0x00, 0x00, 0x00, 0x00, 0x00, 0x00, 0x00, 0x00, 0x00, 0x00, 0x00, 0x00, 0x00,
    0x00, 0x00, 0x00, 0x00, 0x00, 0x00, 0x00, 0x00, 0x00, 0x00, 0x00, 0x00, 0x00, 0x00, 0x00, 0x00,
    0x00, 0x00, 0x00, 0x00, 0x00, 0x00, 0x00, 0x00, 0x00, 0x00, 0x00, 0x00, 0x00, 0x00, 0x00, 0x00,
    0x00, 0x00, 0x00, 0x00, 0x00, 0x00, 0x00, 0x00, 0x00, 0x00, 0x00, 0x00, 0x00, 0x00, 0x00, 0x00,
    0x00, 0x00, 0x00, 0x00, 0x00, 0x00, 0x00, 0x00, 0x00, 0x00, 0x00, 0x00, 0x00, 0x00, 0x00, 0x00,
    0x00, 0x00, 0x00, 0x00, 0x00, 0x00, 0x00, 0x00, 0x00, 0x00, 0x00, 0x00, 0x00, 0x00, 0x00, 0x00,
    0x00, 0x00, 0x00, 0x00, 0x00, 0x00, 0x00, 0x00, 0x00, 0x00, 0x00, 0x00, 0x00, 0x00, 0x00, 0x00,
    0x00, 0x00, 0x00, 0x00, 0x00, 0x00, 0x00, 0x00, 0x00, 0x00, 0x00, 0x00, 0x00, 0x00, 0x02, 0x04,
    0x00, 0x00, 0x02, 0xBD, 0xE2, 0xC6, 0x71, 0x80, 0x00, 0x02, 0x59, 0xDD, 0xB6, 0x7E, 0x80, 0x85,
    0x00, 0x38, 0xE1, 0xC6, 0x71, 0x78, 0x80, 0x85, 0x27, 0xD8, 0xC9, 0x78, 0x78, 0x80, 0x80, 0x85,
    0x85, 0x85, 0x8F, 0x85, 0x8F, 0x85, 0x97, 0x97, 0x85, 0x85, 0x8F, 0x85, 0x85, 0x8F, 0x97, 0x97,
    0x85, 0x85, 0x85, 0x85, 0x8F, 0x85, 0x97, 0x97, 0x85, 0x85, 0x85, 0x85, 0x85, 0x85, 0x97, 0x9F,
    0x85, 0xDC, 0xC1, 0x86, 0xF9, 0xF9, 0xF6, 0xF0, 0x85, 0xE2, 0xA4, 0xEE, 0xFA, 0xF4, 0xE7, 0xF0,
    0x86, 0xE8, 0xBC, 0xF9, 0xF1, 0xF0, 0xF0, 0xF8, 0x9D, 0xE8, 0xE1, 0xF8, 0xEF, 0xE7, 0xF4, 0xF4,
    0xF0, 0xF0, 0xF0, 0xF0, 0xF3, 0xF9, 0xFA, 0xFB, 0xF5, 0xF8, 0xF8, 0xF0, 0xE0, 0xF0, 0xF9, 0xFA,
    0xF7, 0xF6, 0xF8, 0xF9, 0xF6, 0x8A, 0xF9, 0xF3, 0xF5, 0xF6, 0xF6, 0xF7, 0xF9, 0xF0, 0xF0, 0xF9,
    0xEC, 0xDA, 0xBD, 0xA4, 0x9F, 0x9F, 0x9F, 0x9F, 0xF8, 0xE3, 0xBD, 0x97, 0x9F, 0x9F, 0x9F, 0x9F,
    0xFB, 0xEA, 0xB6, 0x97, 0x9F, 0x9F, 0x9F, 0x9F, 0xFA, 0xED, 0xB1, 0x9F, 0x9F, 0x9F, 0x9F, 0x97,
    0x9F, 0x9F, 0x9F, 0xA5, 0xA4, 0xA6, 0xB0, 0xB0, 0x9F, 0x9F, 0x9F, 0x9F, 0x9F, 0xA4, 0x9F, 0xA4,
    0x9F, 0x9F, 0x9F, 0x9F, 0x9F, 0x9F, 0x9F, 0xA6, 0x9F, 0x9F, 0x9F, 0x9F, 0x9F, 0x9F, 0x9F, 0x9F,
    0xD1, 0xD5, 0xCA, 0xC6, 0xC1, 0xC1, 0xB2, 0xB6, 0x8F, 0xD0, 0xCA, 0xB6, 0xB2, 0xB0, 0xA6, 0xA6,
    0x97, 0x9F, 0xD0, 0xB1, 0xA5, 0xA4, 0x97, 0x9F, 0xA4, 0x7B, 0x9F, 0xC6, 0x97, 0x8F, 0x85, 0x8C,
    0xB0, 0xB0, 0xA6, 0x9F, 0x97, 0x91, 0x86, 0x85, 0x9D, 0x97, 0x97, 0x86, 0x85, 0x80, 0x80, 0x78,
    0x8F, 0x85, 0x85, 0x80, 0x78, 0x78, 0x71, 0x6F, 0x80, 0x85, 0x78, 0x78, 0x80, 0x6C, 0x67, 0x6C,
    0x80, 0x78, 0x71, 0x6C, 0x65, 0x6A, 0x60, 0x63, 0x71, 0x6C, 0x67, 0x65, 0x60, 0x63, 0x5E, 0x63,
    0x63, 0x63, 0x62, 0x62, 0x5E, 0x60, 0x60, 0x60, 0x67, 0x65, 0x60, 0x67, 0x60, 0x60, 0x5D, 0x5E,
    0x63, 0x60, 0x5B, 0x5E, 0x5D, 0x5D, 0x5E, 0x5E, 0x5E, 0x5D, 0x5E, 0x5E, 0x5E, 0x60, 0x60, 0x5D,
    0x5E, 0x5E, 0x5E, 0x5D, 0x5E, 0x5E, 0x62, 0x63, 0x5E, 0x62, 0x60, 0x5D, 0x62, 0x62, 0x63, 0x63,
    0x5E, 0x60, 0x62, 0x60, 0x62, 0x63, 0x67, 0x6E, 0x62, 0x63, 0x62, 0x65, 0x67, 0x6F, 0x78, 0x80,
    0x63, 0x63, 0x6C, 0x6C, 0x76, 0x80, 0x85, 0x8C, 0x69, 0x71, 0x71, 0x80, 0x80, 0x8C, 0x8F, 0x97,
    0x7E, 0x80, 0x97, 0xA5, 0xC1, 0xD4, 0xDA, 0xE1, 0x85, 0x8F, 0xA1, 0xB6, 0xC9, 0xD5, 0xDA, 0xE1,
    0x9D, 0x9F, 0xB2, 0xC1, 0xCC, 0xD5, 0xDC, 0xE1, 0xA5, 0xA6, 0xBD, 0xC9, 0xD0, 0xD7, 0xDC, 0xE2,
    0x00, 0x00, 0x16, 0xE9, 0xE2, 0xE8, 0xEB, 0xEB, 0x00, 0x02, 0xDA, 0xD8, 0xE2, 0xE4, 0xDC, 0xD1,
    0x00, 0x04, 0xD9, 0xD9, 0xDE, 0xDA, 0xD1, 0xCD, 0x03, 0xDC, 0xD3, 0xD5, 0xD5, 0xD3, 0xCD, 0xCB,
    0xEB, 0xEB, 0xEB, 0xEB, 0xEB, 0xEB, 0xEA, 0xEA, 0xCF, 0xCF, 0xCF, 0xCE, 0xCF, 0xCE, 0xCF, 0xD1,
    0xCB, 0xCB, 0xCD, 0xCB, 0xCE, 0xD3, 0xDE, 0xDE, 0xCD, 0xC8, 0xC8, 0xCD, 0xD9, 0xDE, 0xDC, 0xDA,
    0xEA, 0xE9, 0xE9, 0xEA, 0xEA, 0xE9, 0xE8, 0xE9, 0xD3, 0xD3, 0xD1, 0xCF, 0xD1, 0xCE, 0xCF, 0xD3,
    0xDE, 0xDE, 0xDA, 0xDA, 0xDA, 0xDE, 0xDA, 0xD7, 0xDC, 0xDC, 0xDC, 0xDA, 0xDA, 0xD9, 0xE1, 0xDE,
    0xE9, 0xE9, 0xEA, 0xE9, 0xE9, 0xE9, 0xEA, 0xE9, 0xCE, 0xCD, 0xCB, 0xCB, 0xCB, 0xCD, 0xCD, 0xCD,
    0xD7, 0xD1, 0xCB, 0xC8, 0xC8, 0xC8, 0xC8, 0xC8, 0xD7, 0xD1, 0xC8, 0xBF, 0xC4, 0xBF, 0xC4, 0xC8,
    0xEA, 0xEA, 0xE4, 0xE1, 0xE1, 0xE2, 0xE2, 0xE1, 0xCD, 0xCB, 0xCD, 0xD1, 0xD1, 0xCF, 0xD1, 0xD1,
    0xCB, 0xC8, 0xC8, 0xC8, 0xCD, 0xCB, 0xCB, 0xCD, 0xC8, 0xC8, 0xC8, 0xC8, 0xC8, 0xC8, 0xC8, 0xC8,
    0xE2, 0xE2, 0xE4, 0xE2, 0xE2, 0xE2, 0xE2, 0xE1, 0xD3, 0xD1, 0xD3, 0xD3, 0xD3, 0xCF, 0xD1, 0xD3,
    0xCD, 0xCB, 0xCB, 0xCB, 0xCB, 0xCB, 0xCB, 0xCB, 0xC8, 0xC8, 0xCB, 0xC8, 0xC8, 0xC4, 0xC8, 0xCD,
    0xE1, 0xE1, 0xE1, 0xE1, 0xE1, 0xE2, 0xE2, 0xE1, 0xD1, 0xD1, 0xD3, 0xD3, 0xD3, 0xCE, 0xCF, 0xD1,
    0xCD, 0xCD, 0xCB, 0xCB, 0xC8, 0xCB, 0xCD, 0xCB, 0xCB, 0xCB, 0xCB, 0xCB, 0xCB, 0xC8, 0xCB, 0xCB,
    0xE1, 0xE2, 0xE2, 0xE1, 0xE1, 0xE2, 0xDE, 0xDE, 0xD3, 0xD3, 0xD3, 0xD3, 0xD3, 0xD3, 0xD3, 0xD1,
    0xC8, 0xC8, 0xCB, 0xCD, 0xCB, 0xC8, 0xCD, 0xCB, 0xC8, 0xC8, 0xC8, 0xC8, 0xC8, 0xC8, 0xCB, 0xCB,
    0xE1, 0xE1, 0xE1, 0xDE, 0xE1, 0xE2, 0xE2, 0xE1, 0xD1, 0xD1, 0xD3, 0xD3, 0xD3, 0xD1, 0xD3, 0xD3,
    0xCD, 0xCD, 0xCD, 0xCE, 0xCD, 0xCD, 0xCD, 0xCD, 0xCB, 0xC8, 0xC8, 0xC8, 0xCB, 0xCB, 0xCB, 0xCB,
    0xDE, 0xE1, 0xE2, 0xE1, 0xE1, 0xE2, 0xE4, 0xE2, 0xD3, 0xD3, 0xD1, 0xD3, 0xD1, 0xCF, 0xD1, 0xD1,
    0xCD, 0xCD, 0xCB, 0xCB, 0xCB, 0xCD, 0xCD, 0xCD, 0xC8, 0xC4, 0xCB, 0xC8, 0xC8, 0xCB, 0xC8, 0xCB,
    0xE1, 0xE2, 0xE4, 0xE2, 0xE1, 0xE1, 0xE2, 0xE2, 0xD1, 0xD1, 0xCF, 0xD1, 0xD3, 0xD1, 0xD3, 0xD3,
    0xCE, 0xCE, 0xCD, 0xCE, 0xCE, 0xCE, 0xCD, 0xCE, 0xCB, 0xCB, 0xCB, 0xCB, 0xCB, 0xCE, 0xCB, 0xCB,
    0xE2, 0xE2, 0xE2, 0xE2, 0xE5, 0xE8, 0xE8, 0xE8, 0xD1, 0xD1, 0xCF, 0xCF, 0xCE, 0xC8, 0xCB, 0xCB,
    0xCE, 0xCE, 0xCE, 0xCE, 0xCE, 0xCE, 0xCB, 0xCD, 0xCD, 0xCD, 0xCB, 0xCB, 0xCB, 0xCB, 0xCB, 0xCD,
    0xE8, 0xE6, 0xE6, 0xE6, 0xE6, 0xE6, 0xE4, 0xE5, 0xCB, 0xCB, 0xCB, 0xCB, 0xCB, 0xC8, 0xC8, 0xC8,
    0xCE, 0xCF, 0xCF, 0xCD, 0xCE, 0xCD, 0xCB, 0xCE, 0xCD, 0xCD, 0xCD, 0xCD, 0xCE, 0xCB, 0xCB, 0xD5,
    0xE5, 0xE4, 0xE4, 0xE4, 0xE5, 0xE6, 0xE4, 0xE4, 0xBF, 0xC8, 0xCE, 0xCF, 0xCF, 0xD3, 0xD1, 0xD1,
    0xD8, 0xDC, 0xDE, 0xDE, 0xDE, 0xDE, 0xDE, 0xDE, 0xDA, 0xD8, 0xD7, 0xD7, 0xD8, 0xD7, 0xD5, 0xD3,
    0xE4, 0xE2, 0xE2, 0xE2, 0xE4, 0xE2, 0xE2, 0xE8, 0xD3, 0xD3, 0xD3, 0xD3, 0xD3, 0xD3, 0xC8, 0xCE,
    0xDE, 0xDE, 0xDC, 0xD8, 0xD7, 0xCE, 0xD5, 0xDC, 0xD1, 0xD7, 0xDE, 0xDA, 0xCE, 0xD9, 0xEB, 0xE9,
    0xE9, 0xE8, 0xE4, 0xE8, 0xE4, 0x08, 0x00, 0x00, 0xE5, 0xEA, 0xE8, 0xE1, 0xE1, 0x61, 0x00, 0x00,
    0xD9, 0xE1, 0xE6, 0xE1, 0xDC, 0xE1, 0x16, 0x02, 0xDE, 0xE2, 0xE1, 0xE1, 0xD7, 0xEB, 0xE6, 0x46,
    0x00, 0x00, 0x00, 0x00, 0x00, 0x00, 0x00, 0x00, 0x00, 0x00, 0x00, 0x00, 0x00, 0x00, 0x00, 0x00,
    0x00, 0x00, 0x00, 0x00, 0x00, 0x00, 0x00, 0x00, 0x00, 0x00, 0x00, 0x00, 0x00, 0x00, 0x00, 0x00,
    0x00, 0x00, 0x00, 0x00, 0x00, 0x00, 0x00, 0x00, 0x00, 0x00, 0x00, 0x00, 0x00, 0x00, 0x00, 0x00,
    0x00, 0x00, 0x00, 0x00, 0x00, 0x00, 0x00, 0x00, 0x00, 0x00, 0x00, 0x00, 0x00, 0x00, 0x00, 0x00,
    0x00, 0x00, 0x00, 0x00, 0x00, 0x00, 0x00, 0x00, 0x00, 0x00, 0x00, 0x00, 0x00, 0x02, 0x08, 0x68,
    0x00, 0x00, 0x00, 0x00, 0x03, 0xD5, 0xDE, 0xD5, 0x00, 0x00, 0x00, 0x04, 0xDB, 0xC1, 0x80, 0x67,
    0x00, 0x02, 0x04, 0x23, 0x8C, 0xD9, 0xE6, 0xE8, 0xCE, 0xE3, 0xE3, 0xDE, 0xD7, 0xD1, 0xCA, 0xD2,
    0xD0, 0xB6, 0x95, 0x7E, 0x73, 0x79, 0x73, 0xD8, 0x67, 0x71, 0x71, 0x85, 0x97, 0x97, 0xD0, 0xD1,
    0xE8, 0xD0, 0x80, 0x78, 0x78, 0x78, 0x80, 0x80, 0xD5, 0x97, 0x71, 0x80, 0x80, 0x80, 0x78, 0x80,
    0xB6, 0x78, 0x78, 0x80, 0x78, 0x80, 0x78, 0x80, 0x82, 0x78, 0x78, 0x78, 0x78, 0x80, 0x78, 0x80,
    0x80, 0x85, 0x80, 0x80, 0x85, 0x8F, 0x8F, 0x9F, 0x80, 0x80, 0x80, 0x85, 0x85, 0x85, 0x8F, 0x9F,
    0x80, 0x80, 0x80, 0x85, 0x85, 0x85, 0x8F, 0x97, 0x78, 0x80, 0x80, 0x80, 0x85, 0x85, 0x8F, 0x8F,
    0x9D, 0xE8, 0xE6, 0xF7, 0xEF, 0xF0, 0xF1, 0xF2, 0x95, 0xE8, 0xE4, 0xF7, 0xEF, 0xE7, 0xF1, 0xF1,
    0x85, 0xE6, 0xD7, 0xF9, 0xEB, 0xF0, 0xE7, 0xF1, 0x80, 0xE3, 0x95, 0xFA, 0xEC, 0xEC, 0xE0, 0xE7,
    0xF4, 0xF5, 0xF5, 0xF6, 0xF8, 0xF6, 0xF0, 0xF9, 0xF3, 0xF4, 0xF5, 0xF5, 0xF9, 0xF0, 0xF0, 0xF8,
    0xF4, 0xF4, 0xF5, 0xF7, 0xF5, 0x8A, 0xF8, 0xF6, 0xF0, 0xF3, 0xF4, 0xF0, 0xE0, 0xF0, 0xF7, 0xFA,
    0xFA, 0xED, 0xB1, 0x97, 0x9F, 0x97, 0x97, 0x97, 0xFA, 0xE6, 0xAC, 0x97, 0x97, 0x97, 0x9F, 0x97,
    0xFB, 0xD0, 0xA5, 0x97, 0x97, 0x97, 0x97, 0x8F, 0xF5, 0xC9, 0x95, 0x8F, 0x97, 0x8F, 0x8F, 0x8F,
    0x97, 0x97, 0x97, 0x97, 0x9F, 0x9F, 0x9F, 0xA4, 0x97, 0x97, 0x9F, 0x97, 0x9F, 0x9F, 0x9F, 0x9F,
    0x97, 0x97, 0x97, 0x9F, 0x97, 0x97, 0x97, 0x9F, 0x97, 0x8F, 0x97, 0x97, 0x97, 0x97, 0x97, 0x9F,
    0x9F, 0x9F, 0x63, 0xB6, 0xA5, 0x80, 0x80, 0x80, 0x9F, 0xA4, 0x97, 0x6C, 0xB2, 0x78, 0x71, 0x73,
    0x9F, 0x9F, 0x9F, 0x67, 0x9F, 0x86, 0x6C, 0x6C, 0x9F, 0x9F, 0x97, 0x8F, 0x59, 0xAC, 0x6C, 0x6A,
    0x78, 0x71, 0x78, 0x6C, 0x6C, 0x67, 0x67, 0x67, 0x71, 0x6C, 0x6F, 0x65, 0x67, 0x6A, 0x63, 0x63,
    0x67, 0x6A, 0x67, 0x6C, 0x67, 0x67, 0x63, 0x67, 0x67, 0x65, 0x65, 0x67, 0x67, 0x65, 0x67, 0x6C,
    0x63, 0x63, 0x63, 0x62, 0x5E, 0x62, 0x60, 0x5E, 0x5E, 0x62, 0x67, 0x60, 0x60, 0x63, 0x63, 0x62,
    0x63, 0x65, 0x63, 0x62, 0x60, 0x63, 0x63, 0x63, 0x63, 0x63, 0x67, 0x67, 0x63, 0x67, 0x67, 0x6C,
    0x62, 0x62, 0x62, 0x62, 0x67, 0x63, 0x67, 0x6C, 0x62, 0x63, 0x63, 0x67, 0x6C, 0x6C, 0x78, 0x78,
    0x67, 0x65, 0x6C, 0x71, 0x78, 0x71, 0x80, 0x80, 0x6E, 0x6C, 0x71, 0x71, 0x80, 0x80, 0x80, 0x85,
    0x78, 0x78, 0x78, 0x85, 0x8F, 0x8F, 0x9F, 0xA1, 0x78, 0x80, 0x85, 0x8F, 0x97, 0xA5, 0xA5, 0xA6,
    0x85, 0x8F, 0x97, 0x9F, 0x9F, 0xAC, 0xB0, 0xB2, 0x8F, 0x97, 0x9F, 0xA4, 0xA6, 0xB0, 0xB2, 0xBD,
    0xB0, 0xB2, 0xC1, 0xC6, 0xD0, 0xD9, 0xDE, 0xE4, 0xB6, 0xBD, 0xC6, 0xC9, 0xD1, 0xDA, 0xE1, 0xE5,
    0xC1, 0xC1, 0xC9, 0xD0, 0xD5, 0xDC, 0xE1, 0xB1, 0xC1, 0xC6, 0xCC, 0xD0, 0xD7, 0xDE, 0xE4, 0x0C,
    0x08, 0xE1, 0xD1, 0xD3, 0xD3, 0xDC, 0xDC, 0xCB, 0x07, 0xDE, 0xCF, 0xD1, 0xD3, 0xCF, 0xE4, 0xD5,
    0x08, 0xDE, 0xCF, 0xD1, 0xCE, 0xAE, 0xD8, 0xD3, 0x07, 0xDC, 0xCF, 0xCF, 0xBF, 0xC4, 0xCD, 0xB5,
    0xC8, 0xC4, 0xC4, 0xCB, 0xBF, 0xB9, 0xB9, 0xAE, 0xB5, 0xBF, 0xBF, 0xC8, 0xC8, 0xC8, 0xC4, 0xBF,
    0xB9, 0xC4, 0xBF, 0xCB, 0xC8, 0xBF, 0xEF, 0xF1, 0xC4, 0xC4, 0xC4, 0xCD, 0xC8, 0xAE, 0xF1, 0xF5,
    0xB5, 0xB5, 0xAE, 0xB5, 0xB5, 0x88, 0xD3, 0xEA, 0xC8, 0xC8, 0xCB, 0xC8, 0xCB, 0xA3, 0xD3, 0xEA,
    0xF2, 0xF3, 0xF2, 0xEF, 0xD3, 0xA3, 0xD5, 0xE8, 0xF6, 0xF6, 0xF4, 0xF3, 0xD3, 0xA3, 0xD3, 0xE8,
    0xD5, 0xD1, 0xC8, 0xBF, 0xBF, 0xC4, 0xCB, 0xC4, 0xD5, 0xCF, 0xC4, 0xBF, 0xC4, 0xCF, 0xD5, 0xD1,
    0xD3, 0xD1, 0xC4, 0xBF, 0xC4, 0xBF, 0xC4, 0xCF, 0xD1, 0xD1, 0xC4, 0xBF, 0xB9, 0x9A, 0xA3, 0xB5,
    0xC8, 0xC8, 0xCD, 0xC8, 0xC4, 0xC8, 0xBF, 0xBF, 0xBF, 0xCE, 0xCF, 0xD8, 0xC8, 0xBF, 0xBF, 0xBF,
    0xC4, 0xC4, 0xB5, 0xCB, 0xCB, 0xBF, 0xC4, 0xC4, 0xB9, 0xAE, 0x93, 0xB5, 0xBF, 0xC4, 0xBF, 0xB9,
    0xC4, 0xC4, 0xC4, 0xC4, 0xC4, 0xC4, 0xC4, 0xC4, 0xBF, 0xBF, 0xC4, 0xC4, 0xBF, 0xBF, 0xC4, 0xBF,
    0xC4, 0xBF, 0xBF, 0xC4, 0xBF, 0xB9, 0xC4, 0xB9, 0xB9, 0xBF, 0xB9, 0xB9, 0xB9, 0xBF, 0xBF, 0xB9,
    0xC4, 0xBF, 0xBF, 0xBF, 0xC4, 0xC4, 0xC4, 0xC4, 0xBF, 0xC4, 0xBF, 0xBF, 0xC4, 0xC4, 0xC4, 0xBF,
    0xBF, 0xC4, 0xC4, 0xC4, 0xBF, 0xBF, 0xBF, 0xBF, 0xBF, 0xBF, 0xC4, 0xBF, 0xBF, 0xBF, 0xBF, 0xC4,
    0xC8, 0xC8, 0xC4, 0xBF, 0xC4, 0xC8, 0xC4, 0xC4, 0xC4, 0xC4, 0xC4, 0xBF, 0xBF, 0xBF, 0xB9, 0xB9,
    0xB9, 0xBF, 0xBF, 0xBF, 0xC4, 0xBF, 0xB9, 0xBF, 0xBF, 0xB9, 0xB9, 0xBF, 0xC4, 0xBF, 0xB9, 0xBF,
    0xBF, 0xBF, 0xC4, 0xC4, 0xC4, 0xBF, 0xBF, 0xC4, 0xBF, 0xB9, 0xBF, 0xC4, 0xBF, 0xBF, 0xBF, 0xC4,
    0xC4, 0xBF, 0xBF, 0xBF, 0xB9, 0xBF, 0xBF, 0xBF, 0xB9, 0xB9, 0xB9, 0xB9, 0xB9, 0xBF, 0xBF, 0xBF,
    0xC4, 0xC8, 0xC8, 0xC8, 0xC8, 0xC8, 0xCB, 0xC8, 0xBF, 0xBF, 0xC4, 0xC8, 0xBF, 0xC4, 0xC8, 0xC8,
    0xBF, 0xB9, 0xBF, 0xC4, 0xC4, 0xBF, 0xBF, 0xBF, 0xBF, 0xB9, 0xBF, 0xBF, 0xBF, 0xBF, 0xBF, 0xBF,
    0xCB, 0xCB, 0xCB, 0xCB, 0xCB, 0xC8, 0xC8, 0xCB, 0xC8, 0xC8, 0xC4, 0xC8, 0xCB, 0xC4, 0xC4, 0xC8,
    0xC8, 0xC4, 0xBF, 0xC4, 0xBF, 0xBF, 0xC4, 0xC4, 0xBF, 0xBF, 0xC4, 0xBF, 0xBF, 0xC8, 0xC8, 0xBF,
    0xC8, 0xCB, 0xCB, 0xCD, 0xCE, 0xCD, 0xCD, 0xCE, 0xCB, 0xC8, 0xCD, 0xCF, 0xD3, 0xD5, 0xCB, 0xC4,
    0xC4, 0xC8, 0xC8, 0xB9, 0xC4, 0xD3, 0xCD, 0xB9, 0xBF, 0xC4, 0xC4, 0xA9, 0xAE, 0xC8, 0xC8, 0xC4,
    0xCB, 0xCB, 0xCD, 0xCD, 0xCB, 0xBF, 0xD1, 0xD3, 0xC8, 0xC8, 0xCB, 0xC4, 0xC8, 0xDE, 0xE8, 0xD7,
    0xC8, 0xC8, 0xC8, 0xCB, 0xCD, 0x7C, 0xBF, 0xD8, 0xC4, 0xC4, 0xCB, 0xCB, 0xBF, 0x88, 0xC8, 0xD5,
    0xAE, 0xB9, 0xB5, 0xB9, 0xBF, 0xC4, 0xBF, 0xBF, 0xB5, 0xCB, 0xBF, 0xC4, 0xC8, 0xC8, 0xCE, 0xD1,
    0xB5, 0xCB, 0xEE, 0xF1, 0xF1, 0xF2, 0xF1, 0xEF, 0xAE, 0xCD, 0xF1, 0xF5, 0xF6, 0xF6, 0xF5, 0xF1,
    0xB5, 0xBF, 0xDC, 0xDE, 0xCF, 0xD9, 0xD7, 0xA3, 0xC8, 0xBF, 0xDE, 0xE9, 0xDA, 0xDC, 0xD5, 0x69,
    0xCB, 0xCE, 0xD3, 0xCF, 0xD3, 0xDE, 0xCF, 0x1D, 0xCE, 0xC4, 0xD9, 0xD9, 0xD1, 0xCF, 0xD3, 0xDE,
    0xD5, 0xE8, 0xDE, 0xDE, 0xD9, 0xE8, 0xE1, 0x50, 0xC4, 0xDE, 0xE2, 0xDE, 0xDA, 0xE8, 0xDE, 0x47,
    0xCB, 0xEB, 0xE2, 0xDC, 0xD8, 0xE8, 0xDE, 0x3B, 0xE6, 0xE6, 0xE1, 0xDC, 0xD7, 0xE8, 0xDE, 0x40,
    0x00, 0x00, 0x00, 0x00, 0x00, 0x00, 0x00, 0x00, 0x00, 0x00, 0x00, 0x00, 0x00, 0x00, 0x00, 0x00,
    0x00, 0x00, 0x00, 0x00, 0x00, 0x00, 0x00, 0x00, 0x00, 0x00, 0x00, 0x00, 0x00, 0x00, 0x00, 0x00,
    0x00, 0x00, 0x00, 0x00, 0x00, 0x00, 0x00, 0x00, 0x00, 0x00, 0x00, 0x00, 0x00, 0x00, 0x00, 0x00,
    0x00, 0x00, 0x00, 0x00, 0x00, 0x00, 0x00, 0x04, 0x00, 0x00, 0x00, 0x00, 0x00, 0x00, 0x00, 0xF1,
    0x00, 0x00, 0x02, 0xCC, 0xA5, 0x69, 0x78, 0x80, 0x00, 0x00, 0x0C, 0xA5, 0x6C, 0x80, 0x80, 0x85,
    0xE8, 0xEF, 0xDB, 0x69, 0x80, 0x80, 0x80, 0x85, 0xFA, 0xF9, 0xBD, 0x78, 0x80, 0x80, 0x80, 0x85,
    0x80, 0x85, 0x85, 0x9F, 0xA1, 0xB0, 0xD9, 0xA6, 0x85, 0x85, 0x8F, 0x9D, 0x9F, 0xC9, 0xD0, 0x80,
    0x85, 0x8F, 0x8F, 0x9F, 0xA4, 0xCC, 0xB2, 0x6C, 0x85, 0x85, 0x8F, 0xA4, 0x9F, 0xCA, 0x85, 0x71,
    0x6C, 0x78, 0x78, 0x78, 0x78, 0x71, 0x78, 0x80, 0x71, 0x78, 0x78, 0x80, 0x78, 0x78, 0x80, 0x78,
    0x71, 0x78, 0x78, 0x80, 0x85, 0x8F, 0x85, 0x83, 0x71, 0x78, 0x78, 0x63, 0x67, 0x63, 0x63, 0x67,
    0x80, 0x80, 0x80, 0x80, 0x80, 0x85, 0x8F, 0x8F, 0x78, 0x80, 0x78, 0x80, 0x85, 0x85, 0x8F, 0x8F,
    0x80, 0x80, 0x80, 0x85, 0x8F, 0x8F, 0x97, 0x9F, 0x69, 0x71, 0x6C, 0x6B, 0x6A, 0x6C, 0x78, 0x80,
    0x80, 0xE2, 0xB2, 0xE2, 0xFC, 0xE8, 0xEC, 0xF0, 0x80, 0xE2, 0xC6, 0x5E, 0xF4, 0xFB, 0xE8, 0xDF,
    0x80, 0xE3, 0xC1, 0xC9, 0x57, 0xEF, 0xFB, 0xF9, 0x78, 0xDA, 0xC1, 0xC6, 0xC1, 0x5B, 0xE4, 0xF6,
    0xE0, 0xE7, 0xE7, 0xE7, 0xF0, 0xF6, 0xF8, 0xFD, 0xEB, 0xEC, 0xF0, 0xF1, 0xF4, 0xF9, 0xFC, 0xEB,
    0xF4, 0xF4, 0xF7, 0xFA, 0xFB, 0xFB, 0xEA, 0x95, 0xFA, 0xFA, 0xFA, 0xF9, 0xF1, 0xD2, 0x73, 0xD0,
    0xCA, 0xD2, 0x86, 0x97, 0x8F, 0x8F, 0x97, 0x97, 0xB2, 0xD5, 0x82, 0x8F, 0x8F, 0x8F, 0x8F, 0x97,
    0xD1, 0xD5, 0x7E, 0xA5, 0x9F, 0x8F, 0x97, 0x8F, 0xD0, 0xD5, 0x67, 0x6C, 0x80, 0x80, 0x85, 0x85,
    0x97, 0x99, 0x9D, 0x97, 0x9F, 0x97, 0x97, 0x97, 0x91, 0x9D, 0x99, 0x97, 0x9F, 0x9F, 0x97, 0x97,
    0x9F, 0x9F, 0x9F, 0xA5, 0x9F, 0x9F, 0xA4, 0x9F, 0x71, 0x6C, 0x6F, 0x78, 0x80, 0x85, 0x85, 0x71,
    0x9F, 0x9F, 0x9F, 0x9F, 0x60, 0x86, 0x78, 0x6C, 0x97, 0x97, 0x9F, 0x97, 0x8F, 0x60, 0x97, 0x6A,
    0x9F, 0x9F, 0x97, 0x97, 0x97, 0x63, 0x9D, 0x6C, 0x7E, 0x9F, 0x97, 0x9F, 0x8F, 0x78, 0x80, 0x78,
    0x66, 0x65, 0x67, 0x63, 0x6A, 0x69, 0x67, 0x6A, 0x63, 0x67, 0x66, 0x63, 0x67, 0x6C, 0x67, 0x6C,
    0x67, 0x67, 0x67, 0x67, 0x6A, 0x6F, 0x6C, 0x71, 0x67, 0x6C, 0x67, 0x6C, 0x6F, 0x6C, 0x76, 0x71,
    0x67, 0x65, 0x67, 0x6F, 0x67, 0x6F, 0x6C, 0x71, 0x6A, 0x6C, 0x6C, 0x71, 0x71, 0x71, 0x71, 0x78,
    0x71, 0x71, 0x71, 0x78, 0x78, 0x80, 0x80, 0x80, 0x78, 0x78, 0x80, 0x80, 0x80, 0x85, 0x85, 0x85,
    0x78, 0x78, 0x78, 0x80, 0x80, 0x85, 0x8F, 0x91, 0x78, 0x80, 0x80, 0x85, 0x8F, 0x8F, 0x97, 0x9D,
    0x80, 0x85, 0x8F, 0x85, 0x97, 0x97, 0x9F, 0x9F, 0x85, 0x8F, 0x8F, 0x8F, 0x97, 0x9F, 0xA5, 0xA6,
    0x9F, 0x9F, 0xA5, 0xA6, 0xB2, 0xB2, 0xBD, 0xC1, 0x9F, 0xA4, 0xA6, 0xB2, 0xB2, 0xBD, 0xC1, 0xC1,
    0xAC, 0xB0, 0xB0, 0xB2, 0xBD, 0xC1, 0xC6, 0xCA, 0xB0, 0xB2, 0xB2, 0xBD, 0xC1, 0xC6, 0xC9, 0xCA,
    0xC9, 0xC9, 0xD0, 0xD4, 0xD9, 0xE1, 0xE6, 0x00, 0xCA, 0xCC, 0xD1, 0xD7, 0xDC, 0xE3, 0xD5, 0x00,
    0xCC, 0xD0, 0xD5, 0xD9, 0xDE, 0xE8, 0x38, 0x00, 0xD0, 0xD1, 0xD7, 0xDC, 0xE2, 0xE4, 0x03, 0x00,
    0x05, 0xDC, 0xCF, 0xCF, 0xCF, 0xCE, 0xBF, 0xB9, 0x05, 0xDC, 0xCF, 0xCF, 0xD1, 0xCF, 0xC4, 0xBF,
    0x05, 0xDC, 0xCF, 0xCF, 0xD3, 0xCF, 0xBF, 0xBF, 0x05, 0xDC, 0xCE, 0xCF, 0xD3, 0xCD, 0xAE, 0xB9,
    0xC4, 0xC4, 0xC8, 0xCB, 0xC4, 0xB5, 0xF1, 0xF7, 0xC4, 0xC4, 0xBF, 0xCD, 0xC8, 0xAE, 0xF1, 0xF7,
    0xC4, 0xC4, 0xC4, 0xCB, 0xC8, 0xB9, 0xF1, 0xF5, 0xC4, 0xBF, 0xC4, 0xC8, 0xC8, 0xB5, 0xEF, 0xF1,
    0xF8, 0xF8, 0xF6, 0xF3, 0xD8, 0xA3, 0xD3, 0xE9, 0xF8, 0xF8, 0xF7, 0xF2, 0xD5, 0xA3, 0xD3, 0xE8,
    0xF6, 0xF6, 0xF5, 0xF1, 0xD3, 0x9A, 0xD3, 0xE8, 0xF2, 0xF1, 0xF1, 0xEF, 0xCB, 0x93, 0xD3, 0xE9,
    0xD3, 0xCF, 0xC4, 0xBF, 0xB9, 0xB9, 0xB5, 0xB9, 0xD3, 0xCF, 0xBF, 0xB9, 0xB9, 0xB5, 0xB9, 0xB9,
    0xD1, 0xCE, 0xC4, 0xB9, 0xBF, 0xB5, 0xB9, 0xB9, 0xD1, 0xCD, 0xC4, 0xB5, 0xB9, 0xB9, 0xB9, 0xB9,
    0xB5, 0xB9, 0xB5, 0xB9, 0xB9, 0xB5, 0xB9, 0xB5, 0xB9, 0xB5, 0xB5, 0xB5, 0xBF, 0xB9, 0xB9, 0xBF,
    0xB9, 0xB5, 0xBF, 0xB9, 0xB9, 0xB9, 0xC4, 0xB9, 0xBF, 0xB9, 0xB9, 0xB9, 0xB5, 0xB9, 0xBF, 0xB5,
    0xAE, 0xB9, 0xBF, 0xBF, 0xBF, 0xBF, 0xBF, 0xB9, 0xBF, 0xB9, 0xB9, 0xBF, 0xB9, 0xB9, 0xB9, 0xB9,
    0xB9, 0xB5, 0xB9, 0xB9, 0xB9, 0xB9, 0xB5, 0xB9, 0xAE, 0xB5, 0xB9, 0xB9, 0xB5, 0xB5, 0xB5, 0xB5,
    0xBF, 0xB9, 0xBF, 0xBF, 0xBF, 0xBF, 0xB9, 0xB9, 0xB9, 0xB9, 0xB9, 0xB5, 0xB5, 0xB5, 0xB9, 0xB9,
    0xB9, 0xB9, 0xB9, 0xB5, 0xB5, 0xB5, 0xB9, 0xB5, 0xB5, 0xB5, 0xB5, 0xB5, 0xAE, 0xAE, 0xAE, 0xB5,
    0xBF, 0xBF, 0xBF, 0xBF, 0xBF, 0xBF, 0xB9, 0xBF, 0xBF, 0xB5, 0xB9, 0xBF, 0xB9, 0xB9, 0xB9, 0xB9,
    0xB9, 0xB5, 0xB5, 0xB9, 0xB9, 0xB9, 0xB9, 0xB5, 0xAE, 0xB5, 0xB5, 0xB9, 0xB5, 0xB9, 0xB5, 0xB5,
    0xB9, 0xBF, 0xB9, 0xB9, 0xB9, 0xB9, 0xB9, 0xBF, 0xB9, 0xB9, 0xB9, 0xB9, 0xB9, 0xBF, 0xB9, 0xBF,
    0xB9, 0xB9, 0xB5, 0xB9, 0xB9, 0xB9, 0xB9, 0xB9, 0xB5, 0xB9, 0xB5, 0xB9, 0xB5, 0xB5, 0xB5, 0xB9,
    0xB9, 0xB9, 0xB9, 0xBF, 0xBF, 0xB9, 0xBF, 0xBF, 0xBF, 0xB9, 0xBF, 0xB9, 0xB5, 0xBF, 0xB9, 0xBF,
    0xB9, 0xB9, 0xB9, 0xB9, 0xB9, 0xBF, 0xB9, 0xBF, 0xB5, 0xB9, 0xB9, 0xB9, 0xB9, 0xB9, 0xBF, 0xBF,
    0xC4, 0xBF, 0xBF, 0xC4, 0xC4, 0xC4, 0xC4, 0xBF, 0xBF, 0xBF, 0xC4, 0xBF, 0xC4, 0xC4, 0xB9, 0xBF,
    0xBF, 0xBF, 0xBF, 0xBF, 0xBF, 0xC4, 0xBF, 0xC4, 0xBF, 0xBF, 0xC4, 0xBF, 0xBF, 0xC4, 0xC4, 0xBF,
    0xC4, 0xBF, 0xBF, 0xC4, 0xC4, 0xBF, 0xC4, 0xC4, 0xB9, 0xB9, 0xBF, 0xBF, 0xC4, 0xC4, 0xC8, 0xC8,
    0xC4, 0xBF, 0xB9, 0xB9, 0xBF, 0xBF, 0xC4, 0xC4, 0xC4, 0xC4, 0xBF, 0xB9, 0xB9, 0xB9, 0xC4, 0xC8,
    0xC4, 0xBF, 0xC4, 0xC8, 0xC8, 0xC4, 0xD5, 0xD3, 0xC4, 0xC4, 0xC4, 0xC8, 0xC8, 0xBF, 0xD3, 0xD3,
    0xC4, 0xC4, 0xC4, 0xC8, 0xC4, 0xB5, 0xCF, 0xD3, 0xC4, 0xC4, 0xC8, 0xC4, 0xC8, 0xB9, 0xD1, 0xD3,
    0xB5, 0xCE, 0xF2, 0xF7, 0xF8, 0xF8, 0xF7, 0xF1, 0xB5, 0xCD, 0xF3, 0xF6, 0xF8, 0xF8, 0xF7, 0xF1,
    0xB9, 0xCE, 0xF3, 0xF4, 0xF6, 0xF6, 0xF5, 0xF1, 0xB5, 0xC8, 0xEF, 0xF2, 0xF3, 0xF2, 0xF1, 0xEF,
    0xCE, 0xBF, 0xDC, 0xE1, 0xD1, 0xD3, 0xCD, 0xC8, 0xCF, 0xC8, 0xDC, 0xDE, 0xD3, 0xD1, 0xC4, 0xCD,
    0xCD, 0xC8, 0xDA, 0xDE, 0xD3, 0xD1, 0xC4, 0xCB, 0xBF, 0xC8, 0xDA, 0xDE, 0xD3, 0xD1, 0xC4, 0xC8,
    0xDC, 0xE2, 0xE2, 0xDC, 0xD8, 0xE8, 0xDE, 0x36, 0xDE, 0xE4, 0xE4, 0xDE, 0xD7, 0xE8, 0xDC, 0x2C,
    0xDE, 0xE5, 0xE4, 0xDE, 0xD5, 0xE8, 0xDC, 0x2C, 0xDE, 0xE2, 0xE1, 0xDC, 0xD5, 0xE8, 0xDE, 0x31,
    0x00, 0x00, 0x00, 0x00, 0x00, 0x00, 0x00, 0x00, 0x00, 0x00, 0x00, 0x00, 0x00, 0x00, 0x00, 0x00,
    0x00, 0x00, 0x00, 0x00, 0x00, 0x00, 0x00, 0x00, 0x00, 0x00, 0x00, 0x00, 0x00, 0x00, 0x00, 0x00,
    0x00, 0x00, 0x00, 0x00, 0x00, 0x00, 0x04, 0xF6, 0x00, 0x00, 0x00, 0x00, 0x00, 0x00, 0x8C, 0xF5,
    0x00, 0x00, 0x00, 0x00, 0x00, 0x00, 0xE8, 0xF6, 0x00, 0x00, 0x00, 0x00, 0x00, 0x00, 0xF3, 0xF7,
    0xF5, 0xEB, 0x6C, 0x78, 0x80, 0x80, 0x85, 0x80, 0xF8, 0xC9, 0x78, 0x78, 0x78, 0x78, 0x80, 0x80,
    0xF7, 0x5D, 0x78, 0x78, 0x71, 0x78, 0x78, 0x80, 0xF2, 0x5D, 0x71, 0x71, 0x78, 0x78, 0x78, 0x80,
    0x85, 0x8F, 0x97, 0xA5, 0xA6, 0xC1, 0x6E, 0x6C, 0x85, 0x85, 0x99, 0x97, 0xC9, 0x97, 0x67, 0x6C,
    0x80, 0x8F, 0x9D, 0x9D, 0xCA, 0x78, 0x67, 0x67, 0x85, 0x8F, 0x9F, 0xA5, 0xBD, 0x6C, 0x67, 0x67,
    0x71, 0x78, 0x6C, 0xB0, 0x67, 0x6C, 0x7E, 0x82, 0x71, 0x71, 0x97, 0xD0, 0x9F, 0xB6, 0xB2, 0x5E,
    0x71, 0x71, 0xAC, 0xC9, 0xA4, 0xB0, 0x51, 0xEB, 0x6A, 0x6F, 0x9F, 0xC9, 0x97, 0x51, 0xF2, 0xFB,
    0x65, 0x4E, 0x62, 0x82, 0x86, 0x82, 0x95, 0x85, 0xD7, 0xEE, 0xF6, 0xF9, 0xF8, 0xF3, 0xE8, 0xD0,
    0xFA, 0xFB, 0xFB, 0xFB, 0xFB, 0xFC, 0xFB, 0xF7, 0xF8, 0xF4, 0xF4, 0xF5, 0xF8, 0xF6, 0xFA, 0xFC,
    0xB0, 0xC6, 0xC6, 0xC6, 0xC6, 0xC9, 0x7E, 0x51, 0xC6, 0xB6, 0xC6, 0xC6, 0xC6, 0xC9, 0xC9, 0xCA,
    0xDC, 0xC1, 0xC1, 0xC6, 0xC6, 0xC6, 0xC9, 0xC9, 0xF8, 0xE1, 0xBC, 0xC6, 0xC6, 0xC6, 0xC9, 0xC9,
    0x9D, 0xC9, 0xC1, 0x6F, 0x53, 0xB0, 0xD0, 0xCC, 0xC1, 0xB6, 0xBD, 0xC6, 0xCA, 0xCA, 0xCC, 0xCC,
    0xC9, 0xC9, 0xC9, 0xCA, 0xCA, 0xCA, 0xCA, 0xCA, 0xC9, 0xC9, 0xC9, 0xC9, 0xCA, 0xCA, 0xCA, 0xCA,
    0xD0, 0xD0, 0xC6, 0xB6, 0xC9, 0xB6, 0x86, 0xB2, 0xCC, 0xCC, 0xD2, 0xD5, 0x9D, 0xDA, 0xEF, 0xF8,
    0xCC, 0xCC, 0xCC, 0x6A, 0xED, 0xFA, 0xFB, 0xFB, 0xCC, 0xD0, 0x9D, 0xF1, 0xFB, 0xFB, 0xF7, 0xF7,
    0xCC, 0xD0, 0xD0, 0xCA, 0xBD, 0xBD, 0xBD, 0xB6, 0xFA, 0xF9, 0xF7, 0xEF, 0xE2, 0xD5, 0xCA, 0xD1,
    0xFB, 0xFB, 0xFB, 0xFB, 0xF9, 0xEC, 0xDA, 0xCA, 0xF8, 0xF8, 0xF8, 0xFB, 0xFB, 0xFB, 0xEC, 0xD5,
    0x63, 0x85, 0x8F, 0x9F, 0x97, 0x85, 0x63, 0x9D, 0xCA, 0x7E, 0x97, 0x9F, 0x97, 0x85, 0x59, 0xA6,
    0xD1, 0x85, 0x97, 0x97, 0x97, 0x97, 0x62, 0xA5, 0xD1, 0x8C, 0x97, 0x8F, 0x97, 0x97, 0x6C, 0x8F,
    0x67, 0x6F, 0x6E, 0x76, 0x71, 0x78, 0x78, 0x78, 0x6C, 0x71, 0x71, 0x78, 0x78, 0x80, 0x78, 0x85,
    0x78, 0x73, 0x78, 0x80, 0x80, 0x85, 0x85, 0x85, 0x97, 0x80, 0x80, 0x85, 0x85, 0x8F, 0x8F, 0x97,
    0x80, 0x85, 0x80, 0x85, 0x8F, 0x8F, 0x8F, 0x8F, 0x85, 0x85, 0x85, 0x8F, 0x8F, 0x97, 0x97, 0x9F,
    0x8F, 0x97, 0x97, 0x99, 0x9F, 0x9F, 0x9F, 0x9F, 0x9F, 0x9F, 0x9F, 0x9F, 0xA5, 0xA5, 0xA4, 0xA6,
    0x8F, 0x97, 0x9F, 0xA4, 0x9F, 0xA5, 0xB0, 0xB0, 0x97, 0x9F, 0x9F, 0xA5, 0xA5, 0xA6, 0xB0, 0xB0,
    0x9F, 0xA5, 0xA6, 0xA5, 0xB0, 0xA6, 0xB2, 0xB6, 0xA6, 0xA6, 0xAC, 0xB0, 0xB2, 0xB2, 0xB6, 0xBD,
    0xB2, 0xB2, 0xB6, 0xC1, 0xC6, 0xC9, 0xCA, 0xD0, 0xB6, 0xBD, 0xC1, 0xC6, 0xC9, 0xCC, 0xD0, 0xD1,
    0xBD, 0xC1, 0xC9, 0xC6, 0xCC, 0xD0, 0xD1, 0xD5, 0xC6, 0xC6, 0xC9, 0xCC, 0xD0, 0xD2, 0xD7, 0xD9,
    0xD2, 0xD5, 0xD9, 0xE1, 0xE8, 0x12, 0x00, 0x00, 0xD5, 0xD8, 0xDD, 0xE4, 0xDE, 0x00, 0x00, 0x00,
    0xD9, 0xDC, 0xE2, 0xEA, 0x05, 0x00, 0x00, 0x00, 0xDD, 0xE1, 0xEA, 0x26, 0x00, 0x00, 0x00, 0x00,
    0x05, 0xDC, 0xCD, 0xD1, 0xC8, 0xC8, 0xDE, 0xCE, 0x05, 0xDC, 0xCE, 0xCE, 0xCE, 0xDE, 0xDA, 0xC8,
    0x05, 0xDC, 0xCF, 0xB9, 0xE8, 0xD3, 0xA3, 0xDA, 0x05, 0xDC, 0xCF, 0xC8, 0xE8, 0xDE, 0xB5, 0x31,
    0xB5, 0xBF, 0xBF, 0xCB, 0xC8, 0xC4, 0xBF, 0xBF, 0xAE, 0xBF, 0xC8, 0xCB, 0xC8, 0xC8, 0xC8, 0xC4,
    0xC4, 0xC8, 0xCE, 0xC4, 0x93, 0xA9, 0xA3, 0xA9, 0xD5, 0xBF, 0xC4, 0xBF, 0xCD, 0xCF, 0xD1, 0xCF,
    0xB5, 0xBF, 0xC4, 0xB9, 0xBF, 0xA9, 0xD3, 0xE9, 0xC4, 0xC4, 0xC8, 0xC8, 0xCB, 0xB9, 0xD3, 0xE9,
    0xA3, 0xA9, 0x9A, 0xA3, 0x93, 0x74, 0xD1, 0xE9, 0xCF, 0xCF, 0xCE, 0xCF, 0xCD, 0xCE, 0xDC, 0xD1,
    0xD3, 0xCF, 0xBF, 0xB9, 0xB9, 0xB9, 0xB5, 0xB9, 0xD3, 0xCD, 0xBF, 0xBF, 0xBF, 0xB5, 0xB5, 0xB9,
    0xBF, 0xBF, 0xBF, 0xBF, 0xB9, 0xB9, 0xB5, 0xB5, 0xAE, 0xC4, 0xBF, 0xB9, 0xB9, 0xB5, 0xB9, 0xB9,
    0xBF, 0xB9, 0xB9, 0xB9, 0xBF, 0xB5, 0xB5, 0xB9, 0xB9, 0xB5, 0xB5, 0xB9, 0xB9, 0xB5, 0xB5, 0xB9,
    0xB9, 0xB5, 0xB5, 0xB9, 0xB9, 0xB9, 0xB5, 0xAE, 0xC4, 0xB9, 0xB9, 0xB9, 0xAE, 0xB5, 0xB5, 0xB5,
    0xB5, 0xB5, 0xAE, 0xAE, 0xAE, 0xAE, 0xAE, 0xAE, 0xB5, 0xB5, 0xB5, 0xB5, 0xAE, 0xA9, 0xA9, 0xA9,
    0xAE, 0xB5, 0xAE, 0x9A, 0x93, 0x93, 0x93, 0x93, 0xA3, 0x69, 0x69, 0x69, 0x74, 0x66, 0x66, 0x69,
    0xAE, 0xAE, 0xAE, 0xAE, 0xAE, 0xA9, 0xB5, 0xAE, 0xA9, 0xA9, 0xA3, 0xA9, 0xA9, 0x9A, 0xA9, 0xA3,
    0x8D, 0x8D, 0x8D, 0x93, 0x8D, 0x88, 0x88, 0x93, 0x66, 0x69, 0x76, 0x74, 0x76, 0x7C, 0x88, 0x93,
    0xA9, 0xAE, 0xAE, 0xB5, 0xAE, 0xB5, 0xAE, 0xB5, 0xA9, 0xA9, 0xA9, 0xAE, 0xAE, 0xAE, 0xAE, 0xAE,
    0x8D, 0x88, 0x93, 0x8D, 0x93, 0x93, 0x93, 0x8D, 0xB5, 0xB9, 0xB5, 0xC4, 0xB5, 0xB5, 0xBF, 0xC8,
    0xB5, 0xB5, 0xB5, 0xB5, 0xB5, 0xB5, 0xB5, 0xB9, 0xAE, 0xB5, 0xAE, 0xB5, 0xB5, 0xB5, 0xB5, 0xB9,
    0x8D, 0xA3, 0xAE, 0xAE, 0xB5, 0xB5, 0xB5, 0xB5, 0xC8, 0xA3, 0xA9, 0xAE, 0xAE, 0xB5, 0xB5, 0xB5,
    0xB5, 0xB5, 0xB9, 0xB9, 0xB9, 0xB9, 0xB9, 0xBF, 0xB5, 0xB5, 0xB9, 0xB9, 0xB9, 0xB9, 0xB9, 0xB9,
    0xB5, 0xB9, 0xB9, 0xB9, 0xB9, 0xB9, 0xB9, 0xB9, 0xB5, 0xB9, 0xB9, 0xB9, 0xB5, 0xB5, 0xB9, 0xBF,
    0xBF, 0xBF, 0xBF, 0xBF, 0xBF, 0xB9, 0xB9, 0xBF, 0xBF, 0xBF, 0xBF, 0xBF, 0xB5, 0xB5, 0xB9, 0xB9,
    0xB9, 0xB9, 0xBF, 0xBF, 0xB9, 0xB9, 0xB5, 0xB9, 0xB9, 0xBF, 0xB9, 0xBF, 0xBF, 0xBF, 0xB9, 0xBF,
    0xBF, 0xBF, 0xB9, 0xB9, 0xBF, 0xBF, 0xC4, 0xBF, 0xB9, 0xBF, 0xBF, 0xBF, 0xB9, 0xBF, 0xB9, 0xB9,
    0xB5, 0xB5, 0xBF, 0xB9, 0xB5, 0xBF, 0xBF, 0xBF, 0xB9, 0xB9, 0xBF, 0xB9, 0xB9, 0xBF, 0xBF, 0xBF,
    0xC4, 0xBF, 0xBF, 0xC8, 0xCB, 0xB9, 0xCF, 0xD3, 0xC4, 0xC4, 0xC4, 0xC4, 0xC8, 0xBF, 0xD1, 0xD3,
    0xBF, 0xBF, 0xC8, 0xC8, 0xC8, 0xC4, 0xCF, 0xC4, 0xC4, 0xC4, 0xC4, 0xCB, 0xCB, 0xC8, 0xBF, 0xCD,
    0xC4, 0xC8, 0xBF, 0xBF, 0xB9, 0xB9, 0xBF, 0xC4, 0xC4, 0xCB, 0xC4, 0xC4, 0xC4, 0xC4, 0xC4, 0xCB,
    0x76, 0x74, 0x69, 0x76, 0x76, 0x88, 0x9A, 0x8D, 0xD3, 0xD5, 0xD5, 0xD3, 0xD3, 0xD5, 0xD3, 0xD3,
    0xC4, 0xC8, 0xDE, 0xE1, 0xD3, 0xCD, 0xBF, 0xCD, 0xCB, 0xC4, 0xDC, 0xDE, 0xCD, 0xC8, 0xC4, 0xCD,
    0x74, 0xAE, 0xE4, 0xDE, 0xB5, 0xCE, 0xC8, 0xCE, 0xD1, 0xD9, 0xDA, 0xC8, 0xCB, 0xCE, 0xC8, 0xCB,
    0xDE, 0xE2, 0xE1, 0xDC, 0xD7, 0xE6, 0xDE, 0x40, 0xDE, 0xE4, 0xE2, 0xDC, 0xD7, 0xE8, 0xDC, 0x26,
    0xDE, 0xE4, 0xE2, 0xDC, 0xD7, 0xE8, 0xDC, 0x2C, 0xDE, 0xE2, 0xE2, 0xDC, 0xD5, 0xE8, 0xDE, 0x31,
    0x00, 0x00, 0x00, 0x00, 0x00, 0x00, 0x00, 0x00, 0x00, 0x00, 0x00, 0x00, 0x00, 0x00, 0x00, 0x00,
    0x00, 0x00, 0x00, 0x00, 0x00, 0x00, 0x00, 0x00, 0x00, 0x00, 0x00, 0x00, 0x00, 0x00, 0x00, 0x00,
    0x00, 0x00, 0x00, 0x00, 0x00, 0x03, 0xF5, 0xF7, 0x00, 0x00, 0x00, 0x00, 0x00, 0x04, 0xF5, 0xF8,
    0x00, 0x00, 0x00, 0x00, 0x00, 0x13, 0xF5, 0xF8, 0x00, 0x00, 0x00, 0x00, 0x00, 0x36, 0xF5, 0xF8,
    0xEE, 0x5D, 0x71, 0x71, 0x71, 0x78, 0x78, 0x80, 0xEA, 0x5E, 0x71, 0x6C, 0x63, 0x67, 0x63, 0x78,
    0xE5, 0x5D, 0x6C, 0x83, 0xCE, 0xC1, 0xD0, 0xA5, 0xDE, 0x55, 0x6C, 0xAC, 0xB1, 0xCC, 0xB6, 0xA4,
    0x85, 0x8F, 0x9F, 0xB0, 0xA4, 0x67, 0x63, 0x65, 0x85, 0x8F, 0x9F, 0xB0, 0x95, 0x63, 0x62, 0x65,
    0x85, 0x8F, 0x9F, 0xA6, 0x85, 0x5D, 0x62, 0x62, 0x80, 0x8F, 0x9F, 0x9D, 0x80, 0x5D, 0x60, 0x65,
    0x67, 0x6A, 0xA4, 0xC9, 0x60, 0xEC, 0xFB, 0xF2, 0x66, 0x6C, 0xB2, 0xC6, 0xB4, 0xFA, 0xEF, 0xEF,
    0x65, 0x6C, 0xC9, 0xC9, 0xEA, 0xF7, 0xED, 0xF0, 0x63, 0x71, 0xC9, 0xC6, 0xF3, 0xF2, 0xEC, 0xE8,
    0xF1, 0xF2, 0xF5, 0xF5, 0xEB, 0xBB, 0xF2, 0xF7, 0xF1, 0xF3, 0xEE, 0xBB, 0xBB, 0xBB, 0xF4, 0xF6,
    0xEE, 0xBB, 0xBB, 0xEB, 0xF7, 0xBB, 0xF2, 0xF6, 0xBB, 0xBB, 0xEF, 0xF3, 0xF5, 0xBB, 0xF1, 0xF5,
    0xFC, 0xF4, 0xCC, 0xC1, 0xC6, 0xC6, 0xC9, 0xC9, 0xF7, 0xFD, 0xDB, 0xC1, 0xC6, 0xC9, 0xC9, 0xC9,
    0xF5, 0xFA, 0xF1, 0xBD, 0xC6, 0xC9, 0xC9, 0xC9, 0xF8, 0xF4, 0xF8, 0xBD, 0xC6, 0xC9, 0xC9, 0xC9,
    0xC9, 0xC9, 0xC9, 0xC9, 0xCA, 0xCA, 0xCA, 0xCA, 0xC9, 0xC9, 0xC9, 0xC9, 0xC9, 0xCA, 0xCA, 0xCA,
    0xC9, 0xC9, 0xC9, 0xC9, 0xC9, 0xC9, 0xCA, 0xCA, 0xC9, 0xC9, 0xC9, 0xC9, 0xC9, 0xC9, 0xCA, 0xCA,
    0xCA, 0xB6, 0xEB, 0xFC, 0xF5, 0xEF, 0xF9, 0xF8, 0xCA, 0x62, 0xFC, 0xF5, 0xF1, 0xBB, 0xEF, 0xF9,
    0xC9, 0xEA, 0xFB, 0xF1, 0xF5, 0xEF, 0xBB, 0xF2, 0xB6, 0xF9, 0xF4, 0xF2, 0xF3, 0xF7, 0xEF, 0xBB,
    0xF8, 0xF8, 0xFA, 0xF4, 0xF4, 0xFB, 0xFA, 0xE3, 0xF8, 0xF9, 0xF6, 0xBB, 0xF2, 0xF6, 0xFB, 0xF1,
    0xFA, 0xF4, 0xBB, 0xF2, 0xFA, 0xF9, 0xF5, 0xF8, 0xEE, 0xBB, 0xEE, 0xFA, 0xF9, 0xF9, 0xF9, 0xF9,
    0xD5, 0x8E, 0x8F, 0x97, 0x97, 0x8F, 0x78, 0x7E, 0xDA, 0x82, 0x8F, 0x97, 0x8F, 0x8F, 0x80, 0x71,
    0xE1, 0x80, 0x85, 0x8F, 0x8F, 0x8F, 0x85, 0x71, 0xE1, 0x78, 0x85, 0x8F, 0x97, 0x8F, 0x85, 0x71,
    0xB1, 0x80, 0x85, 0x8F, 0x8F, 0x97, 0x9F, 0x9F, 0xC1, 0x8F, 0x8F, 0x97, 0x97, 0x9D, 0xA5, 0xA4,
    0xC6, 0x9F, 0x99, 0x9F, 0x9F, 0xA5, 0xA5, 0xA6, 0xC9, 0xA5, 0x9F, 0xA5, 0xA5, 0xB0, 0xB0, 0xB0,
    0xA4, 0xA5, 0xA5, 0xA6, 0xA6, 0xA5, 0xAC, 0xAC, 0xAC, 0xAC, 0xB0, 0xB0, 0xB2, 0xB0, 0xB0, 0xB0,
    0xB2, 0xB0, 0xB0, 0xB2, 0xB0, 0xB2, 0xB2, 0xB6, 0xB2, 0xB2, 0xB6, 0xBD, 0xB6, 0xB6, 0xBD, 0xBD,
    0xB0, 0xB0, 0xB2, 0xB2, 0xB6, 0xB6, 0xBD, 0xBD, 0xB0, 0xB2, 0xB2, 0xB2, 0xB6, 0xBD, 0xC6, 0xC1,
    0xB2, 0xB6, 0xB6, 0xB6, 0xBD, 0xC6, 0xC6, 0xC9, 0xB6, 0xBD, 0xBD, 0xC1, 0xC6, 0xC9, 0xCA, 0xD0,
    0xC9, 0xCA, 0xCC, 0xD0, 0xD4, 0xD7, 0xDB, 0xDD, 0xCA, 0xD0, 0xD1, 0xD5, 0xD8, 0xDC, 0xE1, 0xE5,
    0xD0, 0xD1, 0xD7, 0xDA, 0xDE, 0xE2, 0xEA, 0xEC, 0xD2, 0xD7, 0xDC, 0xE1, 0xE8, 0xEC, 0xDE, 0x04,
    0xE3, 0xEB, 0x7B, 0x00, 0x00, 0x00, 0x00, 0x00, 0xEA, 0x76, 0x02, 0x00, 0x00, 0x00, 0x00, 0x00,
    0x40, 0x00, 0x00, 0x00, 0x00, 0x00, 0x00, 0x00, 0x00, 0x00, 0x00, 0x00, 0x00, 0x00, 0x00, 0x00,
    0x05, 0xDC, 0xCE, 0xCD, 0xE1, 0xE8, 0xD5, 0xA3, 0x05, 0xDE, 0xCF, 0xD1, 0xD1, 0xDA, 0xD7, 0xC8,
    0x05, 0xDC, 0xCE, 0xD1, 0xD1, 0xCE, 0xC8, 0xB9, 0x05, 0xDC, 0xCF, 0xCF, 0xD1, 0xD1, 0xC8, 0xBF,
    0xC8, 0xC4, 0xCB, 0xC4, 0xB5, 0xAE, 0xAE, 0xAE, 0xB5, 0xC4, 0xBF, 0xBF, 0xB9, 0xB9, 0xB5, 0xB5,
    0xC4, 0xBF, 0xBF, 0xB9, 0xB5, 0xB9, 0xB5, 0xAE, 0xC4, 0xBF, 0xBF, 0xB9, 0xB9, 0xB9, 0xB9, 0xB9,
    0xAE, 0xB5, 0xB5, 0xAE, 0xAE, 0xB5, 0xAE, 0xA9, 0xB5, 0xB5, 0xB9, 0xBF, 0xBF, 0xBF, 0xB5, 0xBF,
    0xB5, 0xB5, 0xB5, 0xB9, 0xBF, 0xBF, 0xBF, 0xBF, 0xB9, 0xB9, 0xB9, 0xB5, 0xB5, 0xB9, 0xB9, 0xB9,
    0xB9, 0xC4, 0xBF, 0xB9, 0xB9, 0xB9, 0xB9, 0xB9, 0xB9, 0xC4, 0xB5, 0xB5, 0xB5, 0xB9, 0xB9, 0xB9,
    0xB9, 0xBF, 0xB5, 0xB5, 0xB5, 0xB5, 0xB5, 0xB5, 0xB9, 0xB5, 0xB5, 0xAE, 0xB9, 0xB9, 0xB5, 0xB5,
    0xB9, 0xB9, 0xB9, 0xB5, 0xB5, 0xB5, 0xB5, 0xA3, 0xBF, 0xB9, 0xB5, 0xAE, 0xB9, 0xB5, 0xB9, 0x74,
    0xBF, 0xB9, 0xB9, 0xB9, 0xAE, 0xAE, 0xAE, 0x76, 0xB5, 0xB9, 0xB9, 0xB5, 0xAE, 0xAE, 0xAE, 0x88,
    0x93, 0xEF, 0xF7, 0xF7, 0xF5, 0xF6, 0xF8, 0xF6, 0xCF, 0xF7, 0xEB, 0xED, 0xF1, 0xEC, 0xEA, 0xED,
    0xCD, 0xF3, 0xD8, 0xDA, 0xEB, 0xE5, 0xD2, 0xEA, 0xA3, 0xEF, 0xF2, 0xF3, 0xF1, 0xF1, 0xF1, 0xF1,
    0xF7, 0xF6, 0xF4, 0xF4, 0xF5, 0xF5, 0xF5, 0xED, 0xE4, 0xEF, 0xF8, 0xF7, 0xF7, 0xF8, 0xF8, 0xEF,
    0xDE, 0xE6, 0xF2, 0xF2, 0xF1, 0xF1, 0xEF, 0xEA, 0xF1, 0xEF, 0xEF, 0xEE, 0xEE, 0xEF, 0xEF, 0xEF,
    0xEC, 0xEC, 0xF2, 0xF1, 0xF6, 0xF8, 0xF8, 0xF8, 0xF5, 0xF4, 0xEE, 0xED, 0xEE, 0xF2, 0xF3, 0xEE,
    0xF1, 0xF1, 0xE8, 0xE8, 0xEC, 0xEE, 0xED, 0xE8, 0xEF, 0xEF, 0xEF, 0xEF, 0xEE, 0xED, 0xEE, 0xEE,
    0xF9, 0xF3, 0xD4, 0x88, 0xB5, 0xB5, 0xB5, 0xB9, 0xF2, 0xF7, 0xDD, 0x76, 0xB5, 0xB5, 0xB5, 0xB9,
    0xEB, 0xED, 0xD6, 0x8D, 0xAE, 0xB5, 0xAE, 0xB5, 0xEF, 0xF1, 0xDB, 0x7C, 0xAE, 0xAE, 0xAE, 0xAE,
    0xB9, 0xB5, 0xB9, 0xB5, 0xB5, 0xB5, 0xB5, 0xB5, 0xB5, 0xB5, 0xB9, 0xBF, 0xB9, 0xAE, 0xAE, 0xB9,
    0xAE, 0xB5, 0xB5, 0xB9, 0xB9, 0xAE, 0xAE, 0xB5, 0xAE, 0xB9, 0xB9, 0xB9, 0xB5, 0xAE, 0xB5, 0xAE,
    0xBF, 0xBF, 0xC4, 0xBF, 0xB5, 0xB9, 0xB5, 0xB5, 0xB5, 0xB5, 0xB5, 0xB5, 0xB5, 0xB9, 0xBF, 0xB9,
    0xB5, 0xBF, 0xB9, 0xB5, 0xB5, 0xB9, 0xB5, 0xB5, 0xAE, 0xB9, 0xBF, 0xB5, 0xB5, 0xB5, 0xB5, 0xB5,
    0xB9, 0xB9, 0xB9, 0xB9, 0xBF, 0xBF, 0xC4, 0xC4, 0xB9, 0xBF, 0xBF, 0xB9, 0xB9, 0xB9, 0xBF, 0xBF,
    0xB9, 0xB9, 0xB9, 0xBF, 0xBF, 0xBF, 0xBF, 0xBF, 0xBF, 0xBF, 0xB5, 0xB5, 0xB9, 0xB9, 0xBF, 0xBF,
    0xBF, 0xBF, 0xBF, 0xC8, 0xC8, 0xC8, 0xC8, 0xBF, 0xC4, 0xC4, 0xBF, 0xBF, 0xC4, 0xC4, 0xC8, 0xC8,
    0xBF, 0xBF, 0xBF, 0xBF, 0xC4, 0xC4, 0xC4, 0xBF, 0xBF, 0xBF, 0xBF, 0xBF, 0xC4, 0xC4, 0xC4, 0xC4,
    0xB9, 0xB9, 0xB9, 0xB5, 0xAE, 0xAE, 0xAE, 0xAE, 0xC4, 0xC4, 0xBF, 0xBF, 0xBF, 0xB9, 0xBF, 0xBF,
    0xBF, 0xC4, 0xBF, 0xC4, 0xC4, 0xC4, 0xC4, 0xBF, 0xBF, 0xBF, 0xC4, 0xBF, 0xC4, 0xC4, 0xC8, 0xC8,
    0xB5, 0xB5, 0xBF, 0xCB, 0xCB, 0xC8, 0xB9, 0xCB, 0xBF, 0xC4, 0xC8, 0xC8, 0xCB, 0xC8, 0xBF, 0xCB,
    0xC4, 0xC4, 0xC4, 0xC8, 0xCB, 0xCB, 0xBF, 0xCD, 0xBF, 0xBF, 0xC8, 0xC8, 0xCB, 0xC8, 0xBF, 0xCE,
    0xDE, 0xE4, 0xE2, 0xDC, 0xD3, 0xE8, 0xDE, 0x2C, 0xDE, 0xE4, 0xE2, 0xDA, 0xD1, 0xE8, 0xDE, 0x2C,
    0xDE, 0xE2, 0xE2, 0xDC, 0xD3, 0xE8, 0xDE, 0x2C, 0xE1, 0xE4, 0xE2, 0xDC, 0xD3, 0xE6, 0xDC, 0x26,
    0x00, 0x00, 0x00, 0x00, 0x00, 0x00, 0x00, 0x00, 0x00, 0x00, 0x00, 0x00, 0x00, 0x00, 0x00, 0x00,
    0x00, 0x00, 0x00, 0x00, 0x00, 0x00, 0x00, 0x00, 0x00, 0x00, 0x00, 0x00, 0x00, 0x00, 0x00, 0x00,
    0x00, 0x00, 0x00, 0x00, 0x00, 0x31, 0xF5, 0xF8, 0x00, 0x00, 0x00, 0x00, 0x00, 0x3B, 0xF5, 0xF8,
    0x00, 0x00, 0x00, 0x00, 0x00, 0x2D, 0xF5, 0xF8, 0x00, 0x00, 0x00, 0x00, 0x00, 0x26, 0xF5, 0xF8,
    0xDD, 0x59, 0x7B, 0x65, 0xCE, 0xC9, 0xB2, 0x8F, 0xDD, 0x59, 0x78, 0x4B, 0xCA, 0x97, 0xC9, 0xA6,
    0xDE, 0x52, 0x6C, 0x59, 0x40, 0x49, 0x49, 0x6F, 0xE3, 0x50, 0x67, 0x73, 0x78, 0x78, 0x80, 0x71,
    0x78, 0x8F, 0x9F, 0x97, 0x73, 0x5B, 0x60, 0x65, 0x80, 0x8F, 0x97, 0x95, 0x6F, 0x59, 0x60, 0x62,
    0x78, 0x8F, 0x8F, 0x85, 0x65, 0x59, 0x60, 0x62, 0x78, 0x8F, 0x97, 0x8F, 0x62, 0x5B, 0x62, 0x62,
    0x67, 0x6F, 0xC9, 0xB2, 0xF7, 0xED, 0xBB, 0xBB, 0x67, 0x6C, 0xC6, 0xBD, 0xF5, 0xEE, 0xDF, 0xBB,
    0x63, 0x6C, 0xC1, 0xC6, 0xEE, 0xF1, 0xE3, 0xE9, 0x62, 0x63, 0xB6, 0xC6, 0xD2, 0xF9, 0xC1, 0xE3,
    0xEB, 0xF0, 0xF0, 0xF1, 0xF3, 0xBB, 0xF1, 0xF5, 0xBB, 0xBB, 0xEE, 0xF0, 0xF3, 0xBB, 0xF1, 0xF4,
    0xDF, 0xBB, 0xBB, 0xDF, 0xF0, 0xBB, 0xEF, 0xF3, 0xE9, 0xEC, 0xDF, 0xBB, 0xBB, 0xBB, 0xEE, 0xF2,
    0xF6, 0xF7, 0xF8, 0xB2, 0xC6, 0xC9, 0xC9, 0xC9, 0xF6, 0xF8, 0xF5, 0xB0, 0xC6, 0xC9, 0xC9, 0xC9,
    0xF5, 0xFB, 0xEB, 0xB6, 0xC6, 0xC9, 0xC9, 0xC9, 0xF7, 0xFE, 0x73, 0xC6, 0xC6, 0xC9, 0xC9, 0xC9,
    0xC9, 0xC9, 0xC9, 0xC9, 0xC9, 0xC9, 0xCA, 0xCA, 0xC9, 0xC9, 0xC9, 0xC9, 0xC9, 0xC9, 0xCA, 0xCA,
    0xC9, 0xC9, 0xC9, 0xC9, 0xC9, 0xCA, 0xCA, 0xCA, 0xC9, 0xC9, 0xC9, 0xC9, 0xC9, 0xC9, 0xCA, 0xC9,
    0xC1, 0xFA, 0xEF, 0xF1, 0xF2, 0xF4, 0xF9, 0xEC, 0xB6, 0xFA, 0xEF, 0xEF, 0xF1, 0xF5, 0xF1, 0xBB,
    0xC1, 0xEE, 0xF8, 0xEC, 0xF2, 0xEE, 0xBB, 0xEE, 0xCA, 0x6A, 0xFC, 0xE2, 0xEE, 0x56, 0xEB, 0xF8,
    0x44, 0xEB, 0xFB, 0xF9, 0xF9, 0xF9, 0xF9, 0xF8, 0xEB, 0xBB, 0xF1, 0xF9, 0xF8, 0xF9, 0xFA, 0xF4,
    0xF9, 0xEF, 0xBB, 0xF4, 0xFA, 0xF9, 0xF9, 0xEF, 0xF5, 0xF8, 0xF1, 0xBB, 0xF2, 0xF6, 0xFB, 0xE1,
    0xDE, 0x78, 0x85, 0x8F, 0x85, 0x8F, 0x85, 0x71, 0xD9, 0x78, 0x85, 0x85, 0x85, 0x85, 0x78, 0x78,
    0xD5, 0x71, 0x85, 0x85, 0x85, 0x85, 0x80, 0x78, 0xD1, 0x71, 0x85, 0x85, 0x85, 0x85, 0x78, 0x80,
    0xCA, 0xB0, 0xAC, 0xA6, 0xB0, 0xB1, 0xB2, 0xB6, 0xCC, 0xB2, 0xB2, 0xB2, 0xB0, 0xB6, 0xB6, 0xBD,
    0xD0, 0xB2, 0xB6, 0xB6, 0xB6, 0xBD, 0xC1, 0xC1, 0xD1, 0xB6, 0xB6, 0xBD, 0xC1, 0xC1, 0xC6, 0xC6,
    0xB6, 0xB6, 0xBD, 0xBD, 0xBD, 0xC1, 0xC1, 0xC1, 0xBD, 0xBD, 0xBD, 0xC1, 0xC1, 0xC1, 0xC1, 0xC1,
    0xC6, 0xC1, 0xC1, 0xC6, 0xC1, 0xC6, 0xC6, 0xC9, 0xC6, 0xC6, 0xC6, 0xC6, 0xC1, 0xC6, 0xC6, 0xCA,
    0xC1, 0xBD, 0xC6, 0xC6, 0xC9, 0xCC, 0xD0, 0xD5, 0xC6, 0xC9, 0xC9, 0xCC, 0xCC, 0xD1, 0xD7, 0xDA,
    0xC9, 0xCA, 0xCC, 0xD0, 0xD5, 0xD8, 0xDE, 0xE4, 0xCC, 0xD0, 0xD2, 0xD7, 0xDC, 0xE2, 0xEA, 0xEB,
    0xDA, 0xDD, 0xE4, 0xEA, 0xEB, 0x5F, 0x02, 0x00, 0xE1, 0xE8, 0xEC, 0xE1, 0x03, 0x00, 0x00, 0x00,
    0xEB, 0xEC, 0x17, 0x00, 0x00, 0x00, 0x00, 0x00, 0xC2, 0x03, 0x00, 0x00, 0x00, 0x00, 0x00, 0x00,
    0x00, 0x00, 0x00, 0x00, 0x00, 0x00, 0x00, 0x00, 0x00, 0x00, 0x00, 0x00, 0x00, 0x00, 0x00, 0x00,
    0x00, 0x00, 0x00, 0x00, 0x00, 0x00, 0x00, 0x00, 0x00, 0x00, 0x00, 0x00, 0x00, 0x00, 0x00, 0x00,
    0x07, 0xDE, 0xCE, 0xD1, 0xD3, 0xD1, 0xCB, 0xBF, 0x05, 0xDC, 0xCE, 0xCF, 0xD3, 0xD1, 0xCB, 0xBF,
    0x05, 0xDC, 0xCF, 0xD1, 0xD3, 0xD1, 0xCB, 0xB9, 0x08, 0xDC, 0xCF, 0xCF, 0xD3, 0xCF, 0xCB, 0xB9,
    0xBF, 0xBF, 0xBF, 0xBF, 0xB9, 0xB9, 0xBF, 0xB5, 0xBF, 0xBF, 0xC4, 0xBF, 0xB5, 0xB5, 0xB9, 0xB5,
    0xBF, 0xC4, 0xBF, 0xBF, 0xB9, 0xB9, 0xBF, 0xB5, 0xBF, 0xBF, 0xBF, 0xBF, 0xBF, 0xBF, 0xB5, 0xB5,
    0xB9, 0xB9, 0xB9, 0xB5, 0xB9, 0xB5, 0xB9, 0xB9, 0xB5, 0xB9, 0xB9, 0xB5, 0xB9, 0xAE, 0xBF, 0xB9,
    0xB5, 0xB9, 0xB9, 0xB9, 0xB5, 0xB5, 0xB9, 0xB5, 0xB5, 0xB5, 0xB5, 0xB9, 0xB5, 0xB9, 0xB9, 0xB9,
    0xB9, 0xBF, 0xB9, 0xB5, 0xB5, 0xB9, 0xB9, 0xB9, 0xB5, 0xB5, 0xB5, 0xB5, 0xAE, 0xB5, 0xB5, 0xB5,
    0xB5, 0xB9, 0xB5, 0xB5, 0xAE, 0xAE, 0xB5, 0xB5, 0xBF, 0xB5, 0xB5, 0xB5, 0xB5, 0xB5, 0xB5, 0xB5,
    0xB5, 0xB5, 0xB5, 0xB5, 0xAE, 0xAE, 0xAE, 0x76, 0xB5, 0xB5, 0xAE, 0xAE, 0xB5, 0xAE, 0xAE, 0x7C,
    0xAE, 0xB5, 0xAE, 0xAE, 0xAE, 0xA9, 0xAE, 0x7C, 0xAE, 0xB5, 0xB5, 0xB5, 0xAE, 0xA9, 0xAE, 0x88,
    0xB9, 0xF4, 0xED, 0xEF, 0xEE, 0xEB, 0xEB, 0xEB, 0x9A, 0xF4, 0xF3, 0xEE, 0xEF, 0xEE, 0xEF, 0xEF,
    0x8D, 0xF4, 0xF6, 0xF1, 0xF1, 0xF6, 0xEF, 0xED, 0x93, 0xF5, 0xF6, 0xEF, 0xEE, 0xF4, 0xED, 0xED,
    0xEE, 0xF3, 0xF5, 0xF5, 0xF4, 0xF5, 0xF9, 0x77, 0xF1, 0xF5, 0xF6, 0xF5, 0xF5, 0xF6, 0xF8, 0xEB,
    0xF1, 0xEE, 0xEB, 0xF1, 0xEF, 0xEB, 0xEA, 0xF2, 0xEF, 0xEE, 0xEB, 0xF1, 0xF1, 0xED, 0xEC, 0xEF,
    0x03, 0x03, 0x0B, 0x28, 0x43, 0x08, 0x03, 0x02, 0xD7, 0xDE, 0xE6, 0xE5, 0xE8, 0xEA, 0xEA, 0xEB,
    0xF5, 0xEE, 0xE8, 0xF3, 0xF6, 0xF7, 0xEF, 0xE4, 0xF3, 0xEF, 0xED, 0xF1, 0xF4, 0xF6, 0xEC, 0xE2,
    0x0A, 0xF1, 0xE3, 0x74, 0xAE, 0xAE, 0xAE, 0xAE, 0xEE, 0xF3, 0xDD, 0x74, 0xAE, 0xAE, 0xAE, 0xB5,
    0xE8, 0xF1, 0xDE, 0x7C, 0xAE, 0xAE, 0xAE, 0xAE, 0xE8, 0xF3, 0xE1, 0x74, 0xAE, 0xAE, 0xAE, 0xB5,
    0xB5, 0xB5, 0xB5, 0xB5, 0xAE, 0xAE, 0xAE, 0xAE, 0xB9, 0xB5, 0xB5, 0xB5, 0xAE, 0xB5, 0xAE, 0xAE,
    0xB5, 0xB5, 0xB5, 0xB5, 0xAE, 0xAE, 0xAE, 0xAE, 0xB5, 0xAE, 0xAE, 0xB5, 0xAE, 0xAE, 0xB5, 0xB5,
    0xAE, 0xB5, 0xB5, 0xB9, 0xB9, 0xB5, 0xB9, 0xB9, 0xB5, 0xB9, 0xB5, 0xB5, 0xB9, 0xB5, 0xB5, 0xB9,
    0xB5, 0xB5, 0xB5, 0xAE, 0xB5, 0xB5, 0xB5, 0xB9, 0xB5, 0xAE, 0xAE, 0xAE, 0xAE, 0xAE, 0xAE, 0xB5,
    0xB5, 0xB5, 0xB9, 0xB9, 0xB9, 0xC4, 0xBF, 0xB9, 0xB9, 0xB5, 0xBF, 0xBF, 0xB9, 0xBF, 0xBF, 0xB9,
    0xB9, 0xB9, 0xB9, 0xB9, 0xB9, 0xBF, 0xBF, 0xB9, 0xB9, 0xB9, 0xB9, 0xB9, 0xB9, 0xB9, 0xBF, 0xBF,
    0xBF, 0xBF, 0xBF, 0xC4, 0xBF, 0xBF, 0xC4, 0xBF, 0xB9, 0xB9, 0xB9, 0xBF, 0xBF, 0xBF, 0xBF, 0xB9,
    0xB9, 0xB9, 0xB9, 0xB9, 0xB9, 0xBF, 0xBF, 0xB9, 0xB9, 0xB9, 0xBF, 0xBF, 0xB9, 0xB9, 0xBF, 0xBF,
    0xC4, 0xBF, 0xBF, 0xBF, 0xBF, 0xBF, 0xC4, 0xC4, 0xBF, 0xC4, 0xC4, 0xBF, 0xBF, 0xBF, 0xC4, 0xBF,
    0xB9, 0xC4, 0xC4, 0xBF, 0xC4, 0xC4, 0xC4, 0xC4, 0xB9, 0xB9, 0xB9, 0xC4, 0xC4, 0xBF, 0xBF, 0xC4,
    0xC4, 0xC4, 0xC4, 0xC4, 0xC8, 0xCB, 0xBF, 0xCB, 0xBF, 0xC8, 0xC8, 0xC4, 0xC8, 0xC4, 0xB5, 0xCB,
    0xC4, 0xC8, 0xC4, 0xC8, 0xC4, 0xBF, 0xB5, 0xCB, 0xC4, 0xC8, 0xC4, 0xBF, 0xC4, 0xBF, 0xBF, 0xCB,
    0xDE, 0xE2, 0xE2, 0xDC, 0xD5, 0xE8, 0xDC, 0x26, 0xDE, 0xE2, 0xE1, 0xDC, 0xD3, 0xE8, 0xDC, 0x23,
    0xDE, 0xE4, 0xE2, 0xDC, 0xD3, 0xE8, 0xDA, 0x1D, 0xDC, 0xE2, 0xE2, 0xDC, 0xD3, 0xE8, 0xDA, 0x21,
    0x00, 0x00, 0x00, 0x00, 0x00, 0x00, 0x00, 0x00, 0x00, 0x00, 0x00, 0x00, 0x00, 0x00, 0x00, 0x00,
    0x00, 0x00, 0x00, 0x00, 0x00, 0x00, 0x00, 0x00, 0x00, 0x00, 0x00, 0x00, 0x00, 0x00, 0x00, 0x00,
    0x00, 0x00, 0x00, 0x00, 0x00, 0x0C, 0xF5, 0xF8, 0x00, 0x00, 0x00, 0x00, 0x00, 0x04, 0xF4, 0xF7,
    0x00, 0x00, 0x00, 0x00, 0x00, 0x00, 0xF4, 0xF7, 0x00, 0x00, 0x00, 0x00, 0x00, 0x00, 0xEF, 0xF7,
    0xE8, 0x49, 0x67, 0x67, 0x67, 0x71, 0x71, 0x71, 0xEE, 0x48, 0x65, 0x6A, 0x71, 0x6C, 0x6C, 0x78,
    0xF2, 0x33, 0x60, 0x6C, 0x67, 0x6C, 0x71, 0x71, 0xF7, 0x38, 0x5B, 0x6C, 0x6C, 0x6C, 0x6C, 0x71,
    0x78, 0x85, 0x8F, 0x8F, 0x62, 0x59, 0x5E, 0x62, 0x78, 0x80, 0x8F, 0x8C, 0x62, 0x59, 0x5E, 0x5E,
    0x78, 0x80, 0x85, 0x8C, 0x65, 0x53, 0x59, 0x60, 0x71, 0x80, 0x85, 0x80, 0x6F, 0x50, 0x55, 0x62,
    0x60, 0x63, 0xB0, 0xC6, 0x52, 0xF4, 0xF3, 0xB1, 0x5D, 0x62, 0xB0, 0xC1, 0x6E, 0x5D, 0xFA, 0xF4,
    0x5D, 0x62, 0xB1, 0xC1, 0x78, 0x60, 0x71, 0xF5, 0x5D, 0x62, 0xB0, 0xCE, 0x5D, 0x63, 0x52, 0x28,
    0xE2, 0xE8, 0xEC, 0xEC, 0xBB, 0xBB, 0xEE, 0xF2, 0xB2, 0xB1, 0xD8, 0xE3, 0xEA, 0xEC, 0xF5, 0xFC,
    0xF8, 0xF3, 0xEF, 0xF1, 0xF7, 0xFB, 0xFB, 0xF3, 0xE8, 0xF2, 0xF7, 0xF8, 0xF7, 0xF1, 0xD1, 0x3F,
    0xFC, 0xEC, 0x9D, 0xC6, 0xC6, 0xC9, 0xC9, 0xC9, 0xF3, 0x6A, 0xCA, 0xC6, 0xC6, 0xC9, 0xC9, 0xC9,
    0x6F, 0xB6, 0xC1, 0xC6, 0xC6, 0xC9, 0xC9, 0xC9, 0xA6, 0xBD, 0xC1, 0xC6, 0xC6, 0xC6, 0xC9, 0xC9,
    0xC9, 0xC9, 0xC9, 0xC9, 0xC9, 0xC9, 0xC9, 0xC9, 0xC9, 0xC9, 0xC9, 0xC9, 0xCA, 0xC9, 0xCA, 0xC9,
    0xC9, 0xC9, 0xCA, 0xC9, 0xCA, 0xCA, 0xCA, 0xCA, 0xC1, 0xB6, 0xB6, 0xBC, 0xB6, 0xC6, 0xC9, 0xCA,
    0xCA, 0x95, 0xEF, 0xFA, 0xD9, 0xE8, 0xF6, 0xF4, 0xC9, 0xCC, 0x8E, 0xF9, 0xF8, 0xEC, 0xEC, 0xF1,
    0xCA, 0xC9, 0xC6, 0x6F, 0xF5, 0xFA, 0xF9, 0xF7, 0xCA, 0xC9, 0xC9, 0xA6, 0x4E, 0xE4, 0xF2, 0xF7,
    0xF5, 0xF6, 0xF9, 0xEE, 0xEF, 0xFB, 0xF5, 0xB2, 0xF2, 0xF4, 0xF4, 0xF9, 0xFB, 0xF7, 0x6F, 0xCA,
    0xF8, 0xFA, 0xFB, 0xFA, 0xF3, 0x82, 0xC6, 0xCA, 0xF7, 0xF6, 0xF1, 0xDC, 0x51, 0xA6, 0xBD, 0xB6,
    0xD0, 0x6E, 0x80, 0x85, 0x85, 0x85, 0x71, 0x9D, 0xD0, 0x6C, 0x85, 0x85, 0x80, 0x85, 0x6C, 0xB2,
    0xCC, 0x6C, 0x85, 0x85, 0x80, 0x80, 0x63, 0xC9, 0xD0, 0x71, 0x80, 0x85, 0x80, 0x78, 0x61, 0xD1,
    0xD0, 0xBD, 0xBD, 0xBD, 0xC1, 0xC6, 0xC6, 0xC6, 0xD0, 0xC1, 0xC1, 0xC1, 0xC6, 0xC6, 0xC6, 0xC6,
    0xCA, 0xC6, 0xC6, 0xC6, 0xC9, 0xC6, 0xC9, 0xCA, 0xC9, 0xC6, 0xC9, 0xC9, 0xC9, 0xC9, 0xCA, 0xCC,
    0xC6, 0xC6, 0xC6, 0xC6, 0xC9, 0xCA, 0xCA, 0xD0, 0xC6, 0xC9, 0xC9, 0xCA, 0xCA, 0xCC, 0xD0, 0xD4,
    0xCA, 0xCA, 0xCA, 0xD0, 0xD0, 0xD2, 0xD7, 0xDB, 0xCC, 0xCC, 0xD0, 0xD2, 0xD7, 0xDA, 0xDE, 0xE4,
    0xD2, 0xD7, 0xDA, 0xDE, 0xE6, 0xEC, 0xE6, 0x13, 0xD9, 0xDD, 0xE3, 0xEA, 0xED, 0x59, 0x02, 0x00,
    0xE1, 0xE8, 0xED, 0xE2, 0x04, 0x00, 0x00, 0x00, 0xEB, 0xEB, 0x26, 0x02, 0x00, 0x00, 0x00, 0x00,
    0x00, 0x00, 0x00, 0x00, 0x00, 0x00, 0x00, 0x00, 0x00, 0x00, 0x00, 0x00, 0x00, 0x00, 0x00, 0x00,
    0x00, 0x00, 0x00, 0x00, 0x00, 0x00, 0x00, 0x00, 0x00, 0x00, 0x00, 0x00, 0x00, 0x00, 0x00, 0x00,
    0x00, 0x00, 0x00, 0x00, 0x00, 0x00, 0x00, 0x00, 0x00, 0x00, 0x00, 0x00, 0x00, 0x00, 0x00, 0x00,
    0x00, 0x00, 0x00, 0x00, 0x00, 0x00, 0x00, 0x00, 0x00, 0x00, 0x00, 0x00, 0x00, 0x00, 0x00, 0x00,
    0x07, 0xDC, 0xCF, 0xCF, 0xD3, 0xD1, 0xCB, 0xBF, 0x08, 0xDC, 0xCF, 0xCF, 0xD3, 0xD1, 0xCB, 0xBF,
    0x08, 0xDE, 0xCE, 0xCF, 0xD3, 0xCF, 0xCB, 0xBF, 0x08, 0xDE, 0xCE, 0xCF, 0xD3, 0xD3, 0xC8, 0xB9,
    0xBF, 0xB9, 0xBF, 0xBF, 0xB9, 0xB9, 0xB5, 0xB9, 0xBF, 0xB9, 0xBF, 0xB9, 0xB9, 0xB9, 0xB9, 0xB5,
    0xBF, 0xB9, 0xBF, 0xBF, 0xB9, 0xB5, 0xB9, 0xB5, 0xBF, 0xB9, 0xBF, 0xC4, 0xA3, 0xBF, 0xBF, 0xB5,
    0xB5, 0xB9, 0xB5, 0xB9, 0xB5, 0xB5, 0xB5, 0xB5, 0xB5, 0xB9, 0xB9, 0xB9, 0xB5, 0xB5, 0xB5, 0xB5,
    0xB9, 0xB9, 0xB5, 0xB5, 0xB5, 0xB5, 0xB5, 0xB5, 0xBF, 0xC4, 0xBF, 0xBF, 0xB5, 0xB5, 0xB9, 0xB9,
    0xB9, 0xB9, 0xB5, 0xB5, 0xB5, 0xAE, 0xAE, 0xB5, 0xB5, 0xB5, 0xB5, 0xB5, 0xB5, 0xB5, 0xB5, 0xB5,
    0xAE, 0xB9, 0xB9, 0xB9, 0xAE, 0xB5, 0xB5, 0xAE, 0xB5, 0xB5, 0x9A, 0xAE, 0xB9, 0xB9, 0xB5, 0xB5,
    0xB5, 0xAE, 0xAE, 0xAE, 0xAE, 0xAE, 0xAE, 0x88, 0xB5, 0xB5, 0xAE, 0xAE, 0xAE, 0xAE, 0xA9, 0x88,
    0xAE, 0xB5, 0xAE, 0xAE, 0xAE, 0xAE, 0xAE, 0x93, 0xB5, 0xBF, 0xB5, 0xB5, 0xA9, 0xA9, 0xA9, 0x8D,
    0x9A, 0xF4, 0xEC, 0xEA, 0xED, 0xEC, 0xEC, 0xEA, 0x9A, 0xF2, 0xEF, 0xEE, 0xF1, 0xF1, 0xEE, 0xED,
    0xA3, 0xF2, 0xE4, 0xD1, 0xD7, 0xD0, 0xCB, 0xCD, 0xAE, 0xF1, 0x33, 0x05, 0x04, 0x04, 0x04, 0x04,
    0xE8, 0xE4, 0xE8, 0xE8, 0xE6, 0xEA, 0xE8, 0xE8, 0xF6, 0xF9, 0xF8, 0xF8, 0xF8, 0xF4, 0xF5, 0xF2,
    0xD5, 0xCF, 0xC8, 0xA2, 0x8D, 0xF2, 0xED, 0xED, 0x04, 0x04, 0x04, 0x03, 0x02, 0xEE, 0xE1, 0xF1,
    0xEB, 0xEA, 0xEA, 0xEB, 0xEA, 0xF4, 0xED, 0xDC, 0xF5, 0xF4, 0xF4, 0xF4, 0xF4, 0xF4, 0xF4, 0xF4,
    0xE9, 0xE5, 0xF3, 0xEB, 0xDE, 0xEE, 0xF4, 0xF4, 0xDA, 0xD2, 0xF2, 0xE6, 0xCC, 0xEA, 0xF2, 0xF4,
    0xE4, 0xF2, 0xE1, 0x76, 0xA9, 0xAE, 0xAE, 0xAE, 0xF6, 0xF5, 0xDD, 0x76, 0xA3, 0xAE, 0xAE, 0xAE,
    0xF5, 0xF5, 0xDE, 0x76, 0xA3, 0xAE, 0xAE, 0xAE, 0xF5, 0xF4, 0xDD, 0x7C, 0xA3, 0xAE, 0xAE, 0xAE,
    0xB5, 0xAE, 0xAE, 0xB5, 0xB5, 0xB5, 0xB5, 0xAE, 0xB5, 0xB5, 0xB5, 0xB5, 0xB5, 0xAE, 0xAE, 0xAE,
    0xAE, 0xAE, 0xB5, 0xB5, 0xAE, 0xAE, 0xAE, 0xAE, 0xAE, 0xB5, 0xB5, 0xB5, 0xB5, 0xA9, 0xAE, 0xB5,
    0xAE, 0xB5, 0xB5, 0xAE, 0xAE, 0xAE, 0xAE, 0xAE, 0xAE, 0xB5, 0xB5, 0xB5, 0xA9, 0xAE, 0xB5, 0xAE,
    0xAE, 0xAE, 0xAE, 0xAE, 0xAE, 0xAE, 0xB5, 0xB5, 0xB5, 0xAE, 0xA9, 0xA9, 0xAE, 0xB5, 0xA9, 0xAE,
    0xAE, 0xB5, 0xB9, 0xB9, 0xB5, 0xB5, 0xB9, 0xBF, 0xAE, 0xB5, 0xB5, 0xB9, 0xB9, 0xB9, 0xB9, 0xBF,
    0xAE, 0xAE, 0xB5, 0xBF, 0xBF, 0xB9, 0xB5, 0xB5, 0xB5, 0xAE, 0xB5, 0xB5, 0xB5, 0xB5, 0xB5, 0xB5,
    0xB9, 0xB5, 0xB5, 0xB9, 0xB9, 0xB9, 0xB9, 0xBF, 0xBF, 0xB9, 0xB9, 0xB5, 0xB5, 0xBF, 0xB9, 0xB9,
    0xB9, 0xB9, 0xB9, 0xB5, 0xB5, 0xBF, 0xBF, 0xBF, 0xB9, 0xB9, 0xB5, 0xB5, 0xB9, 0xB9, 0xBF, 0xB9,
    0xBF, 0xB9, 0xBF, 0xC4, 0xC4, 0xBF, 0xBF, 0xC4, 0xBF, 0xB9, 0xB9, 0xBF, 0xBF, 0xBF, 0xC4, 0xC4,
    0xB9, 0xB9, 0xBF, 0xB9, 0xBF, 0xBF, 0xC4, 0xC4, 0xB5, 0xBF, 0xBF, 0xC4, 0xC4, 0xBF, 0xBF, 0xC4,
    0xC4, 0xC4, 0xC4, 0xBF, 0xBF, 0xBF, 0xB5, 0xCD, 0xC8, 0xC4, 0xC8, 0xC4, 0xBF, 0xBF, 0xB5, 0xCB,
    0xC4, 0xC4, 0xC4, 0xC4, 0xBF, 0xC4, 0xB5, 0xCB, 0xC4, 0xC4, 0xBF, 0xC4, 0xC4, 0xC4, 0xB5, 0xCB,
    0xDE, 0xE2, 0xE2, 0xDA, 0xD3, 0xE6, 0xD9, 0x19, 0xDE, 0xE4, 0xE2, 0xDC, 0xD3, 0xE8, 0xD9, 0x16,
    0xDE, 0xE4, 0xE2, 0xDA, 0xD3, 0xE8, 0xD9, 0x16, 0xDE, 0xE4, 0xE2, 0xDC, 0xD3, 0xE8, 0xD9, 0x16,
    0x00, 0x00, 0x00, 0x00, 0x00, 0x00, 0x00, 0x00, 0x00, 0x00, 0x00, 0x00, 0x00, 0x00, 0x00, 0x00,
    0x00, 0x00, 0x00, 0x00, 0x00, 0x00, 0x00, 0x00, 0x00, 0x00, 0x00, 0x00, 0x00, 0x00, 0x00, 0x00,
    0x00, 0x00, 0x00, 0x00, 0x00, 0x00, 0xDE, 0xF5, 0x00, 0x00, 0x00, 0x00, 0x00, 0x00, 0x47, 0xF4,
    0x00, 0x00, 0x00, 0x00, 0x00, 0x00, 0x03, 0xF1, 0x00, 0x00, 0x00, 0x00, 0x00, 0x00, 0x00, 0xD2,
    0xF8, 0x9D, 0x50, 0x6C, 0x71, 0x6C, 0x6C, 0x6C, 0xF8, 0xEB, 0x3B, 0x6F, 0x6A, 0x6C, 0x6C, 0x6C,
    0xF4, 0xF1, 0x4E, 0x65, 0x6A, 0x6C, 0x67, 0x71, 0xEF, 0xF5, 0xD0, 0x4C, 0x71, 0x67, 0x6C, 0x67,
    0x71, 0x78, 0x80, 0x85, 0x71, 0x52, 0x4E, 0x5D, 0x71, 0x78, 0x80, 0x85, 0x78, 0x57, 0x4C, 0x5D,
    0x6C, 0x78, 0x78, 0x80, 0x80, 0x5D, 0x4C, 0x53, 0x6A, 0x71, 0x71, 0x80, 0x85, 0x63, 0x4C, 0x4C,
    0x5D, 0x60, 0x62, 0xDE, 0xD1, 0xD0, 0xD0, 0xCE, 0x5D, 0x5D, 0x53, 0x85, 0xC9, 0xC9, 0xC6, 0xC9,
    0x59, 0x5D, 0x5D, 0x52, 0x4C, 0x4C, 0x4D, 0x4D, 0x59, 0x59, 0x59, 0x5D, 0x5D, 0x59, 0x5B, 0x5B,
    0x86, 0x5F, 0x8F, 0xA6, 0x73, 0x5E, 0xBD, 0xD2, 0xC6, 0xBD, 0xA6, 0xA5, 0xB0, 0xB6, 0xB6, 0xB6,
    0x4C, 0x4C, 0x4C, 0x4E, 0x4E, 0x51, 0x55, 0x55, 0x5B, 0x59, 0x5B, 0x5D, 0x5E, 0x60, 0x60, 0x63,
    0xD5, 0xC9, 0xC1, 0xC6, 0xC6, 0xC6, 0xB2, 0x6F, 0xB2, 0xD5, 0xC1, 0xC1, 0xC6, 0x6F, 0xC9, 0xEF,
    0x50, 0xD5, 0xC1, 0xC6, 0x6A, 0xE2, 0xFA, 0xFB, 0x5D, 0xD7, 0xC1, 0x73, 0xEA, 0xFB, 0xFA, 0xF6,
    0xB1, 0xD8, 0xDE, 0xDA, 0xD1, 0xCA, 0xC1, 0xC9, 0xF9, 0xFA, 0xFB, 0xFA, 0xF7, 0xEC, 0xD9, 0xC6,
    0xFB, 0xFA, 0xFA, 0xFB, 0xFB, 0xFB, 0xF5, 0xE2, 0xF6, 0xF8, 0xF8, 0xF8, 0xF9, 0xFB, 0xFB, 0xF7,
    0xCA, 0xC9, 0xD5, 0xDC, 0xDD, 0xD0, 0xA6, 0xC1, 0xC9, 0xCA, 0xCC, 0xCC, 0xD0, 0xCE, 0xCE, 0xBD,
    0xC6, 0xCA, 0x6A, 0x60, 0x5D, 0x58, 0x59, 0x5D, 0xDA, 0xCA, 0x73, 0x6C, 0x67, 0x67, 0x6C, 0x6C,
    0xCC, 0xB2, 0x82, 0xC9, 0xD9, 0xD9, 0xD9, 0xD9, 0xB6, 0xB6, 0xC1, 0xBD, 0xC1, 0xBD, 0xC1, 0xC1,
    0x60, 0x60, 0x60, 0x60, 0x63, 0x63, 0x60, 0x63, 0x6F, 0x71, 0x71, 0x71, 0x71, 0x71, 0x78, 0x78,
    0xD1, 0x71, 0x80, 0x80, 0x80, 0x6C, 0x71, 0xD4, 0x81, 0x7F, 0x78, 0x80, 0x78, 0x67, 0xAC, 0xD0,
    0x71, 0x78, 0x78, 0x78, 0x71, 0x67, 0xD0, 0xC9, 0x78, 0x78, 0x78, 0x78, 0x71, 0x78, 0xD2, 0xC9,
    0xCA, 0xC9, 0xC9, 0xCA, 0xCA, 0xCC, 0xCA, 0xCC, 0xC9, 0xCA, 0xC9, 0xCA, 0xCC, 0xCC, 0xCC, 0xD0,
    0xC9, 0xC9, 0xC9, 0xCC, 0xCC, 0xD0, 0xD1, 0xD7, 0xC6, 0xC9, 0xCA, 0xD0, 0xD0, 0xD5, 0xD7, 0xDC,
    0xD0, 0xD1, 0xD5, 0xD9, 0xDC, 0xE2, 0xEA, 0xED, 0xD2, 0xD8, 0xDB, 0xE1, 0xE5, 0xEC, 0xEB, 0x18,
    0xD8, 0xDE, 0xE2, 0xEB, 0xEE, 0xA8, 0x02, 0x00, 0xE1, 0xEA, 0xED, 0xE6, 0x05, 0x00, 0x00, 0x00,
    0xC7, 0x03, 0x00, 0x00, 0x00, 0x00, 0x00, 0x00, 0x00, 0x00, 0x00, 0x00, 0x00, 0x00, 0x00, 0x00,
    0x00, 0x00, 0x00, 0x00, 0x00, 0x00, 0x00, 0x00, 0x00, 0x00, 0x00, 0x00, 0x00, 0x00, 0x00, 0x00,
    0x00, 0x00, 0x00, 0x00, 0x00, 0x00, 0x00, 0x00, 0x00, 0x00, 0x00, 0x00, 0x00, 0x00, 0x00, 0x00,
    0x00, 0x00, 0x00, 0x00, 0x00, 0x00, 0x00, 0x00, 0x00, 0x00, 0x00, 0x00, 0x00, 0x00, 0x00, 0x00,
    0x00, 0x00, 0x00, 0x00, 0x00, 0x00, 0x00, 0x00, 0x00, 0x00, 0x00, 0x00, 0x00, 0x00, 0x00, 0x00,
    0x00, 0x00, 0x00, 0x00, 0x00, 0x00, 0x00, 0x00, 0x00, 0x00, 0x00, 0x00, 0x00, 0x00, 0x00, 0x00,
    0x08, 0xDA, 0xCE, 0xD1, 0xD3, 0xD1, 0xCB, 0xBF, 0x08, 0xDC, 0xCE, 0xD1, 0xD3, 0xD3, 0xCB, 0xBF,
    0x0A, 0xDC, 0xCE, 0xCF, 0xD3, 0xCF, 0xC4, 0xB9, 0x0A, 0xDC, 0xCE, 0xCF, 0xD5, 0xD7, 0xC4, 0xB5,
    0xBF, 0xB9, 0xB5, 0xA9, 0xDA, 0xB5, 0xBF, 0xB5, 0xBF, 0xB9, 0xB9, 0xA9, 0xD3, 0xD1, 0xCD, 0xCD,
    0xAE, 0xBF, 0xB9, 0xB5, 0xC8, 0xBF, 0xBF, 0xB5, 0xB9, 0xB9, 0xB5, 0xAE, 0xDC, 0xB9, 0xB5, 0xAE,
    0xA9, 0xAE, 0xB5, 0xA9, 0xB5, 0xB5, 0xB5, 0xB5, 0xCB, 0xC8, 0xC8, 0xCD, 0xCD, 0xB9, 0xB5, 0xB5,
    0xB9, 0xC4, 0xC4, 0xB9, 0xAE, 0xB9, 0xB5, 0xAE, 0x9A, 0x9A, 0xA3, 0x93, 0xA9, 0xB9, 0xB5, 0xB5,
    0xB5, 0xA9, 0xD3, 0xBF, 0xA3, 0x9A, 0x9A, 0x9A, 0xB5, 0xAE, 0xCD, 0xCD, 0xC8, 0xC4, 0xCD, 0xCB,
    0xB9, 0xB5, 0xBF, 0xBF, 0xB9, 0xB9, 0xA9, 0xAE, 0xB9, 0xA3, 0xD8, 0xB9, 0x9A, 0x7C, 0x8D, 0x93,
    0xA3, 0x9A, 0xA3, 0xAE, 0xAE, 0xAE, 0xAE, 0x8D, 0xC4, 0xB9, 0xBF, 0xAE, 0xAE, 0xAE, 0xA9, 0xA3,
    0xAE, 0xAE, 0xAE, 0xAE, 0xAE, 0xA9, 0xA9, 0xAE, 0x8D, 0x7C, 0x93, 0xAE, 0xAE, 0xA9, 0xA9, 0xAE,
    0x93, 0xF5, 0xDC, 0xA7, 0xA7, 0xB7, 0xC3, 0xC7, 0x93, 0xEC, 0xF0, 0xEC, 0xEC, 0xE9, 0xE9, 0xE9,
    0x76, 0x8A, 0xF0, 0xF0, 0xF0, 0xF0, 0xF0, 0xF0, 0x61, 0x8A, 0xF6, 0xF8, 0xF8, 0xF7, 0xF7, 0xF6,
    0xCC, 0xCA, 0xD2, 0xCC, 0xCA, 0xF4, 0xF5, 0xEE, 0xE9, 0xE9, 0xE9, 0xE9, 0xE7, 0xE7, 0xE7, 0xE7,
    0xF0, 0xF0, 0xF1, 0xF3, 0xF3, 0xF0, 0xF3, 0xF3, 0xF7, 0xF6, 0xF5, 0xF5, 0xF4, 0xF3, 0xF3, 0xF3,
    0xF2, 0xEE, 0xF6, 0xF2, 0xED, 0xF3, 0xF6, 0xF5, 0xE7, 0xE9, 0xE7, 0xE7, 0xE9, 0xE7, 0xE0, 0xE7,
    0xF3, 0xF3, 0xF3, 0xF3, 0xF4, 0xF3, 0xF3, 0xF2, 0xF3, 0xF3, 0xF1, 0xF1, 0xF0, 0xF0, 0xF0, 0xF0,
    0xF5, 0xF7, 0xE4, 0x76, 0xA3, 0xAE, 0xAE, 0xAE, 0xE7, 0x8A, 0x8A, 0x9A, 0xA3, 0xAE, 0xB5, 0xAE,
    0xF3, 0xE0, 0x8A, 0x8D, 0xA9, 0xA9, 0xA9, 0xA9, 0xF5, 0xE7, 0x8A, 0x93, 0xA9, 0x9A, 0x93, 0xA3,
    0xB5, 0xB5, 0xB5, 0xB5, 0xB5, 0xAE, 0xA9, 0xAE, 0xAE, 0xB9, 0xB5, 0xB9, 0xAE, 0xA9, 0xAE, 0xA9,
    0xAE, 0xAE, 0xAE, 0xAE, 0xAE, 0xA9, 0xA9, 0xAE, 0x9A, 0xA3, 0xA3, 0x93, 0xA3, 0xA9, 0xA9, 0xAE,
    0xAE, 0xAE, 0xAE, 0xAE, 0xAE, 0xAE, 0xAE, 0xAE, 0xAE, 0xAE, 0xAE, 0xAE, 0xA9, 0xA9, 0xAE, 0xAE,
    0xAE, 0xAE, 0xAE, 0xAE, 0xA9, 0xA9, 0xA9, 0xAE, 0xA9, 0xA9, 0xAE, 0xAE, 0xA9, 0xA9, 0xAE, 0xAE,
    0xB5, 0xB5, 0xAE, 0xB9, 0xB5, 0xAE, 0xB5, 0xB5, 0xAE, 0xAE, 0xB5, 0xB9, 0xB5, 0xB9, 0xB5, 0xAE,
    0xAE, 0xA9, 0xA9, 0xAE, 0xB5, 0xB5, 0xB5, 0xAE, 0xA9, 0xA3, 0xA3, 0xAE, 0xAE, 0xAE, 0xAE, 0xAE,
    0xB5, 0xB9, 0xAE, 0xAE, 0xB9, 0xB5, 0xB5, 0xB9, 0xB5, 0xB5, 0xB5, 0xAE, 0xAE, 0xB5, 0xB5, 0xB5,
    0xAE, 0xAE, 0xB5, 0xAE, 0xB5, 0xB9, 0xB9, 0xB5, 0xAE, 0xAE, 0xAE, 0xAE, 0xB5, 0xB5, 0xAE, 0xAE,
    0xB5, 0xBF, 0xBF, 0xB9, 0xB9, 0xBF, 0xBF, 0xC4, 0xB9, 0xB9, 0xBF, 0xBF, 0xBF, 0xBF, 0xC4, 0xC4,
    0xAE, 0xB5, 0xB9, 0xB9, 0xBF, 0xBF, 0xBF, 0xC4, 0xB5, 0xBF, 0xB9, 0xB5, 0xBF, 0xBF, 0xBF, 0xBF,
    0xC4, 0xC4, 0xBF, 0xBF, 0xBF, 0xC8, 0xBF, 0xCB, 0xC4, 0xC4, 0xC4, 0xC4, 0xC4, 0xC4, 0xB9, 0xCB,
    0xC4, 0xC8, 0xCB, 0xC8, 0xBF, 0xC4, 0xB5, 0xCB, 0xC8, 0xC8, 0xC8, 0xC8, 0xC8, 0xC4, 0xAE, 0xC8,
    0xDE, 0xE2, 0xE2, 0xDC, 0xD3, 0xE8, 0xD8, 0x16, 0xDE, 0xE4, 0xE2, 0xDA, 0xD3, 0xE8, 0xD9, 0x1B,
    0xDE, 0xE4, 0xE2, 0xDC, 0xD3, 0xE8, 0xDC, 0x26, 0xDE, 0xE2, 0xE2, 0xDC, 0xD3, 0xE8, 0xDA, 0x21,
    0x00, 0x00, 0x00, 0x00, 0x00, 0x00, 0x00, 0x00, 0x00, 0x00, 0x00, 0x00, 0x00, 0x00, 0x00, 0x00,
    0x00, 0x00, 0x00, 0x00, 0x00, 0x00, 0x00, 0x00, 0x00, 0x00, 0x00, 0x00, 0x00, 0x00, 0x00, 0x00,
    0x00, 0x00, 0x00, 0x00, 0x00, 0x00, 0x00, 0x02, 0x00, 0x00, 0x00, 0x00, 0x00, 0x00, 0x00, 0x00,
    0x00, 0x00, 0x00, 0x00, 0x00, 0x00, 0x00, 0x00, 0x00, 0x00, 0x00, 0x00, 0x00, 0x00, 0x00, 0x00,
    0x13, 0x26, 0x80, 0x3F, 0x5B, 0x6C, 0x6C, 0x67, 0x00, 0x00, 0x05, 0x23, 0x26, 0x55, 0x6E, 0x78,
    0x00, 0x00, 0x02, 0x28, 0x15, 0x1B, 0x28, 0x40, 0x00, 0x00, 0x00, 0x03, 0x28, 0x15, 0x12, 0x15,
    0x67, 0x6C, 0x71, 0x78, 0x80, 0x71, 0x4E, 0x48, 0x71, 0x71, 0x71, 0x78, 0x78, 0x80, 0x5B, 0x48,
    0x52, 0x5E, 0x6A, 0x82, 0x8F, 0x97, 0x80, 0x4C, 0x1B, 0x1D, 0x25, 0x38, 0x48, 0x59, 0x67, 0x5E,
    0x51, 0x59, 0x59, 0x59, 0x59, 0x59, 0x59, 0x59, 0x48, 0x59, 0x57, 0x59, 0x59, 0x57, 0x57, 0x59,
    0x3D, 0x51, 0x57, 0x59, 0x55, 0x59, 0x59, 0x59, 0x41, 0x3F, 0x57, 0x57, 0x55, 0x59, 0x59, 0x55,
    0x5B, 0x5D, 0x59, 0x5B, 0x5E, 0x5E, 0x62, 0x60, 0x59, 0x5B, 0x59, 0x5B, 0x5D, 0x5D, 0x60, 0x62,
    0x59, 0x59, 0x59, 0x59, 0x59, 0x5D, 0x5E, 0x5E, 0x59, 0x55, 0x59, 0x59, 0x59, 0x5D, 0x5E, 0x60,
    0x5B, 0xD7, 0xB6, 0xCC, 0xFC, 0xF6, 0xDB, 0xD5, 0x59, 0xDB, 0x82, 0xF6, 0xF5, 0xEE, 0x15, 0xE1,
    0x5B, 0xE1, 0xC9, 0xF9, 0xEB, 0xEE, 0x42, 0xF6, 0x5D, 0xE3, 0xE2, 0xF8, 0xEA, 0xED, 0x42, 0xF1,
    0xDB, 0xDD, 0xE0, 0xE3, 0xE3, 0xEB, 0xF9, 0xFC, 0xE0, 0xE0, 0xE1, 0xE3, 0xDB, 0x42, 0xF9, 0xF8,
    0xF6, 0xF6, 0xF8, 0xF8, 0xF4, 0x82, 0xF9, 0xF3, 0xF1, 0xF1, 0xF3, 0xF4, 0xEE, 0x73, 0xF9, 0xF7,
    0xED, 0xD2, 0x73, 0x6A, 0x67, 0x67, 0x6C, 0x6E, 0xFA, 0xDD, 0x7E, 0x6C, 0x6C, 0x6A, 0x6C, 0x6A,
    0xFB, 0xE6, 0x73, 0x6C, 0x6A, 0x6C, 0x6A, 0x67, 0xFA, 0xEB, 0x73, 0x6C, 0x67, 0x67, 0x67, 0x6C,
    0x6C, 0x6C, 0x6C, 0x71, 0x71, 0x71, 0x71, 0x71, 0x6C, 0x67, 0x6C, 0x6C, 0x6C, 0x71, 0x71, 0x78,
    0x6C, 0x6C, 0x6C, 0x67, 0x6C, 0x71, 0x71, 0x71, 0x6C, 0x6C, 0x67, 0x67, 0x6A, 0x6C, 0x6C, 0x71,
    0x71, 0x78, 0x71, 0x71, 0x67, 0xB6, 0xD0, 0xCA, 0x71, 0x78, 0x78, 0x78, 0x60, 0xD4, 0xC9, 0xCA,
    0x71, 0x78, 0x78, 0x6C, 0xB1, 0xD1, 0xCA, 0xCC, 0x71, 0x78, 0x85, 0x80, 0xD5, 0xC9, 0xD0, 0xD1,
    0xC9, 0xCA, 0xD0, 0xD1, 0xD5, 0xDA, 0xDE, 0xE5, 0xCA, 0xD0, 0xD1, 0xD7, 0xDC, 0xE1, 0xEA, 0xEE,
    0xD0, 0xD5, 0xD8, 0xDD, 0xE5, 0xED, 0xEC, 0x16, 0xD5, 0xD9, 0xE1, 0xEA, 0xED, 0xBE, 0x02, 0x00,
    0xEC, 0xEB, 0x54, 0x00, 0x00, 0x00, 0x00, 0x00, 0xDE, 0x03, 0x00, 0x00, 0x00, 0x00, 0x00, 0x00,
    0x00, 0x00, 0x00, 0x00, 0x00, 0x00, 0x00, 0x00, 0x00, 0x00, 0x00, 0x00, 0x00, 0x00, 0x00, 0x00,
    0x00, 0x00, 0x00, 0x00, 0x00, 0x00, 0x00, 0x00, 0x00, 0x00, 0x00, 0x00, 0x00, 0x00, 0x00, 0x00,
    0x00, 0x00, 0x00, 0x00, 0x00, 0x00, 0x00, 0x00, 0x00, 0x00, 0x00, 0x00, 0x00, 0x00, 0x00, 0x00,
    0x00, 0x00, 0x00, 0x00, 0x00, 0x00, 0x00, 0x00, 0x00, 0x00, 0x00, 0x00, 0x00, 0x00, 0x00, 0x00,
    0x00, 0x00, 0x00, 0x00, 0x00, 0x00, 0x00, 0x00, 0x00, 0x00, 0x00, 0x00, 0x00, 0x00, 0x00, 0x00,
    0x00, 0x00, 0x00, 0x00, 0x00, 0x00, 0x00, 0x00, 0x00, 0x00, 0x00, 0x00, 0x00, 0x00, 0x00, 0x00,
    0x00, 0x00, 0x00, 0x00, 0x00, 0x00, 0x00, 0x00, 0x00, 0x00, 0x00, 0x00, 0x00, 0x00, 0x00, 0x00,
    0x0C, 0xDC, 0xCD, 0xCE, 0xD3, 0xDE, 0xE2, 0xBF, 0x0A, 0xDC, 0xC8, 0xCF, 0xCB, 0xA3, 0xDE, 0xD1,
    0x0A, 0xDC, 0xC4, 0xCE, 0xBF, 0x9A, 0xD3, 0xC4, 0x0A, 0xDC, 0xC8, 0xCB, 0xCE, 0xCD, 0xBF, 0xAE,
    0xB9, 0xAE, 0xB5, 0xB5, 0xAE, 0xCD, 0xC8, 0xC8, 0xB5, 0xB9, 0xB9, 0xA3, 0xDC, 0xD8, 0xD3, 0xCF,
    0xB5, 0xB9, 0xB5, 0xAE, 0xC8, 0xCB, 0xCD, 0xC8, 0xB5, 0xB5, 0xAE, 0xAE, 0xCF, 0xCB, 0xC4, 0xBF,
    0xCB, 0xC8, 0xCB, 0xCD, 0xC4, 0xB9, 0xB9, 0xB5, 0xCF, 0xD1, 0xD1, 0xD1, 0xD3, 0xB5, 0xB5, 0xB9,
    0xBF, 0xC8, 0xBF, 0xB5, 0xC4, 0xB9, 0xB5, 0xB5, 0xC4, 0xC8, 0xBF, 0xC8, 0xC4, 0xAE, 0xB5, 0xB5,
    0xB5, 0xB5, 0xA9, 0xCB, 0xCD, 0xC4, 0xC4, 0xC8, 0xB5, 0xA3, 0xD3, 0xD5, 0xCD, 0xB9, 0xC4, 0xC4,
    0xB9, 0xB5, 0xBF, 0xBF, 0xB9, 0xAE, 0xB5, 0xB5, 0xB5, 0xA3, 0xCD, 0xCD, 0xB9, 0xB5, 0xBF, 0xA9,
    0xC4, 0xB9, 0xC4, 0xAE, 0xAE, 0xAE, 0xA3, 0xB5, 0xB5, 0xAE, 0xC8, 0xAE, 0xA3, 0xA9, 0x93, 0xA9,
    0xAE, 0xAE, 0xB5, 0xA3, 0xA9, 0xA3, 0x9A, 0xAE, 0xAE, 0xBF, 0xC4, 0xAE, 0xA9, 0xA9, 0xA3, 0xA9,
    0x66, 0x8A, 0xF8, 0xF0, 0x01, 0x01, 0x01, 0x01, 0x69, 0x8A, 0xF8, 0xF0, 0x01, 0x01, 0x01, 0x01,
    0x69, 0x8A, 0xF8, 0xF0, 0x01, 0x01, 0x8A, 0x8A, 0x76, 0x8A, 0xF8, 0xF0, 0x01, 0x01, 0x8A, 0x8A,
    0x01, 0x01, 0x01, 0x01, 0x01, 0x01, 0x01, 0x01, 0x01, 0x01, 0x01, 0x01, 0x01, 0x8A, 0x8A, 0x01,
    0x8A, 0x8A, 0x8A, 0x8A, 0x8A, 0x8A, 0x8A, 0x01, 0x8A, 0x8A, 0x8A, 0x8A, 0x8A, 0x8A, 0x8A, 0x8A,
    0x01, 0x01, 0x01, 0x01, 0x01, 0x01, 0x01, 0x8A, 0x01, 0x8A, 0x8A, 0x8A, 0x8A, 0x01, 0x01, 0x01,
    0x01, 0x01, 0x01, 0x01, 0x01, 0x01, 0x01, 0x01, 0x01, 0x01, 0x01, 0x01, 0x01, 0x01, 0x01, 0x01,
    0xF6, 0xEC, 0x8A, 0x8D, 0xA9, 0xA3, 0x93, 0x93, 0xF6, 0xF0, 0x8A, 0x93, 0xA9, 0x9A, 0xA3, 0xA3,
    0xF5, 0xF0, 0x8A, 0x8D, 0xA3, 0x9A, 0xA3, 0xA9, 0xF5, 0xF0, 0x8A, 0x8D, 0xA9, 0xA3, 0xA3, 0xA3,
    0xA3, 0xA3, 0xA9, 0xA9, 0xAE, 0xAE, 0xA3, 0xA9, 0x93, 0xA3, 0xA9, 0xAE, 0xA9, 0xA3, 0xA9, 0xA9,
    0xA9, 0x9A, 0xA3, 0xA9, 0x9A, 0xA9, 0xAE, 0xA9, 0x9A, 0xA3, 0xAE, 0x93, 0x93, 0xA3, 0xA9, 0xA3,
    0xA3, 0xA9, 0xA9, 0xAE, 0xAE, 0xA9, 0xA9, 0xA3, 0xA3, 0xA3, 0xA9, 0xA3, 0xA3, 0xA9, 0xA3, 0xA3,
    0xA3, 0xA3, 0xA9, 0xA9, 0xA9, 0x9A, 0x9A, 0xA3, 0xA9, 0xA3, 0xA3, 0x9A, 0x9A, 0xA3, 0xA9, 0xA9,
    0x9A, 0xA9, 0xAE, 0xA9, 0xA9, 0xAE, 0xAE, 0xAE, 0xA9, 0xAE, 0xAE, 0xA9, 0xAE, 0xA9, 0xAE, 0xA9,
    0xA3, 0xA3, 0xA3, 0xA9, 0xAE, 0xA9, 0xA9, 0xAE, 0x9A, 0xA3, 0xA9, 0xA9, 0xAE, 0xAE, 0xA9, 0xA9,
    0xB5, 0xB9, 0xB5, 0xAE, 0xAE, 0xB5, 0xAE, 0xAE, 0xAE, 0xB5, 0xB5, 0xAE, 0xAE, 0xB5, 0xB5, 0xB5,
    0xAE, 0xAE, 0xB5, 0xB5, 0xAE, 0xB5, 0xAE, 0xB5, 0xAE, 0xB5, 0xAE, 0xAE, 0xB5, 0xB5, 0xB5, 0xB5,
    0xB5, 0xB5, 0xB5, 0xB9, 0xB9, 0xC4, 0xC4, 0xC4, 0xB5, 0xB9, 0xB5, 0xB9, 0xC4, 0xC4, 0xC4, 0xC4,
    0xB9, 0xB9, 0xBF, 0xBF, 0xBF, 0xBF, 0xC8, 0xC8, 0xB9, 0xBF, 0xBF, 0xB9, 0xB9, 0xC4, 0xC4, 0xC4,
    0xC8, 0xC4, 0xC4, 0xC4, 0xC4, 0xC4, 0xB5, 0xCB, 0xC4, 0xC4, 0xC4, 0xC4, 0xBF, 0xBF, 0xB5, 0xC8,
    0xC4, 0xC4, 0xC4, 0xC4, 0xBF, 0xB9, 0xAE, 0xC8, 0xC4, 0xC4, 0xC4, 0xC4, 0xC4, 0xBF, 0xAE, 0xC8,
    0xDE, 0xE2, 0xE1, 0xD9, 0xD1, 0xE8, 0xD9, 0x1B, 0xDE, 0xE4, 0xE2, 0xDA, 0xCF, 0xE8, 0xDA, 0x1B,
    0xDE, 0xE2, 0xE2, 0xDA, 0xCF, 0xE8, 0xDA, 0x1B, 0xDE, 0xE2, 0xE2, 0xD9, 0xD1, 0xE8, 0xD9, 0x19,
    0x00, 0x00, 0x00, 0x00, 0x00, 0x00, 0x00, 0x00, 0x00, 0x00, 0x00, 0x00, 0x00, 0x00, 0x00, 0x00,
    0x00, 0x00, 0x00, 0x00, 0x00, 0x00, 0x00, 0x00, 0x00, 0x00, 0x00, 0x00, 0x00, 0x00, 0x00, 0x00,
    0x00, 0x00, 0x00, 0x00, 0x00, 0x00, 0x00, 0x00, 0x00, 0x00, 0x00, 0x00, 0x00, 0x00, 0x00, 0x00,
    0x00, 0x00, 0x00, 0x00, 0x00, 0x00, 0x00, 0x00, 0x00, 0x00, 0x00, 0x00, 0x00, 0x00, 0x00, 0x00,
    0x00, 0x00, 0x00, 0x00, 0x03, 0x15, 0x27, 0x18, 0x00, 0x00, 0x00, 0x00, 0x00, 0x00, 0x03, 0x05,
    0x00, 0x00, 0x00, 0x00, 0x00, 0x00, 0x00, 0x00, 0x00, 0x00, 0x00, 0x00, 0x00, 0x00, 0x00, 0x00,
    0x15, 0x12, 0x12, 0x12, 0x15, 0x18, 0x1D, 0x28, 0x0A, 0x19, 0x28, 0x25, 0x1B, 0x15, 0x12, 0x13,
    0x00, 0x00, 0x02, 0x03, 0x04, 0x0A, 0x16, 0x27, 0x00, 0x00, 0x00, 0x00, 0x00, 0x00, 0x00, 0x02,
    0x48, 0x38, 0x49, 0x57, 0x55, 0x55, 0x59, 0x55, 0x2C, 0x41, 0x28, 0x4D, 0x57, 0x53, 0x55, 0x57,
    0x1D, 0x2C, 0x2C, 0x33, 0x53, 0x55, 0x55, 0x55, 0x1B, 0x26, 0x28, 0x25, 0x38, 0x52, 0x57, 0x55,
    0x55, 0x53, 0x57, 0x55, 0x59, 0x5D, 0x5F, 0x62, 0x55, 0x57, 0x55, 0x55, 0x59, 0x59, 0x5E, 0x60,
    0x55, 0x53, 0x55, 0x55, 0x59, 0x59, 0x5B, 0x5E, 0x55, 0x55, 0x53, 0x55, 0x55, 0x59, 0x5B, 0x59,
    0x5D, 0xE2, 0xE4, 0xF6, 0xEA, 0xEB, 0x3D, 0xEF, 0x59, 0xE1, 0xE1, 0xF6, 0xE2, 0xEA, 0x3D, 0xEF,
    0x57, 0xE1, 0xBD, 0xF9, 0xD5, 0xE6, 0x28, 0xEF, 0x55, 0xDC, 0x73, 0xF5, 0xEF, 0xCC, 0x28, 0x86,
    0xEF, 0xF1, 0xF2, 0xF3, 0xED, 0x82, 0xF8, 0xF6, 0xEF, 0xF1, 0xF1, 0xF2, 0xED, 0x9D, 0xF8, 0xF6,
    0xEF, 0xF1, 0xF3, 0xF4, 0xED, 0x9D, 0xF8, 0xF4, 0xB0, 0xBC, 0xCA, 0xCC, 0x9D, 0x82, 0xF6, 0xFB,
    0xFA, 0xEA, 0x73, 0x67, 0x6A, 0x67, 0x67, 0x6C, 0xFA, 0xDB, 0x6C, 0x67, 0x67, 0x67, 0x65, 0x67,
    0xFA, 0xB1, 0x67, 0x65, 0x65, 0x63, 0x67, 0x67, 0xEC, 0xB6, 0x63, 0x67, 0x63, 0x63, 0x67, 0x67,
    0x6A, 0x67, 0x67, 0x6C, 0x6C, 0x6C, 0x71, 0x71, 0x6A, 0x67, 0x6C, 0x6C, 0x6C, 0x6C, 0x71, 0x78,
    0x67, 0x6A, 0x67, 0x6C, 0x6C, 0x71, 0x78, 0x78, 0x65, 0x67, 0x6A, 0x67, 0x6C, 0x71, 0x78, 0x78,
    0x78, 0x80, 0x71, 0xC6, 0xD0, 0xD0, 0xD2, 0xD7, 0x78, 0x76, 0x80, 0xD7, 0xD0, 0xD7, 0xD9, 0xE1,
    0x80, 0x7B, 0xD5, 0xD5, 0xD7, 0xDD, 0xE4, 0xED, 0x63, 0xCC, 0xD7, 0xD7, 0xE1, 0xEA, 0xED, 0x40,
    0xDC, 0xE4, 0xED, 0xE8, 0x0C, 0x00, 0x00, 0x00, 0xEB, 0xEE, 0x5D, 0x02, 0x00, 0x00, 0x00, 0x00,
    0xE5, 0x05, 0x00, 0x00, 0x00, 0x00, 0x00, 0x00, 0x00, 0x00, 0x00, 0x00, 0x00, 0x00, 0x00, 0x00,
    0x00, 0x00, 0x00, 0x00, 0x00, 0x00, 0x00, 0x00, 0x00, 0x00, 0x00, 0x00, 0x00, 0x00, 0x00, 0x00,
    0x00, 0x00, 0x00, 0x00, 0x00, 0x00, 0x00, 0x00, 0x00, 0x00, 0x00, 0x00, 0x00, 0x00, 0x00, 0x00,
    0x00, 0x00, 0x00, 0x00, 0x00, 0x00, 0x00, 0x00, 0x00, 0x00, 0x00, 0x00, 0x00, 0x00, 0x00, 0x00,
    0x00, 0x00, 0x00, 0x00, 0x00, 0x00, 0x00, 0x00, 0x00, 0x00, 0x00, 0x00, 0x00, 0x00, 0x00, 0x00,
    0x00, 0x00, 0x00, 0x00, 0x00, 0x00, 0x00, 0x00, 0x00, 0x00, 0x00, 0x00, 0x00, 0x00, 0x00, 0x00,
    0x00, 0x00, 0x00, 0x00, 0x00, 0x00, 0x00, 0x00, 0x00, 0x00, 0x00, 0x00, 0x00, 0x00, 0x00, 0x00,
    0x00, 0x00, 0x00, 0x00, 0x00, 0x00, 0x00, 0x00, 0x00, 0x00, 0x00, 0x00, 0x00, 0x00, 0x00, 0x00,
    0x00, 0x00, 0x00, 0x00, 0x00, 0x00, 0x00, 0x00, 0x00, 0x00, 0x00, 0x00, 0x00, 0x00, 0x00, 0x00,
    0x0A, 0xDC, 0xC8, 0xCD, 0xCF, 0xCE, 0xB5, 0xB5, 0x0C, 0xDA, 0xCB, 0xCD, 0xD3, 0xCF, 0xC4, 0xB9,
    0x0C, 0xDC, 0xCB, 0xCD, 0xCE, 0xD3, 0xC4, 0xB5, 0x0D, 0xDC, 0xC8, 0xCF, 0xDE, 0xD7, 0xBF, 0xB5,
    0xAE, 0xB5, 0xB5, 0xA3, 0xD8, 0xD1, 0xCF, 0xCD, 0xB5, 0xB5, 0xB5, 0xB5, 0xB9, 0xCE, 0xCD, 0xCD,
    0xB9, 0xB5, 0xB5, 0xAE, 0xDA, 0xCE, 0xCD, 0xCD, 0xB5, 0xAE, 0xAE, 0xB5, 0xB9, 0xC8, 0xCB, 0xCB,
    0xCB, 0xCD, 0xCB, 0xCD, 0xCD, 0xAE, 0xB5, 0xB9, 0xCD, 0xCD, 0xCD, 0xCD, 0xC8, 0xAE, 0xAE, 0xB9,
    0xCB, 0xB9, 0xC4, 0xCB, 0xC8, 0xB5, 0xAE, 0xB5, 0xCB, 0xCD, 0xBF, 0xC4, 0xB9, 0xB5, 0xB5, 0xB9,
    0xB5, 0xA9, 0xCF, 0xD1, 0xC4, 0xC4, 0xC4, 0xC8, 0xB5, 0xB5, 0xAE, 0xC8, 0xC4, 0xC8, 0xC4, 0xC4,
    0xB5, 0x9A, 0xD8, 0xD1, 0xCD, 0xC8, 0xB9, 0xC8, 0xB5, 0xB5, 0xAE, 0xB9, 0xBF, 0xB5, 0xAE, 0xB5,
    0xC8, 0xBF, 0xC8, 0xA9, 0xA3, 0xA9, 0xA3, 0xAE, 0xC4, 0xB9, 0xB9, 0xA9, 0xA9, 0x9A, 0x9A, 0xA9,
    0xC8, 0xB9, 0xCD, 0xB9, 0x9A, 0x9A, 0x8D, 0x9A, 0xB5, 0xAE, 0xB5, 0xA3, 0xA9, 0xA3, 0x93, 0x9A,
    0x76, 0x8A, 0xF8, 0xF0, 0x01, 0x01, 0x8A, 0x8A, 0x76, 0x8A, 0xF8, 0xF0, 0x01, 0x01, 0x8A, 0x8A,
    0x74, 0x8A, 0xF8, 0xF0, 0x01, 0x01, 0x01, 0x01, 0x74, 0x8A, 0xF8, 0xF0, 0x01, 0x01, 0x01, 0x01,
    0x8A, 0x8A, 0x8A, 0x8A, 0x01, 0x8A, 0x8A, 0x8A, 0x8A, 0x8A, 0x8A, 0x8A, 0x8A, 0x8A, 0x8A, 0x8A,
    0x01, 0x01, 0x01, 0x01, 0x01, 0x01, 0x01, 0x01, 0x01, 0x01, 0x01, 0x01, 0x01, 0x01, 0x8A, 0x8A,
    0x8A, 0x8A, 0x8A, 0x8A, 0x01, 0x01, 0x01, 0x01, 0x8A, 0x8A, 0x8A, 0x8A, 0x8A, 0x01, 0x01, 0x01,
    0x01, 0x01, 0x01, 0x01, 0x01, 0x01, 0x01, 0x01, 0x8A, 0x8A, 0x8A, 0x8A, 0x8A, 0x8A, 0x8A, 0xE0,
    0xF5, 0xF0, 0x8A, 0x9A, 0xA9, 0x9A, 0xA3, 0xA3, 0xF4, 0xF0, 0x8A, 0x8D, 0xA3, 0x93, 0xA3, 0xA3,
    0xF4, 0xF0, 0x8A, 0x88, 0xA9, 0x93, 0xA3, 0x9A, 0xF5, 0xF0, 0x8A, 0x88, 0x93, 0x93, 0x9A, 0x9A,
    0x9A, 0xA3, 0xA3, 0x9A, 0x9A, 0x9A, 0x9A, 0xA3, 0x9A, 0x9A, 0x9A, 0x9A, 0x93, 0x8D, 0x9A, 0xA3,
    0x9A, 0x9A, 0x93, 0x93, 0x9A, 0x93, 0x9A, 0x93, 0x93, 0x9A, 0x9A, 0x93, 0x93, 0x8D, 0x8D, 0x93,
    0xA9, 0xA3, 0x93, 0x93, 0x9A, 0x9A, 0x9A, 0x93, 0xA3, 0xA3, 0x93, 0x93, 0x93, 0x93, 0x9A, 0x9A,
    0x93, 0x9A, 0x8D, 0x8D, 0x93, 0x93, 0x8D, 0x8D, 0x93, 0x93, 0x9A, 0x9A, 0x93, 0x8D, 0x8D, 0x93,
    0x93, 0xA3, 0x9A, 0xA3, 0x9A, 0x9A, 0xA3, 0xA3, 0x8D, 0x8D, 0x9A, 0xA3, 0x9A, 0x9A, 0xA3, 0x9A,
    0x9A, 0x9A, 0x93, 0x9A, 0xA3, 0xA3, 0xA3, 0xA9, 0x93, 0x9A, 0x93, 0x9A, 0xA3, 0xA3, 0xA9, 0xA3,
    0xA3, 0xAE, 0xA9, 0xAE, 0xB5, 0xAE, 0xB5, 0xB9, 0xA3, 0xA3, 0xAE, 0xAE, 0xB5, 0xB5, 0xB5, 0xB5,
    0xA9, 0xA9, 0xA9, 0xAE, 0xAE, 0xB5, 0xB5, 0xB5, 0xA9, 0xAE, 0xA3, 0xA9, 0xAE, 0xB5, 0xB5, 0xB5,
    0xB5, 0xBF, 0xBF, 0xB9, 0xC4, 0xC4, 0xCB, 0xC8, 0xB9, 0xBF, 0xBF, 0xBF, 0xC4, 0xC4, 0xC4, 0xC8,
    0xB9, 0xBF, 0xB9, 0xBF, 0xC4, 0xBF, 0xC4, 0xC8, 0xB5, 0xBF, 0xBF, 0xC4, 0xC8, 0xC4, 0xC4, 0xC4,
    0xC4, 0xC4, 0xC4, 0xC4, 0xBF, 0xC8, 0xB5, 0xC4, 0xC8, 0xC4, 0xC4, 0xC4, 0xC4, 0xBF, 0xAE, 0xC8,
    0xC8, 0xC4, 0xC4, 0xC4, 0xBF, 0xB5, 0xA9, 0xCB, 0xC4, 0xC8, 0xC8, 0xC4, 0xB9, 0xB9, 0xAE, 0xC8,
    0xDE, 0xE2, 0xE2, 0xD9, 0xD1, 0xE9, 0xD7, 0x16, 0xDE, 0xE4, 0xE2, 0xDA, 0xD1, 0xE8, 0xD8, 0x12,
    0xDE, 0xE2, 0xE2, 0xDA, 0xD1, 0xE8, 0xD7, 0x12, 0xDE, 0xE4, 0xE2, 0xDC, 0xD3, 0xE8, 0xD8, 0x11,
    0x00, 0x00, 0x00, 0x00, 0x00, 0x00, 0x00, 0x00, 0x00, 0x00, 0x00, 0x00, 0x00, 0x00, 0x00, 0x00,
    0x00, 0x00, 0x00, 0x00, 0x00, 0x00, 0x00, 0x00, 0x00, 0x00, 0x00, 0x00, 0x00, 0x00, 0x00, 0x00,
    0x00, 0x00, 0x00, 0x00, 0x00, 0x00, 0x00, 0x00, 0x00, 0x00, 0x00, 0x00, 0x00, 0x00, 0x00, 0x00,
    0x00, 0x00, 0x00, 0x00, 0x00, 0x00, 0x00, 0x00, 0x00, 0x00, 0x00, 0x00, 0x00, 0x00, 0x00, 0x00,
    0x00, 0x00, 0x00, 0x00, 0x00, 0x00, 0x00, 0x00, 0x00, 0x00, 0x00, 0x00, 0x00, 0x00, 0x00, 0x00,
    0x00, 0x00, 0x00, 0x00, 0x00, 0x00, 0x00, 0x00, 0x00, 0x00, 0x00, 0x00, 0x00, 0x00, 0x00, 0x00,
    0x00, 0x00, 0x00, 0x00, 0x00, 0x00, 0x00, 0x00, 0x00, 0x00, 0x00, 0x00, 0x00, 0x00, 0x00, 0x00,
    0x00, 0x00, 0x00, 0x00, 0x00, 0x00, 0x00, 0x00, 0x00, 0x00, 0x00, 0x00, 0x00, 0x00, 0x00, 0x00,
    0x07, 0x67, 0x3D, 0x26, 0x21, 0x38, 0x53, 0x55, 0x03, 0x85, 0x85, 0x4E, 0x23, 0x1D, 0x38, 0x52,
    0x02, 0x85, 0x97, 0x86, 0x4B, 0x26, 0x18, 0x2E, 0x00, 0x8F, 0xA5, 0x97, 0x61, 0x49, 0x23, 0x15,
    0x53, 0x54, 0x52, 0x52, 0x57, 0x59, 0x59, 0x59, 0x55, 0x53, 0x57, 0x52, 0x53, 0x57, 0x55, 0x59,
    0x51, 0x57, 0x53, 0x55, 0x55, 0x55, 0x57, 0x53, 0x26, 0x4C, 0x59, 0x59, 0x57, 0x57, 0x57, 0x59,
    0x55, 0xDC, 0xA6, 0xA6, 0xFB, 0xEB, 0xC6, 0xD5, 0x52, 0xDC, 0xB0, 0x6F, 0xE2, 0xFA, 0xEF, 0xE1,
    0x52, 0xDC, 0xA4, 0xB2, 0x62, 0xDA, 0xF8, 0xF9, 0x4E, 0xDE, 0xC6, 0xA4, 0xA6, 0x62, 0x62, 0xE8,
    0xE1, 0xE3, 0xE5, 0xE6, 0xEA, 0xED, 0xFA, 0xFB, 0xE5, 0xEB, 0xEE, 0xF1, 0xF6, 0xFB, 0xFA, 0xB0,
    0xF7, 0xF7, 0xF9, 0xFA, 0xFA, 0xF6, 0xB1, 0x86, 0xF1, 0xF3, 0xF3, 0xEF, 0xDC, 0x49, 0x82, 0xB6,
    0x65, 0xC9, 0x62, 0x65, 0x63, 0x62, 0x65, 0x63, 0xB6, 0xC6, 0x63, 0x62, 0x63, 0x62, 0x63, 0x63,
    0xBD, 0xC1, 0x5D, 0x63, 0x63, 0x62, 0x62, 0x63, 0xB6, 0xC6, 0x67, 0x62, 0x63, 0x62, 0x62, 0x63,
    0x67, 0x67, 0x67, 0x6C, 0x71, 0x71, 0x6C, 0x5D, 0x67, 0x67, 0x67, 0x6E, 0x71, 0x65, 0x5B, 0xBD,
    0x67, 0x67, 0x6C, 0x65, 0x60, 0x5B, 0xB1, 0xDA, 0x67, 0x67, 0x63, 0x57, 0x62, 0xBD, 0xCC, 0x97,
    0xB1, 0xD8, 0xDA, 0xEA, 0xEE, 0xDB, 0x03, 0x00, 0xE1, 0xE6, 0xEC, 0xEF, 0x76, 0x00, 0x00, 0x00,
    0xD7, 0xE8, 0xEB, 0xD5, 0x02, 0x00, 0x00, 0x00, 0xC6, 0xE1, 0xE3, 0x25, 0x00, 0x00, 0x00, 0x00,
    0x00, 0x00, 0x00, 0x00, 0x00, 0x00, 0x00, 0x00, 0x00, 0x00, 0x00, 0x00, 0x00, 0x00, 0x00, 0x00,
    0x00, 0x00, 0x00, 0x00, 0x00, 0x00, 0x00, 0x00, 0x00, 0x00, 0x00, 0x00, 0x00, 0x00, 0x00, 0x00,
    0x00, 0x00, 0x00, 0x00, 0x00, 0x00, 0x00, 0x00, 0x00, 0x00, 0x00, 0x00, 0x00, 0x00, 0x00, 0x00,
    0x00, 0x00, 0x00, 0x00, 0x00, 0x00, 0x00, 0x00, 0x00, 0x00, 0x00, 0x00, 0x00, 0x00, 0x00, 0x00,
    0x00, 0x00, 0x00, 0x00, 0x00, 0x00, 0x00, 0x00, 0x00, 0x00, 0x00, 0x00, 0x00, 0x00, 0x00, 0x00,
    0x00, 0x00, 0x00, 0x00, 0x00, 0x00, 0x00, 0x00, 0x00, 0x00, 0x00, 0x00, 0x00, 0x00, 0x00, 0x00,
    0x00, 0x00, 0x00, 0x00, 0x00, 0x00, 0x00, 0x00, 0x00, 0x00, 0x00, 0x00, 0x00, 0x00, 0x00, 0x00,
    0x00, 0x00, 0x00, 0x00, 0x00, 0x00, 0x00, 0x00, 0x00, 0x00, 0x00, 0x00, 0x00, 0x00, 0x00, 0x00,
    0x00, 0x00, 0x00, 0x00, 0x00, 0x00, 0x00, 0x00, 0x00, 0x00, 0x00, 0x00, 0x00, 0x00, 0x00, 0x00,
    0x00, 0x00, 0x00, 0x00, 0x00, 0x00, 0x00, 0x00, 0x00, 0x00, 0x00, 0x00, 0x00, 0x00, 0x00, 0x00,
    0x0D, 0xDC, 0xC4, 0xD9, 0xE2, 0xA3, 0xC8, 0xB9, 0x0E, 0xDC, 0xCB, 0xCB, 0xD7, 0xD9, 0xB9, 0xB9,
    0x11, 0xDC, 0xB9, 0xD8, 0xE4, 0xA3, 0xC4, 0xB5, 0x0D, 0xDA, 0xC4, 0xCE, 0xD5, 0xD3, 0xBF, 0xAE,
    0xB9, 0xB9, 0xB9, 0xA9, 0xD8, 0xCF, 0xC8, 0xCD, 0xB9, 0xB5, 0xB5, 0xAE, 0xD3, 0xCD, 0xCD, 0xCE,
    0xB5, 0xB5, 0xB9, 0xB5, 0xCD, 0xCB, 0xC8, 0xC4, 0xB5, 0xB5, 0xB5, 0xA9, 0xD9, 0x88, 0x93, 0x7C,
    0xC4, 0xC4, 0xCD, 0xCD, 0xB9, 0xB5, 0xB5, 0xB5, 0xCB, 0xC4, 0xCB, 0xCB, 0xC8, 0xAE, 0xB5, 0xAE,
    0xC4, 0xCB, 0xC4, 0xC8, 0xB9, 0xA9, 0xAE, 0xAE, 0x69, 0x74, 0x76, 0x7C, 0x8D, 0xAE, 0xAE, 0xB5,
    0xB5, 0xA3, 0xCF, 0xD3, 0xCB, 0xC4, 0xC8, 0xCB, 0xB5, 0xA9, 0xCB, 0xCF, 0xCB, 0xC8, 0xCD, 0xC4,
    0xAE, 0xB5, 0xBF, 0xC4, 0xBF, 0xC4, 0xBF, 0xB9, 0xB5, 0x9A, 0xD5, 0xA9, 0x69, 0x7C, 0x7C, 0x7C,
    0xBF, 0xB9, 0xC8, 0xA3, 0xA3, 0x9A, 0x9A, 0x9A, 0xBF, 0xC8, 0xC8, 0x93, 0x9A, 0x9A, 0x9A, 0x8D,
    0xC4, 0xB9, 0xBF, 0x9A, 0x9A, 0x9A, 0x93, 0x8D, 0x7C, 0x76, 0x8D, 0xA3, 0xA3, 0x93, 0x93, 0x93,
    0x74, 0x8A, 0xF6, 0xF7, 0xF5, 0xF4, 0xF4, 0xF5, 0x8D, 0x29, 0xE7, 0xF0, 0xF0, 0xF0, 0xF0, 0xF0,
    0x7C, 0xD6, 0xE9, 0xE9, 0xF0, 0xF0, 0xF0, 0xF0, 0x54, 0xEC, 0xF1, 0xEC, 0xE9, 0xEA, 0xE7, 0xEC,
    0xF5, 0xF5, 0xF6, 0xF5, 0xF5, 0xF5, 0xF6, 0xF6, 0xF0, 0xF0, 0xF0, 0xF0, 0xF0, 0xF0, 0xEC, 0xEC,
    0xF0, 0xF0, 0xF0, 0xF0, 0xF0, 0xF0, 0xED, 0xF0, 0xEA, 0xDE, 0xDE, 0xF1, 0xEA, 0xE8, 0xEA, 0xDA,
    0xF5, 0xF5, 0xF5, 0xF5, 0xF5, 0xF5, 0xF5, 0xF5, 0xEC, 0xE9, 0xE9, 0xE9, 0xE9, 0xE9, 0xE9, 0xE9,
    0xF0, 0xF0, 0xF0, 0xED, 0xF0, 0xEC, 0xE9, 0xE9, 0xDD, 0xD5, 0xDA, 0xE6, 0xE5, 0xE6, 0xDD, 0xDD,
    0xF8, 0xF0, 0x8A, 0x7C, 0xA3, 0x93, 0x8D, 0x93, 0xE9, 0x8A, 0x8A, 0x8D, 0x93, 0x93, 0x93, 0x93,
    0xF0, 0xF0, 0xE7, 0x76, 0x7C, 0xA3, 0x9A, 0x93, 0xEF, 0xF6, 0xE9, 0x69, 0x88, 0x93, 0x93, 0x93,
    0x93, 0x93, 0x93, 0x8D, 0x93, 0x93, 0x93, 0x93, 0x93, 0x7C, 0x88, 0x8D, 0x7C, 0x93, 0x8D, 0x88,
    0x7C, 0x8D, 0x88, 0x76, 0x88, 0x8D, 0x88, 0x88, 0x74, 0xA9, 0xD3, 0xCF, 0xA9, 0x88, 0x88, 0x88,
    0x8D, 0x9A, 0x9A, 0x8D, 0x8D, 0x93, 0x8D, 0x93, 0x8D, 0x93, 0x93, 0x8D, 0x88, 0x8D, 0x93, 0x8D,
    0x88, 0x7C, 0x7C, 0x8D, 0x88, 0x8D, 0x88, 0x88, 0x88, 0x88, 0x8D, 0x8D, 0x88, 0x88, 0x88, 0x8D,
    0x8D, 0x88, 0x88, 0x93, 0x9A, 0x9A, 0x9A, 0xA3, 0x8D, 0x88, 0x93, 0x9A, 0x93, 0x9A, 0x9A, 0x9A,
    0x93, 0x8D, 0x93, 0x9A, 0x93, 0x9A, 0x9A, 0xA3, 0x93, 0x8D, 0x93, 0x9A, 0x93, 0x9A, 0x9A, 0xA3,
    0xAE, 0xAE, 0xA9, 0xAE, 0xAE, 0xAE, 0xAE, 0xAE, 0xA9, 0xAE, 0xA9, 0xA9, 0xAE, 0xAE, 0xAE, 0xAE,
    0xA3, 0xA9, 0xAE, 0xAE, 0xAE, 0xAE, 0xB9, 0xB9, 0xA3, 0x9A, 0xAE, 0xAE, 0xAE, 0xAE, 0xB5, 0xB5,
    0xB5, 0xBF, 0xC4, 0xC4, 0xC4, 0xC4, 0xC4, 0xC4, 0xB5, 0xB9, 0xC4, 0xC4, 0xBF, 0xC4, 0xC8, 0xC8,
    0xB9, 0xB9, 0xBF, 0xBF, 0xC8, 0xC4, 0xBF, 0xC4, 0xB5, 0xB5, 0xB9, 0xBF, 0xBF, 0xB9, 0xC4, 0xC4,
    0xC4, 0xC4, 0xC4, 0xC4, 0xBF, 0xC4, 0xB5, 0xC8, 0xC4, 0xC4, 0xC4, 0xC4, 0xBF, 0xC4, 0xAE, 0xC8,
    0xC4, 0xC4, 0xC4, 0xC4, 0xBF, 0xC4, 0xB9, 0xC8, 0xC4, 0xC4, 0xBF, 0xC4, 0xBF, 0xC4, 0xB5, 0xC4,
    0xDE, 0xE2, 0xE2, 0xDA, 0xD3, 0xE8, 0xD7, 0x11, 0xDE, 0xE4, 0xE2, 0xDA, 0xD1, 0xE9, 0xD5, 0x0E,
    0xDC, 0xE2, 0xE2, 0xDA, 0xD3, 0xE8, 0xD8, 0x11, 0xDE, 0xE4, 0xE2, 0xD9, 0xD1, 0xE9, 0xD9, 0x1B,
    0x00, 0x00, 0x00, 0x00, 0x00, 0x00, 0x00, 0x00, 0x00, 0x00, 0x00, 0x00, 0x00, 0x00, 0x00, 0x00,
    0x00, 0x00, 0x00, 0x00, 0x00, 0x00, 0x00, 0x00, 0x00, 0x00, 0x00, 0x00, 0x00, 0x00, 0x00, 0x00,
    0x00, 0x00, 0x00, 0x00, 0x00, 0x00, 0x00, 0x00, 0x00, 0x00, 0x00, 0x00, 0x00, 0x00, 0x00, 0x00,
    0x00, 0x00, 0x00, 0x00, 0x00, 0x00, 0x00, 0x00, 0x00, 0x00, 0x00, 0x00, 0x00, 0x00, 0x00, 0x00,
    0x00, 0x00, 0x00, 0x00, 0x00, 0x00, 0x00, 0x00, 0x00, 0x00, 0x00, 0x00, 0x00, 0x00, 0x00, 0x00,
    0x00, 0x00, 0x00, 0x00, 0x00, 0x00, 0x00, 0x00, 0x00, 0x00, 0x00, 0x00, 0x00, 0x00, 0x00, 0x00,
    0x00, 0x00, 0x00, 0x00, 0x00, 0x00, 0x00, 0x00, 0x00, 0x00, 0x00, 0x00, 0x00, 0x00, 0x00, 0x00,
    0x00, 0x00, 0x00, 0x00, 0x00, 0x00, 0x00, 0x00, 0x00, 0x00, 0x00, 0x00, 0x00, 0x00, 0x00, 0x00,
    0x00, 0x80, 0xB0, 0x9F, 0x65, 0x53, 0x3F, 0x25, 0x00, 0x5F, 0xB2, 0xA4, 0x6C, 0x5D, 0x59, 0x48,
    0x00, 0x59, 0xB2, 0xA5, 0x6C, 0x5B, 0x66, 0x63, 0x00, 0x5B, 0xB6, 0xA6, 0x6C, 0x59, 0x60, 0x62,
    0x15, 0x1B, 0x3F, 0x55, 0x59, 0x59, 0x55, 0x55, 0x25, 0x15, 0x15, 0x25, 0x48, 0x5C, 0x5D, 0x59,
    0x50, 0x2C, 0x18, 0x15, 0x15, 0x25, 0x4A, 0x57, 0x67, 0x5E, 0x46, 0x25, 0x15, 0x12, 0x15, 0x23,
    0x55, 0x7B, 0xDE, 0xD5, 0xD7, 0xD7, 0xD4, 0xB2, 0x59, 0x47, 0x6C, 0x8F, 0x86, 0x97, 0x95, 0x95,
    0x5D, 0x59, 0x52, 0x4D, 0x4D, 0x4E, 0x4D, 0x4B, 0x41, 0x50, 0x57, 0x5D, 0x5D, 0x5C, 0x59, 0x59,
    0x73, 0x77, 0x65, 0x62, 0xA6, 0xD1, 0xD4, 0xD2, 0x85, 0x78, 0x73, 0x71, 0x75, 0x73, 0x78, 0x7E,
    0x4D, 0x4D, 0x50, 0x50, 0x52, 0x51, 0x52, 0x52, 0x59, 0x59, 0x59, 0x59, 0x5D, 0x5D, 0x5D, 0x5D,
    0xD4, 0xD0, 0x63, 0x5E, 0x62, 0x62, 0x63, 0x63, 0x78, 0x63, 0x5B, 0x62, 0x62, 0x63, 0x62, 0x5B,
    0x55, 0x5B, 0x60, 0x5E, 0x5D, 0x59, 0x52, 0x50, 0x5D, 0x5D, 0x59, 0x51, 0x50, 0x4D, 0x5D, 0x82,
    0x60, 0x5B, 0x53, 0x6F, 0xB6, 0xBD, 0x71, 0x72, 0x53, 0x55, 0x80, 0xB6, 0xA5, 0x6F, 0x71, 0x97,
    0x66, 0x9D, 0xAC, 0x80, 0x69, 0x7E, 0x85, 0x9F, 0xA5, 0x95, 0x6E, 0x78, 0x80, 0x85, 0x8F, 0x9F,
    0xD0, 0xE3, 0xE4, 0x04, 0x00, 0x00, 0x00, 0x00, 0xD5, 0xE3, 0xE1, 0x03, 0x00, 0x00, 0x00, 0x00,
    0xD5, 0xE3, 0xE1, 0x02, 0x00, 0x00, 0x00, 0x00, 0xD4, 0xE3, 0xE1, 0x02, 0x00, 0x00, 0x00, 0x00,
    0x00, 0x00, 0x00, 0x00, 0x00, 0x00, 0x00, 0x00, 0x00, 0x00, 0x00, 0x00, 0x00, 0x00, 0x00, 0x00,
    0x00, 0x00, 0x00, 0x00, 0x00, 0x00, 0x00, 0x00, 0x00, 0x00, 0x00, 0x00, 0x00, 0x00, 0x00, 0x00,
    0x00, 0x00, 0x00, 0x00, 0x00, 0x00, 0x00, 0x00, 0x00, 0x00, 0x00, 0x00, 0x00, 0x00, 0x00, 0x00,
    0x00, 0x00, 0x00, 0x00, 0x00, 0x00, 0x00, 0x00, 0x00, 0x00, 0x00, 0x00, 0x00, 0x00, 0x00, 0x00,
    0x00, 0x00, 0x00, 0x00, 0x00, 0x00, 0x00, 0x00, 0x00, 0x00, 0x00, 0x00, 0x00, 0x00, 0x00, 0x00,
    0x00, 0x00, 0x00, 0x00, 0x00, 0x00, 0x00, 0x00, 0x00, 0x00, 0x00, 0x00, 0x00, 0x00, 0x00, 0x00,
    0x00, 0x00, 0x00, 0x00, 0x00, 0x00, 0x00, 0x00, 0x00, 0x00, 0x00, 0x00, 0x00, 0x00, 0x00, 0x00,
    0x00, 0x00, 0x00, 0x00, 0x00, 0x00, 0x00, 0x00, 0x00, 0x00, 0x00, 0x00, 0x00, 0x00, 0x00, 0x00,
    0x00, 0x00, 0x00, 0x00, 0x00, 0x00, 0x00, 0x00, 0x00, 0x00, 0x00, 0x00, 0x00, 0x00, 0x00, 0x00,
    0x00, 0x00, 0x00, 0x00, 0x00, 0x00, 0x00, 0x00, 0x00, 0x00, 0x00, 0x00, 0x00, 0x00, 0x00, 0x00,
    0x0D, 0xDA, 0xC4, 0xD5, 0xE1, 0xBF, 0xBF, 0xAE, 0x0C, 0xDA, 0xC4, 0xD3, 0xDA, 0xA9, 0xBF, 0xAE,
    0x0D, 0xDC, 0xBF, 0xCE, 0xD8, 0xCF, 0xBF, 0xAE, 0x12, 0xDA, 0xB5, 0xDA, 0xDE, 0x74, 0xC8, 0xAE,
    0xAE, 0xB5, 0xB5, 0xB5, 0xB9, 0xCD, 0xCB, 0xCD, 0xAE, 0xB5, 0xAE, 0xA9, 0xDA, 0xA9, 0x9A, 0x8D,
    0xB5, 0xB5, 0xAE, 0xAE, 0xCB, 0xAE, 0xB5, 0xB9, 0xB5, 0xB5, 0xB9, 0xAE, 0xCF, 0xAE, 0xA9, 0xA3,
    0xC8, 0xC8, 0xCB, 0xCB, 0xC8, 0xAE, 0xB5, 0xAE, 0x93, 0x88, 0x8D, 0x76, 0x9A, 0xAE, 0xB5, 0xAE,
    0xB5, 0xAE, 0xB9, 0xA9, 0xB9, 0xB5, 0xB9, 0xAE, 0xA9, 0xAE, 0xA9, 0xA9, 0xAE, 0xB9, 0xB5, 0xAE,
    0xAE, 0xA9, 0xA9, 0xB5, 0xB9, 0xB9, 0xC4, 0xB9, 0xAE, 0xA3, 0xD7, 0xA9, 0x7C, 0x88, 0x7C, 0x88,
    0xAE, 0xAE, 0xAE, 0xA3, 0x9A, 0x9A, 0xA3, 0xA3, 0xB5, 0xA9, 0xC8, 0xA3, 0x9A, 0x9A, 0x8D, 0x9A,
    0xB9, 0xC8, 0xBF, 0xA9, 0x9A, 0x93, 0x93, 0x93, 0x88, 0x93, 0x9A, 0xA3, 0x9A, 0x93, 0x93, 0x8D,
    0xA3, 0x9A, 0x9A, 0x8D, 0x93, 0x8D, 0x88, 0x88, 0x8D, 0x8D, 0x8D, 0x93, 0x9A, 0x93, 0x88, 0x7C,
    0x50, 0xED, 0xEF, 0xE1, 0xE8, 0xE8, 0xDC, 0xEB, 0x54, 0xED, 0xEF, 0xEC, 0xEE, 0xED, 0xEE, 0xEB,
    0x54, 0xED, 0xEC, 0xDE, 0xE6, 0xE4, 0xE8, 0xE1, 0x52, 0xEC, 0xEC, 0xE5, 0xE6, 0xDE, 0xDD, 0xDB,
    0xE8, 0xD2, 0xEF, 0xF2, 0xE8, 0xEB, 0xEE, 0xE8, 0xDC, 0xE8, 0xEA, 0xEB, 0xEB, 0xEB, 0xEA, 0xE4,
    0xE1, 0xE6, 0xD8, 0xEA, 0xE8, 0xE1, 0xE8, 0xE4, 0xEB, 0xE1, 0xE2, 0xEF, 0xE8, 0xC9, 0xDF, 0xE8,
    0xEB, 0xE4, 0xE8, 0xE2, 0xCC, 0xDB, 0xE2, 0xC9, 0xEA, 0xEC, 0xE4, 0xD1, 0xE2, 0xE5, 0xD7, 0xE4,
    0xE1, 0xE3, 0xE2, 0xDC, 0xE4, 0xE2, 0xE8, 0xEE, 0xD7, 0xC9, 0xDD, 0xD1, 0xDA, 0xD8, 0xDE, 0xEF,
    0xC6, 0xF1, 0xEA, 0x66, 0x7C, 0x8D, 0x8D, 0x9A, 0xEC, 0xF2, 0xE7, 0x66, 0x74, 0x8D, 0x8D, 0x9A,
    0xEF, 0xF2, 0xE7, 0x69, 0x76, 0x8D, 0x88, 0x8D, 0xF1, 0xF2, 0xE7, 0x66, 0x74, 0x88, 0x8D, 0x8D,
    0x93, 0x93, 0xD1, 0xD3, 0xA3, 0x8D, 0x93, 0x8D, 0x9A, 0x9A, 0x93, 0x9A, 0x93, 0x9A, 0x93, 0x8D,
    0x8D, 0x9A, 0x8D, 0x93, 0x9A, 0x8D, 0x8D, 0x8D, 0x93, 0x93, 0x93, 0x9A, 0x9A, 0x8D, 0x88, 0x8D,
    0x8D, 0x88, 0x88, 0x8D, 0x8D, 0x8D, 0x88, 0x7C, 0x88, 0x7C, 0x88, 0x8D, 0x76, 0x7C, 0x8D, 0x8D,
    0x88, 0x8D, 0x7C, 0x8D, 0x88, 0x8D, 0x8D, 0x88, 0x93, 0x8D, 0x88, 0x8D, 0x8D, 0x88, 0x88, 0x88,
    0x7C, 0x88, 0x93, 0x93, 0x93, 0x93, 0x9A, 0xA3, 0x88, 0x88, 0x8D, 0x76, 0x8D, 0xA3, 0x93, 0x93,
    0x88, 0x8D, 0x8D, 0x88, 0x88, 0x93, 0xA3, 0x93, 0x7C, 0x7C, 0x93, 0x93, 0x8D, 0x93, 0xA3, 0x93,
    0xA9, 0xAE, 0xA9, 0xAE, 0xAE, 0xA9, 0xAE, 0xAE, 0xA3, 0xA9, 0xA3, 0xA3, 0xA9, 0xAE, 0xA9, 0xAE,
    0x93, 0xA3, 0xA9, 0xA9, 0xA9, 0xAE, 0xAE, 0xA3, 0x9A, 0xA3, 0xA9, 0xA3, 0xA3, 0xA9, 0xA3, 0xA9,
    0xB5, 0xB9, 0xB9, 0xB9, 0xBF, 0xBF, 0xC4, 0xC4, 0xB5, 0xB9, 0xB5, 0xB9, 0xBF, 0xBF, 0xBF, 0xB9,
    0xA9, 0xAE, 0xB5, 0xAE, 0xB5, 0xB5, 0xB5, 0xB9, 0xB5, 0xB9, 0xB5, 0xB9, 0xBF, 0xB9, 0xBF, 0xBF,
    0xC4, 0xC8, 0xC4, 0xC4, 0xC4, 0xC4, 0xB5, 0xC4, 0xB9, 0xBF, 0xBF, 0xC4, 0xC4, 0xC4, 0xB9, 0xC4,
    0xC4, 0xC4, 0xC4, 0xC8, 0xBF, 0xBF, 0xB5, 0xC8, 0xBF, 0xC4, 0xC4, 0xC4, 0xC4, 0xC4, 0xB5, 0xCB,
    0xDE, 0xE4, 0xE2, 0xD9, 0xCE, 0xE8, 0xD9, 0x19, 0xDE, 0xE2, 0xE2, 0xD9, 0xCE, 0xE9, 0xD8, 0x16,
    0xDE, 0xE2, 0xE2, 0xD8, 0xCD, 0xE9, 0xD8, 0x16, 0xDE, 0xE2, 0xE1, 0xD8, 0xCB, 0xE8, 0xD7, 0x13,
    0x00, 0x00, 0x00, 0x00, 0x00, 0x00, 0x00, 0x00, 0x00, 0x00, 0x00, 0x00, 0x00, 0x00, 0x00, 0x00,
    0x00, 0x00, 0x00, 0x00, 0x00, 0x00, 0x00, 0x00, 0x00, 0x00, 0x00, 0x00, 0x00, 0x00, 0x00, 0x00,
    0x00, 0x00, 0x00, 0x00, 0x00, 0x00, 0x00, 0x00, 0x00, 0x00, 0x00, 0x00, 0x00, 0x00, 0x00, 0x00,
    0x00, 0x00, 0x00, 0x00, 0x00, 0x00, 0x00, 0x00, 0x00, 0x00, 0x00, 0x00, 0x00, 0x00, 0x00, 0x00,
    0x00, 0x00, 0x00, 0x00, 0x00, 0x00, 0x00, 0x00, 0x00, 0x00, 0x00, 0x00, 0x00, 0x00, 0x00, 0x00,
    0x00, 0x00, 0x00, 0x00, 0x00, 0x00, 0x00, 0x00, 0x00, 0x00, 0x00, 0x00, 0x00, 0x00, 0x00, 0x00,
    0x00, 0x00, 0x00, 0x00, 0x00, 0x00, 0x00, 0x00, 0x00, 0x00, 0x00, 0x00, 0x00, 0x00, 0x00, 0x00,
    0x00, 0x00, 0x00, 0x00, 0x00, 0x00, 0x00, 0x00, 0x00, 0x00, 0x00, 0x00, 0x00, 0x00, 0x00, 0x00,
    0x00, 0x5E, 0xB6, 0xA6, 0x6C, 0x5B, 0x59, 0x5D, 0x00, 0x5D, 0xBD, 0xA6, 0x6C, 0x5B, 0x59, 0x59,
    0x00, 0x5E, 0xB6, 0xAC, 0x6C, 0x55, 0x59, 0x59, 0x00, 0x5E, 0xBD, 0xA6, 0x6C, 0x53, 0x59, 0x59,
    0x5D, 0x65, 0x67, 0x59, 0x3F, 0x25, 0x15, 0x12, 0x59, 0x5D, 0x62, 0x6C, 0x6F, 0x60, 0x4B, 0x2C,
    0x59, 0x59, 0x5D, 0x5E, 0x65, 0x6C, 0x78, 0x6C, 0x5B, 0x59, 0x59, 0x5D, 0x5E, 0x60, 0x62, 0x6A,
    0x15, 0x18, 0x26, 0x3D, 0x46, 0x4C, 0x51, 0x54, 0x1D, 0x15, 0x15, 0x15, 0x1B, 0x21, 0x26, 0x28,
    0x5B, 0x4E, 0x3D, 0x28, 0x23, 0x21, 0x21, 0x21, 0x80, 0x83, 0x80, 0x73, 0x63, 0x5E, 0x55, 0x55,
    0x55, 0x55, 0x57, 0x57, 0x55, 0x55, 0x53, 0x4E, 0x33, 0x33, 0x3D, 0x3D, 0x3D, 0x3D, 0x3D, 0x3D,
    0x23, 0x25, 0x25, 0x2C, 0x3D, 0x40, 0x4E, 0x5B, 0x53, 0x55, 0x5D, 0x60, 0x6C, 0x78, 0x8F, 0x97,
    0x4D, 0x49, 0x49, 0x4D, 0x5D, 0x71, 0x95, 0x8F, 0x48, 0x50, 0x60, 0x71, 0x8F, 0x8F, 0x78, 0x6C,
    0x6C, 0x80, 0x8F, 0x8F, 0x78, 0x6C, 0x71, 0x78, 0x97, 0x83, 0x78, 0x6C, 0x78, 0x78, 0x78, 0x80,
    0x78, 0x6C, 0x80, 0x85, 0x85, 0x85, 0x8F, 0x9D, 0x71, 0x80, 0x85, 0x85, 0x85, 0x85, 0x85, 0x97,
    0x80, 0x85, 0x85, 0x85, 0x85, 0x85, 0x8F, 0x9F, 0x85, 0x85, 0x85, 0x8F, 0x85, 0x85, 0x8F, 0x97,
    0xD4, 0xE3, 0xE1, 0x02, 0x00, 0x00, 0x00, 0x00, 0xD4, 0xE3, 0xE1, 0x02, 0x00, 0x00, 0x00, 0x00,
    0xD5, 0xE2, 0xE1, 0x02, 0x00, 0x00, 0x00, 0x00, 0xD5, 0xE1, 0xE1, 0x02, 0x00, 0x00, 0x00, 0x00,
    0x00, 0x00, 0x00, 0x00, 0x00, 0x00, 0x00, 0x00, 0x00, 0x00, 0x00, 0x00, 0x00, 0x00, 0x00, 0x00,
    0x00, 0x00, 0x00, 0x00, 0x00, 0x00, 0x00, 0x00, 0x00, 0x00, 0x00, 0x00, 0x00, 0x00, 0x00, 0x00,
    0x00, 0x00, 0x00, 0x00, 0x00, 0x00, 0x00, 0x00, 0x00, 0x00, 0x00, 0x00, 0x00, 0x00, 0x00, 0x00,
    0x00, 0x00, 0x00, 0x00, 0x00, 0x00, 0x00, 0x00, 0x00, 0x00, 0x00, 0x00, 0x00, 0x00, 0x00, 0x00,
    0x00, 0x00, 0x00, 0x00, 0x00, 0x00, 0x00, 0x00, 0x00, 0x00, 0x00, 0x00, 0x00, 0x00, 0x00, 0x00,
    0x00, 0x00, 0x00, 0x00, 0x00, 0x00, 0x00, 0x00, 0x00, 0x00, 0x00, 0x00, 0x00, 0x00, 0x00, 0x00,
    0x00, 0x00, 0x00, 0x00, 0x00, 0x00, 0x00, 0x00, 0x00, 0x00, 0x00, 0x00, 0x00, 0x00, 0x00, 0x00,
    0x00, 0x00, 0x00, 0x00, 0x00, 0x00, 0x00, 0x00, 0x00, 0x00, 0x00, 0x00, 0x00, 0x00, 0x00, 0x00,
    0x00, 0x00, 0x00, 0x00, 0x00, 0x00, 0x00, 0x00, 0x00, 0x00, 0x00, 0x00, 0x00, 0x00, 0x00, 0x00,
    0x00, 0x00, 0x00, 0x00, 0x00, 0x00, 0x00, 0x00, 0x00, 0x00, 0x00, 0x00, 0x00, 0x00, 0x00, 0x00,
    0x11, 0xDA, 0xC4, 0xCB, 0xD1, 0xD3, 0xB5, 0xB5, 0x12, 0xDA, 0xB9, 0xDA, 0xDE, 0x88, 0xCB, 0xAE,
    0x16, 0xDA, 0xB9, 0xD5, 0xDA, 0xCE, 0xC4, 0xAE, 0x13, 0xDC, 0xC4, 0xD5, 0xD8, 0xC4, 0xC8, 0xAE,
    0xB5, 0xB5, 0xB5, 0xB5, 0xD5, 0x88, 0x8D, 0x76, 0xAE, 0xB5, 0xB5, 0xAE, 0xB9, 0xCD, 0xCD, 0xCE,
    0xAE, 0xB5, 0xB5, 0xB5, 0xD8, 0x74, 0x76, 0x69, 0xB5, 0xB5, 0xB5, 0xB5, 0xB9, 0xAE, 0xB9, 0xB9,
    0x7C, 0x88, 0x7C, 0x7C, 0x93, 0xB5, 0xB5, 0xAE, 0xCD, 0xCD, 0xCD, 0xCF, 0xC8, 0xB5, 0xAE, 0xB5,
    0x66, 0x69, 0x69, 0x61, 0x93, 0xB9, 0xAE, 0xAE, 0xB9, 0xB9, 0xBF, 0xB5, 0xB9, 0xB5, 0xB5, 0xA9,
    0xAE, 0xA3, 0xCF, 0x8D, 0x7C, 0x74, 0x76, 0x7C, 0xAE, 0xA9, 0xA9, 0xBF, 0xC4, 0xC4, 0xBF, 0xB9,
    0xAE, 0xA9, 0xD3, 0x88, 0x66, 0x66, 0x61, 0x61, 0xAE, 0xAE, 0xB5, 0xA3, 0xA3, 0x9A, 0xA3, 0xA9,
    0x69, 0x74, 0x88, 0x9A, 0x9A, 0x93, 0x8D, 0x8D, 0xB9, 0xB9, 0xB9, 0x93, 0x9A, 0x93, 0x8D, 0x8D,
    0x61, 0x61, 0x69, 0x88, 0x9A, 0x93, 0x8D, 0x8D, 0x9A, 0x93, 0x93, 0x88, 0x93, 0x93, 0x8D, 0x93,
    0x4B, 0xEB, 0xEC, 0xE1, 0xE6, 0xE2, 0xEC, 0xDE, 0x4B, 0xEB, 0xE8, 0xD0, 0xCA, 0xE6, 0xD5, 0xE1,
    0x4B, 0xEA, 0xEF, 0xEB, 0xEB, 0xEF, 0xEB, 0xED, 0x52, 0xE1, 0xF6, 0xF6, 0xF5, 0xF4, 0xF4, 0xF2,
    0xD1, 0xE8, 0xEE, 0xF1, 0xE8, 0xD3, 0xDC, 0xE8, 0xDE, 0xCC, 0xC6, 0xEC, 0xEA, 0xD3, 0xCF, 0xD9,
    0xEE, 0xEB, 0xEA, 0xEF, 0xEF, 0xED, 0xED, 0xED, 0xF2, 0xF1, 0xF1, 0xF1, 0xF1, 0xF1, 0xF1, 0xF1,
    0xE2, 0xD8, 0xE2, 0xDE, 0xE6, 0xDD, 0xC6, 0xE8, 0xDE, 0xD8, 0xD1, 0xD8, 0xE1, 0xDA, 0xD7, 0xD5,
    0xEE, 0xEF, 0xED, 0xEA, 0xDE, 0xE4, 0xE5, 0xDE, 0xF1, 0xF1, 0xEF, 0xEE, 0xED, 0xEB, 0xEB, 0xEA,
    0xEF, 0xF2, 0xE7, 0x5F, 0x61, 0x88, 0x88, 0x88, 0xEB, 0xF2, 0xE7, 0x5F, 0x5F, 0x7C, 0x8D, 0x88,
    0xE4, 0xEF, 0xE8, 0x66, 0x61, 0x7C, 0x88, 0x76, 0xEB, 0xED, 0xDA, 0x61, 0x76, 0x7C, 0x7C, 0x88,
    0x8D, 0x93, 0x9A, 0x9A, 0x93, 0x8D, 0x8D, 0x88, 0x88, 0x8D, 0x93, 0x8D, 0x93, 0x8D, 0x8D, 0x8D,
    0x88, 0x93, 0x8D, 0x93, 0x93, 0x8D, 0x8D, 0x8D, 0x93, 0x93, 0x9A, 0x9A, 0x93, 0x8D, 0x93, 0x8D,
    0x8D, 0x8D, 0x88, 0x8D, 0x88, 0x7C, 0x7C, 0x7C, 0x88, 0x88, 0x88, 0x7C, 0x88, 0x88, 0x88, 0x88,
    0x8D, 0x8D, 0x7C, 0x88, 0x8D, 0x8D, 0x7C, 0x7C, 0x8D, 0x88, 0x88, 0x88, 0x88, 0x8D, 0x7C, 0x7C,
    0x88, 0x7C, 0x88, 0x8D, 0x88, 0x93, 0x93, 0x93, 0x88, 0x8D, 0x93, 0x76, 0x7C, 0x8D, 0x8D, 0x93,
    0x88, 0x8D, 0x88, 0x88, 0x8D, 0x93, 0x8D, 0x8D, 0x88, 0x8D, 0x88, 0x93, 0x93, 0x93, 0x93, 0x93,
    0x9A, 0xA3, 0xA3, 0xAE, 0xAE, 0xA9, 0xA9, 0xAE, 0x9A, 0xA3, 0x9A, 0xA3, 0xA9, 0xA9, 0xA9, 0xAE,
    0x9A, 0xA3, 0xA3, 0x9A, 0xA9, 0xA9, 0xA9, 0xB5, 0x93, 0xA3, 0xA9, 0xA9, 0xAE, 0xA9, 0xAE, 0xB5,
    0xB5, 0xB9, 0xB5, 0xBF, 0xB9, 0xB5, 0xB9, 0xBF, 0xB9, 0xB9, 0xB5, 0xB5, 0xB9, 0xB5, 0xB5, 0xBF,
    0xB5, 0xB5, 0xB9, 0xB5, 0xB9, 0xBF, 0xB5, 0xB9, 0xB9, 0xC4, 0xC4, 0xBF, 0xBF, 0xBF, 0xB5, 0xB9,
    0xC4, 0xBF, 0xBF, 0xB5, 0xBF, 0xBF, 0xAE, 0xCB, 0xBF, 0xB9, 0xB5, 0xB9, 0xC4, 0xBF, 0xB5, 0xC4,
    0xB9, 0xB5, 0xB9, 0xB9, 0xC4, 0xBF, 0xAE, 0xC4, 0xB9, 0xB5, 0xAE, 0xAE, 0xAE, 0xAE, 0xA9, 0xBF,
    0xDE, 0xE4, 0xE2, 0xD8, 0xCB, 0xE8, 0xD7, 0x13, 0xDE, 0xE2, 0xE2, 0xD9, 0xCE, 0xE9, 0xD8, 0x16,
    0xDE, 0xE2, 0xE2, 0xD8, 0xCE, 0xE9, 0xD8, 0x13, 0xDE, 0xE4, 0xE2, 0xD9, 0xCD, 0xE8, 0xD7, 0x0E,
    0x00, 0x00, 0x00, 0x00, 0x00, 0x00, 0x00, 0x00, 0x00, 0x00, 0x00, 0x00, 0x00, 0x00, 0x00, 0x00,
    0x00, 0x00, 0x00, 0x00, 0x00, 0x00, 0x00, 0x00, 0x00, 0x00, 0x00, 0x00, 0x00, 0x00, 0x00, 0x00,
    0x00, 0x00, 0x00, 0x00, 0x00, 0x00, 0x00, 0x00, 0x00, 0x00, 0x00, 0x00, 0x00, 0x00, 0x00, 0x00,
    0x00, 0x00, 0x00, 0x00, 0x00, 0x00, 0x00, 0x00, 0x00, 0x00, 0x00, 0x00, 0x00, 0x00, 0x00, 0x00,
    0x00, 0x00, 0x00, 0x00, 0x00, 0x00, 0x00, 0x00, 0x00, 0x00, 0x00, 0x00, 0x00, 0x00, 0x00, 0x00,
    0x00, 0x00, 0x00, 0x00, 0x00, 0x00, 0x00, 0x00, 0x00, 0x00, 0x00, 0x00, 0x00, 0x00, 0x00, 0x00,
    0x00, 0x00, 0x00, 0x00, 0x00, 0x00, 0x00, 0x00, 0x00, 0x00, 0x00, 0x00, 0x00, 0x00, 0x00, 0x00,
    0x00, 0x00, 0x00, 0x00, 0x00, 0x00, 0x00, 0x00, 0x00, 0x00, 0x00, 0x00, 0x00, 0x00, 0x00, 0x00,
    0x00, 0x5E, 0xBD, 0xAC, 0x71, 0x57, 0x55, 0x59, 0x00, 0x62, 0xBD, 0xB1, 0x71, 0x59, 0x53, 0x59,
    0x00, 0x5E, 0xBD, 0xB0, 0x71, 0x55, 0x55, 0x59, 0x00, 0x62, 0xBD, 0xB1, 0x71, 0x53, 0x55, 0x57,
    0x59, 0x59, 0x5D, 0x5E, 0x5D, 0x5E, 0x60, 0x5E, 0x59, 0x5C, 0x5B, 0x5D, 0x60, 0x5D, 0x60, 0x5E,
    0x59, 0x51, 0x59, 0x5B, 0x5E, 0x5D, 0x5E, 0x60, 0x55, 0x59, 0x59, 0x5D, 0x59, 0x5E, 0x5D, 0x5D,
    0x62, 0x67, 0x71, 0x82, 0x8C, 0x97, 0x97, 0x97, 0x5E, 0x60, 0x62, 0x63, 0x67, 0x6C, 0x6C, 0x6C,
    0x5F, 0x5E, 0x5E, 0x60, 0x5E, 0x62, 0x62, 0x62, 0x5E, 0x5E, 0x5E, 0x60, 0x60, 0x5E, 0x63, 0x62,
    0x97, 0x97, 0x99, 0x9F, 0x97, 0x97, 0x8F, 0x78, 0x71, 0x71, 0x71, 0x71, 0x71, 0x6F, 0x6C, 0x6C,
    0x63, 0x63, 0x63, 0x67, 0x67, 0x6C, 0x6C, 0x71, 0x62, 0x63, 0x65, 0x67, 0x6C, 0x6C, 0x71, 0x71,
    0x78, 0x6C, 0x71, 0x71, 0x78, 0x78, 0x80, 0x80, 0x6C, 0x71, 0x71, 0x78, 0x78, 0x78, 0x85, 0x85,
    0x78, 0x78, 0x78, 0x78, 0x61, 0x4B, 0x6C, 0x8F, 0x78, 0x80, 0x80, 0x69, 0x5E, 0xDC, 0x8F, 0x97,
    0x85, 0x85, 0x85, 0x8F, 0x85, 0x8F, 0x8F, 0x97, 0x85, 0x85, 0x71, 0x8C, 0x85, 0x97, 0x97, 0x97,
    0x97, 0x85, 0xAC, 0x5B, 0x59, 0x85, 0x8F, 0x9D, 0x97, 0x8F, 0xE5, 0xE8, 0xE2, 0xA5, 0x8F, 0x9F,
    0xD5, 0xE1, 0xE1, 0x02, 0x00, 0x00, 0x00, 0x00, 0xD5, 0xDE, 0xDE, 0x02, 0x00, 0x00, 0x00, 0x00,
    0xD5, 0xDE, 0xDE, 0x02, 0x00, 0x00, 0x00, 0x00, 0xD5, 0xDE, 0xDE, 0x02, 0x00, 0x00, 0x00, 0x00,
    0x00, 0x00, 0x00, 0x00, 0x00, 0x00, 0x00, 0x00, 0x00, 0x00, 0x00, 0x00, 0x00, 0x00, 0x00, 0x00,
    0x00, 0x00, 0x00, 0x00, 0x00, 0x00, 0x00, 0x00, 0x00, 0x00, 0x00, 0x00, 0x00, 0x00, 0x00, 0x00,
    0x00, 0x00, 0x00, 0x00, 0x00, 0x00, 0x00, 0x00, 0x00, 0x00, 0x00, 0x00, 0x00, 0x00, 0x00, 0x00,
    0x00, 0x00, 0x00, 0x00, 0x00, 0x00, 0x00, 0x00, 0x00, 0x00, 0x00, 0x00, 0x00, 0x00, 0x00, 0x00,
    0x00, 0x00, 0x00, 0x00, 0x00, 0x00, 0x00, 0x00, 0x00, 0x00, 0x00, 0x00, 0x00, 0x00, 0x00, 0x00,
    0x00, 0x00, 0x00, 0x00, 0x00, 0x00, 0x00, 0x00, 0x00, 0x00, 0x00, 0x00, 0x00, 0x00, 0x00, 0x00,
    0x00, 0x00, 0x00, 0x00, 0x00, 0x00, 0x00, 0x00, 0x00, 0x00, 0x00, 0x00, 0x00, 0x00, 0x00, 0x00,
    0x00, 0x00, 0x00, 0x00, 0x00, 0x00, 0x00, 0x00, 0x00, 0x00, 0x00, 0x00, 0x00, 0x00, 0x00, 0x00,
    0x00, 0x00, 0x00, 0x00, 0x00, 0x00, 0x00, 0x00, 0x00, 0x00, 0x00, 0x00, 0x00, 0x00, 0x00, 0x00,
    0x00, 0x00, 0x00, 0x00, 0x00, 0x00, 0x00, 0x00, 0x00, 0x00, 0x00, 0x00, 0x00, 0x00, 0x00, 0x00,
    0x13, 0xDC, 0xB9, 0xDC, 0xDC, 0x88, 0xC8, 0xAE, 0x13, 0xDA, 0xC4, 0xCD, 0xD3, 0xCF, 0xB9, 0xB9,
    0x12, 0xDC, 0xB9, 0xDC, 0xD9, 0x66, 0xC8, 0xB5, 0x12, 0xDA, 0xC8, 0xD3, 0xD3, 0xCF, 0xBF, 0xAE,
    0xB5, 0xB5, 0xAE, 0xAE, 0xD1, 0xAE, 0xAE, 0xA9, 0xAE, 0xB5, 0xAE, 0xB5, 0xD5, 0xBF, 0xBF, 0xB5,
    0xB5, 0xB9, 0xAE, 0xB9, 0xB9, 0xAE, 0xAE, 0xAE, 0xAE, 0xB9, 0xB5, 0xB5, 0xDA, 0x9A, 0x9A, 0xA3,
    0xAE, 0xA3, 0xA9, 0x9A, 0xA3, 0xB5, 0xAE, 0xAE, 0xA9, 0xAE, 0xB5, 0xBF, 0xC4, 0xB5, 0xB5, 0xA9,
    0xAE, 0xB5, 0xAE, 0xBF, 0xB9, 0xB5, 0xAE, 0xAE, 0xA3, 0x9A, 0xA9, 0x8D, 0xAE, 0xBF, 0xAE, 0xB5,
    0xAE, 0xA3, 0xC8, 0xB5, 0xA9, 0x88, 0x93, 0x93, 0xAE, 0xA9, 0xCB, 0xB9, 0xB5, 0xA9, 0xAE, 0xB5,
    0xAE, 0xAE, 0xAE, 0xA3, 0xA3, 0xAE, 0xAE, 0xA9, 0xAE, 0xA3, 0xD3, 0xA9, 0x93, 0x9A, 0x8D, 0x9A,
    0x9A, 0x93, 0xA3, 0x9A, 0x88, 0x93, 0x88, 0x88, 0xA9, 0xA9, 0xB9, 0xA3, 0x93, 0x93, 0x8D, 0x93,
    0x9A, 0x9A, 0x93, 0xA3, 0xA3, 0x93, 0x93, 0x9A, 0x93, 0x9A, 0xA9, 0x93, 0x93, 0x9A, 0x93, 0x8D,
    0x74, 0x88, 0xD8, 0xDA, 0xD7, 0xD3, 0xD3, 0xD1, 0x8D, 0x7C, 0x69, 0x66, 0x69, 0x74, 0x61, 0x61,
    0x7C, 0x76, 0x76, 0x7C, 0x76, 0x69, 0x76, 0x76, 0x7C, 0x88, 0x7C, 0x88, 0x88, 0x88, 0x8D, 0x88,
    0xCB, 0xC4, 0xC4, 0xB9, 0xBF, 0xBF, 0xB5, 0xB5, 0x66, 0x61, 0x5F, 0x66, 0x66, 0x66, 0x61, 0x66,
    0x76, 0x88, 0x7C, 0x76, 0x76, 0x74, 0x76, 0x88, 0x7C, 0x8D, 0x88, 0x76, 0x76, 0x7C, 0x88, 0x88,
    0xB5, 0xAE, 0xA3, 0xA9, 0xA9, 0x93, 0x93, 0x8D, 0x66, 0x74, 0x66, 0x5F, 0x61, 0x61, 0x66, 0x66,
    0x7C, 0x88, 0x76, 0x76, 0x74, 0x74, 0x74, 0x74, 0x88, 0x7C, 0x74, 0x7C, 0x76, 0x76, 0x7C, 0x76,
    0x88, 0x88, 0x76, 0x69, 0x74, 0x7C, 0x9A, 0x9A, 0x5F, 0x5F, 0x76, 0x74, 0x76, 0x88, 0xB5, 0x88,
    0x76, 0x76, 0x7C, 0x74, 0x74, 0x88, 0x93, 0xA9, 0x76, 0x7C, 0x76, 0x7C, 0x7C, 0x93, 0xA9, 0x5C,
    0x93, 0x93, 0x93, 0xA3, 0x9A, 0x8D, 0x8D, 0x9A, 0x61, 0x66, 0x61, 0x74, 0x93, 0x8D, 0x7C, 0xAE,
    0xA9, 0x9A, 0xA3, 0x9A, 0x88, 0x88, 0x8D, 0x93, 0x52, 0x54, 0x4B, 0x5C, 0x8D, 0x93, 0x93, 0xAE,
    0xAE, 0xAE, 0xA3, 0x93, 0x8D, 0x8D, 0x93, 0x88, 0xA3, 0x69, 0x66, 0x5F, 0x5C, 0x88, 0xA3, 0x93,
    0xA3, 0xA3, 0xA3, 0xA9, 0xAE, 0x93, 0x93, 0xA9, 0x76, 0x52, 0x59, 0x54, 0x50, 0x7C, 0xA9, 0xA3,
    0x8D, 0x8D, 0x93, 0x93, 0x8D, 0x93, 0x93, 0x93, 0x93, 0x93, 0x8D, 0x8D, 0x8D, 0x93, 0x93, 0x8D,
    0x93, 0x8D, 0x8D, 0x88, 0x88, 0x8D, 0x93, 0x9A, 0x93, 0x8D, 0x88, 0x8D, 0x8D, 0x8D, 0x9A, 0x93,
    0x9A, 0xA3, 0xA9, 0xA3, 0xA9, 0xAE, 0xAE, 0xB5, 0x93, 0x93, 0x9A, 0xA3, 0x9A, 0xA9, 0xAE, 0xAE,
    0x9A, 0x93, 0x9A, 0xA3, 0xA3, 0xA9, 0xAE, 0xAE, 0x8D, 0x93, 0x9A, 0xA3, 0xA3, 0xA3, 0xA9, 0xA9,
    0xB5, 0xB5, 0xB9, 0xB5, 0xAE, 0xB5, 0xAE, 0xAE, 0xAE, 0xA9, 0xA3, 0x9A, 0xA3, 0xAE, 0xAE, 0xAE,
    0xA9, 0xA9, 0xA9, 0xA3, 0xA3, 0x9A, 0xA9, 0xAE, 0xA9, 0xA9, 0xA3, 0xA3, 0xA3, 0x9A, 0xA9, 0xA9,
    0xB5, 0xB5, 0xAE, 0xAE, 0xB5, 0xB5, 0xA3, 0xBF, 0xAE, 0xB5, 0xB9, 0xB5, 0xAE, 0xAE, 0x9A, 0xBF,
    0xAE, 0xAE, 0xA9, 0x9A, 0x9A, 0x93, 0x88, 0xC4, 0xA3, 0xA3, 0xA9, 0x9A, 0x93, 0x9A, 0x8D, 0xBF,
    0xDE, 0xE2, 0xE2, 0xD8, 0xCD, 0xE8, 0xD7, 0x12, 0xDE, 0xE2, 0xE2, 0xD8, 0xCE, 0xE8, 0xD9, 0x19,
    0xDE, 0xE2, 0xE2, 0xD8, 0xCE, 0xE8, 0xD8, 0x19, 0xDE, 0xE2, 0xE1, 0xD9, 0xCE, 0xE8, 0xD8, 0x19,
    0x00, 0x00, 0x00, 0x00, 0x00, 0x00, 0x00, 0x00, 0x00, 0x00, 0x00, 0x00, 0x00, 0x00, 0x00, 0x00,
    0x00, 0x00, 0x00, 0x00, 0x00, 0x00, 0x00, 0x00, 0x00, 0x00, 0x00, 0x00, 0x00, 0x00, 0x00, 0x00,
    0x00, 0x00, 0x00, 0x00, 0x00, 0x00, 0x00, 0x00, 0x00, 0x00, 0x00, 0x00, 0x00, 0x00, 0x00, 0x00,
    0x00, 0x00, 0x00, 0x00, 0x00, 0x00, 0x00, 0x00, 0x00, 0x00, 0x00, 0x00, 0x00, 0x00, 0x00, 0x00,
    0x00, 0x00, 0x00, 0x00, 0x00, 0x00, 0x00, 0x00, 0x00, 0x00, 0x00, 0x00, 0x00, 0x00, 0x00, 0x00,
    0x00, 0x00, 0x00, 0x00, 0x00, 0x00, 0x00, 0x00, 0x00, 0x00, 0x00, 0x00, 0x00, 0x00, 0x00, 0x00,
    0x00, 0x00, 0x00, 0x00, 0x00, 0x00, 0x00, 0x00, 0x00, 0x00, 0x00, 0x00, 0x00, 0x00, 0x00, 0x00,
    0x00, 0x00, 0x00, 0x00, 0x00, 0x00, 0x00, 0x00, 0x00, 0x00, 0x00, 0x00, 0x00, 0x00, 0x00, 0x00,
    0x00, 0x62, 0xBD, 0xB1, 0x71, 0x53, 0x53, 0x55, 0x00, 0x5E, 0xC1, 0xB0, 0x6C, 0x53, 0x51, 0x55,
    0x00, 0x5E, 0xC1, 0xB1, 0x71, 0x53, 0x52, 0x55, 0x00, 0x5E, 0xC1, 0xB1, 0x71, 0x53, 0x51, 0x53,
    0x5D, 0xE2, 0x46, 0x52, 0x5B, 0x5D, 0x55, 0x5D, 0x60, 0xED, 0xE8, 0x48, 0x4C, 0x52, 0x52, 0x5D,
    0x59, 0xE5, 0xF2, 0xEC, 0x59, 0x63, 0xD5, 0x59, 0x55, 0x48, 0x38, 0xEF, 0xEF, 0xEF, 0xE1, 0x5D,
    0x5B, 0x5E, 0x5D, 0x5E, 0x60, 0x60, 0x62, 0x63, 0x5B, 0x5D, 0x5E, 0x60, 0x60, 0x5E, 0x62, 0x62,
    0x5D, 0x59, 0x5B, 0x60, 0x5E, 0x60, 0x62, 0x62, 0x59, 0x5D, 0x5E, 0x5E, 0x5D, 0x62, 0x60, 0x60,
    0x62, 0x63, 0x67, 0x67, 0x6C, 0x6C, 0x6F, 0x71, 0x63, 0x63, 0x65, 0x67, 0x6C, 0x6C, 0x6C, 0x71,
    0x62, 0x62, 0x67, 0x67, 0x67, 0x6C, 0x71, 0x71, 0x62, 0x63, 0x67, 0x67, 0x67, 0x71, 0x71, 0x78,
    0x78, 0x78, 0x80, 0x63, 0xF6, 0xFB, 0xF6, 0x5D, 0x78, 0x78, 0x80, 0xE4, 0xFB, 0xF9, 0xFC, 0x73,
    0x78, 0x78, 0x9F, 0xF6, 0xF7, 0xF7, 0xFC, 0xE8, 0x80, 0x8F, 0xC9, 0xF9, 0xF7, 0xF8, 0xFB, 0xF8,
    0x9F, 0x97, 0xDE, 0xDA, 0xDD, 0xA5, 0x8F, 0x9F, 0x9F, 0x97, 0xDA, 0xE8, 0xDE, 0xA5, 0x8F, 0x9F,
    0x80, 0x97, 0xE2, 0xF5, 0xD8, 0x97, 0x8F, 0xA4, 0x7E, 0x9F, 0xD2, 0xEA, 0xE8, 0xB6, 0x85, 0x9F,
    0xD5, 0xE1, 0xDE, 0x02, 0x00, 0x00, 0x00, 0x00, 0xD5, 0xE1, 0xDE, 0x02, 0x00, 0x00, 0x00, 0x00,
    0xD5, 0xE1, 0xE1, 0x02, 0x00, 0x00, 0x00, 0x00, 0xD5, 0xE1, 0xE1, 0x02, 0x00, 0x00, 0x00, 0x00,
    0x00, 0x00, 0x00, 0x00, 0x00, 0x00, 0x00, 0x00, 0x00, 0x00, 0x00, 0x00, 0x00, 0x00, 0x00, 0x00,
    0x00, 0x00, 0x00, 0x00, 0x00, 0x00, 0x00, 0x00, 0x00, 0x00, 0x00, 0x00, 0x00, 0x00, 0x00, 0x00,
    0x00, 0x00, 0x00, 0x00, 0x00, 0x00, 0x00, 0x00, 0x00, 0x00, 0x00, 0x00, 0x00, 0x00, 0x00, 0x00,
    0x00, 0x00, 0x00, 0x00, 0x00, 0x00, 0x00, 0x00, 0x00, 0x00, 0x00, 0x00, 0x00, 0x00, 0x00, 0x00,
    0x00, 0x00, 0x00, 0x00, 0x00, 0x00, 0x00, 0x00, 0x00, 0x00, 0x00, 0x00, 0x00, 0x00, 0x00, 0x00,
    0x00, 0x00, 0x00, 0x00, 0x00, 0x00, 0x00, 0x00, 0x00, 0x00, 0x00, 0x00, 0x00, 0x00, 0x00, 0x00,
    0x00, 0x00, 0x00, 0x00, 0x00, 0x00, 0x00, 0x00, 0x00, 0x00, 0x00, 0x00, 0x00, 0x00, 0x00, 0x00,
    0x00, 0x00, 0x00, 0x00, 0x00, 0x00, 0x00, 0x00, 0x00, 0x00, 0x00, 0x00, 0x00, 0x00, 0x00, 0x00,
    0x00, 0x00, 0x00, 0x00, 0x00, 0x00, 0x00, 0x00, 0x00, 0x00, 0x00, 0x00, 0x00, 0x00, 0x00, 0x00,
    0x00, 0x00, 0x00, 0x00, 0x00, 0x00, 0x00, 0x00, 0x00, 0x00, 0x00, 0x00, 0x00, 0x00, 0x00, 0x00,
    0x16, 0xDA, 0xBF, 0xD8, 0xD8, 0x8D, 0xCB, 0xAE, 0x16, 0xDA, 0xB9, 0xDA, 0xD8, 0x9A, 0xC8, 0xB5,
    0x16, 0xDA, 0xC4, 0xCF, 0xD3, 0xCE, 0xC4, 0xB5, 0x19, 0xDA, 0xB5, 0xDC, 0xDC, 0x7C, 0xCB, 0xAE,
    0xAE, 0xB5, 0xB5, 0xAE, 0xC8, 0xCF, 0xCD, 0xCD, 0xB5, 0xB5, 0xAE, 0xAE, 0xDA, 0xC4, 0xA9, 0xA3,
    0xB9, 0xB9, 0xB5, 0xAE, 0xD3, 0xC8, 0xBF, 0xB5, 0xB5, 0xB5, 0xB5, 0xAE, 0xA9, 0xAE, 0xB5, 0xB9,
    0xCD, 0xCD, 0xCF, 0xCF, 0xCD, 0xB5, 0xAE, 0xA9, 0xAE, 0xA3, 0xA9, 0x8D, 0xAE, 0xB9, 0xA9, 0xAE,
    0xC4, 0xBF, 0xBF, 0xBF, 0xC8, 0xB5, 0xAE, 0xAE, 0xB5, 0xB5, 0xB5, 0xB9, 0xB9, 0xAE, 0xAE, 0xAE,
    0xAE, 0xAE, 0xB5, 0xCD, 0xCB, 0xCB, 0xCD, 0xCD, 0xB5, 0x9A, 0xCF, 0xA9, 0x8D, 0x93, 0x9A, 0xA9,
    0xAE, 0xAE, 0xCE, 0xC4, 0xB9, 0xC4, 0xB9, 0xB9, 0xAE, 0xAE, 0xAE, 0xB5, 0xB9, 0xBF, 0xB9, 0xB5,
    0xCB, 0xCB, 0xC8, 0xA3, 0x9A, 0xA3, 0x93, 0x8D, 0x9A, 0x93, 0x9A, 0xAE, 0xA3, 0x9A, 0xA3, 0x93,
    0xB9, 0xB5, 0xB9, 0xA9, 0x9A, 0x9A, 0xA3, 0x9A, 0xB9, 0xAE, 0xAE, 0x9A, 0x9A, 0x9A, 0x9A, 0x9A,
    0x93, 0x9A, 0x8D, 0x8D, 0x8D, 0x8D, 0x7C, 0x88, 0x88, 0x8D, 0x88, 0x93, 0x88, 0x7C, 0x7C, 0x76,
    0x8D, 0x8D, 0x93, 0x88, 0x8D, 0x7C, 0x7C, 0x76, 0xA3, 0xA3, 0x8D, 0x8D, 0x8D, 0x93, 0x8D, 0x74,
    0x88, 0x7C, 0x88, 0x7C, 0x7C, 0x7C, 0x88, 0x76, 0x7C, 0x74, 0x7C, 0x7C, 0x7C, 0x88, 0x76, 0x7C,
    0x74, 0x74, 0x7C, 0x88, 0x7C, 0x88, 0x7C, 0x7C, 0x76, 0x7C, 0x7C, 0x88, 0x7C, 0x7C, 0x76, 0x88,
    0x88, 0x7C, 0x76, 0x7C, 0x76, 0x7C, 0x76, 0x7C, 0x88, 0x88, 0x7C, 0x7C, 0x7C, 0x76, 0x76, 0x8D,
    0x8D, 0x8D, 0x88, 0x76, 0x8D, 0x7C, 0x76, 0x76, 0x88, 0x7C, 0x7C, 0x76, 0x88, 0x7C, 0x7C, 0x76,
    0x76, 0x7C, 0x7C, 0x7C, 0x8D, 0x7C, 0x8D, 0x76, 0x76, 0x74, 0x88, 0x8D, 0x7C, 0x8D, 0x93, 0x74,
    0x76, 0x76, 0x88, 0x88, 0x7C, 0x9A, 0x9A, 0x59, 0x7C, 0x7C, 0x8D, 0x88, 0x8D, 0x88, 0x8D, 0x88,
    0x69, 0x74, 0x69, 0x69, 0x76, 0x8D, 0x88, 0x88, 0x74, 0x76, 0x66, 0x74, 0x88, 0x8D, 0x88, 0x9A,
    0x4B, 0x54, 0x52, 0x5C, 0x76, 0x93, 0x93, 0xA3, 0x88, 0x8D, 0x88, 0x74, 0x76, 0x88, 0x88, 0x8D,
    0x74, 0x66, 0x69, 0x74, 0x69, 0x7C, 0x93, 0x9A, 0x88, 0x7C, 0x7C, 0x74, 0x76, 0x93, 0x93, 0x93,
    0x66, 0x4B, 0x50, 0x4B, 0x4B, 0x74, 0x9A, 0x93, 0x88, 0x7C, 0x88, 0x88, 0x88, 0x7C, 0x88, 0x8D,
    0x93, 0x8D, 0x8D, 0x88, 0x88, 0x8D, 0x93, 0x93, 0x93, 0x93, 0x88, 0x7C, 0x88, 0x93, 0x93, 0x88,
    0x93, 0x93, 0x93, 0x88, 0x88, 0x8D, 0x93, 0x88, 0x8D, 0x8D, 0x93, 0x8D, 0x88, 0x7C, 0x88, 0x7C,
    0x93, 0x93, 0xA3, 0xA3, 0x9A, 0x93, 0x9A, 0xA9, 0x8D, 0x9A, 0x9A, 0x93, 0x93, 0x93, 0x93, 0x93,
    0x88, 0x9A, 0x93, 0x88, 0x8D, 0x93, 0x93, 0x93, 0x76, 0x88, 0x8D, 0x88, 0x88, 0x8D, 0x9A, 0x9A,
    0xA3, 0xA3, 0x9A, 0xA9, 0xA9, 0x9A, 0x9A, 0xA3, 0x9A, 0x9A, 0x9A, 0xA9, 0xA9, 0xA3, 0xA3, 0xA9,
    0x9A, 0x9A, 0xA3, 0xA3, 0xA3, 0xA3, 0x9A, 0xA3, 0x93, 0x9A, 0xA3, 0x9A, 0x9A, 0xA9, 0xA3, 0xA3,
    0xA3, 0xA3, 0x9A, 0x9A, 0x9A, 0x9A, 0x8D, 0xB9, 0xAE, 0xA9, 0x9A, 0xA3, 0xA3, 0x9A, 0x8D, 0xB5,
    0xA9, 0xA3, 0xA3, 0xA9, 0x93, 0x93, 0x93, 0xB9, 0xA9, 0xA3, 0xA9, 0xA3, 0x9A, 0x9A, 0x8D, 0xB5,
    0xDE, 0xE2, 0xE2, 0xD9, 0xD1, 0xE8, 0xD8, 0x16, 0xDE, 0xE4, 0xE1, 0xD8, 0xCF, 0xE8, 0xD7, 0x16,
    0xDE, 0xE2, 0xE2, 0xD8, 0xCD, 0xE8, 0xD5, 0x13, 0xDE, 0xE2, 0xE2, 0xD8, 0xCE, 0xE8, 0xD5, 0x13,
    0x00, 0x00, 0x00, 0x00, 0x00, 0x00, 0x00, 0x00, 0x00, 0x00, 0x00, 0x00, 0x00, 0x00, 0x00, 0x00,
    0x00, 0x00, 0x00, 0x00, 0x00, 0x00, 0x00, 0x00, 0x00, 0x00, 0x00, 0x00, 0x00, 0x00, 0x00, 0x00,
    0x00, 0x00, 0x00, 0x00, 0x00, 0x00, 0x00, 0x00, 0x00, 0x00, 0x00, 0x00, 0x00, 0x00, 0x00, 0x00,
    0x00, 0x00, 0x00, 0x00, 0x00, 0x00, 0x00, 0x00, 0x00, 0x00, 0x00, 0x00, 0x00, 0x00, 0x00, 0x00,
    0x00, 0x00, 0x00, 0x00, 0x00, 0x00, 0x00, 0x00, 0x00, 0x00, 0x00, 0x00, 0x00, 0x00, 0x00, 0x00,
    0x00, 0x00, 0x00, 0x00, 0x00, 0x00, 0x00, 0x00, 0x00, 0x00, 0x00, 0x00, 0x00, 0x00, 0x00, 0x00,
    0x00, 0x00, 0x00, 0x00, 0x00, 0x00, 0x00, 0x00, 0x00, 0x00, 0x00, 0x00, 0x00, 0x00, 0x00, 0x00,
    0x00, 0x00, 0x00, 0x00, 0x00, 0x00, 0x00, 0x00, 0x00, 0x00, 0x00, 0x00, 0x00, 0x00, 0x00, 0x00,
    0x00, 0x5E, 0xC6, 0xB2, 0x71, 0x53, 0x51, 0x53, 0x00, 0x62, 0xC6, 0xB2, 0x71, 0x53, 0x51, 0x55,
    0x00, 0x62, 0xC1, 0xB2, 0x6C, 0x51, 0x51, 0x52, 0x00, 0x62, 0xC6, 0xB2, 0x6C, 0x51, 0x51, 0x51,
    0x55, 0xC9, 0xDA, 0xF1, 0xF2, 0xF2, 0xE1, 0x59, 0x5D, 0xEC, 0xF7, 0xED, 0x6C, 0x82, 0xD9, 0x59,
    0x59, 0xEB, 0xE8, 0x4E, 0x46, 0x4B, 0x55, 0x59, 0x55, 0xDE, 0x46, 0x4B, 0x59, 0x57, 0x55, 0x59,
    0x5D, 0x5D, 0x5E, 0x60, 0x60, 0x62, 0x62, 0x60, 0x5D, 0x59, 0x5D, 0x5E, 0x5E, 0x60, 0x5E, 0x62,
    0x5B, 0x5D, 0x5D, 0x5E, 0x5E, 0x60, 0x60, 0x62, 0x5B, 0x5D, 0x5E, 0x5E, 0x5E, 0x60, 0x62, 0x62,
    0x62, 0x65, 0x67, 0x67, 0x6A, 0x6C, 0x71, 0x80, 0x65, 0x63, 0x65, 0x67, 0x6A, 0x67, 0x71, 0x85,
    0x65, 0x65, 0x67, 0x67, 0x59, 0x8F, 0x8F, 0x8F, 0x63, 0x63, 0x67, 0x6C, 0xDA, 0xE2, 0xDA, 0x8F,
    0x8F, 0x8F, 0xDC, 0xFA, 0xF8, 0xF8, 0xF9, 0xFC, 0x97, 0x73, 0xEC, 0xFA, 0xF8, 0xF8, 0xF7, 0xFD,
    0x97, 0x65, 0xF6, 0xF8, 0xF8, 0xF8, 0xF8, 0xFB, 0x9F, 0xA6, 0xFA, 0xF6, 0xF8, 0xF8, 0xF9, 0xFA,
    0xC9, 0x9F, 0xCC, 0xDA, 0xEB, 0x97, 0x85, 0xA5, 0xE4, 0xA4, 0xDE, 0xED, 0xED, 0x78, 0x85, 0x9F,
    0xF1, 0x9F, 0xD1, 0xE1, 0xE8, 0xB1, 0x8F, 0x9F, 0xF9, 0x80, 0xE4, 0xE2, 0xD0, 0x9F, 0x85, 0xA4,
    0xD5, 0xE1, 0xE1, 0x02, 0x00, 0x00, 0x00, 0x00, 0xD7, 0xE1, 0xE1, 0x02, 0x00, 0x00, 0x00, 0x00,
    0xD5, 0xE1, 0xE1, 0x02, 0x00, 0x00, 0x00, 0x00, 0xD7, 0xE1, 0xE1, 0x02, 0x00, 0x00, 0x00, 0x00,
    0x00, 0x00, 0x00, 0x00, 0x00, 0x00, 0x00, 0x00, 0x00, 0x00, 0x00, 0x00, 0x00, 0x00, 0x00, 0x00,
    0x00, 0x00, 0x00, 0x00, 0x00, 0x00, 0x00, 0x00, 0x00, 0x00, 0x00, 0x00, 0x00, 0x00, 0x00, 0x00,
    0x00, 0x00, 0x00, 0x00, 0x00, 0x00, 0x00, 0x00, 0x00, 0x00, 0x00, 0x00, 0x00, 0x00, 0x00, 0x00,
    0x00, 0x00, 0x00, 0x00, 0x00, 0x00, 0x00, 0x00, 0x00, 0x00, 0x00, 0x00, 0x00, 0x00, 0x00, 0x00,
    0x00, 0x00, 0x00, 0x00, 0x00, 0x00, 0x00, 0x00, 0x00, 0x00, 0x00, 0x00, 0x00, 0x00, 0x00, 0x00,
    0x00, 0x00, 0x00, 0x00, 0x00, 0x00, 0x00, 0x00, 0x00, 0x00, 0x00, 0x00, 0x00, 0x00, 0x00, 0x00,
    0x00, 0x00, 0x00, 0x00, 0x00, 0x00, 0x00, 0x00, 0x00, 0x00, 0x00, 0x00, 0x00, 0x00, 0x00, 0x00,
    0x00, 0x00, 0x00, 0x00, 0x00, 0x00, 0x00, 0x00, 0x00, 0x00, 0x00, 0x00, 0x00, 0x00, 0x00, 0x00,
    0x00, 0x00, 0x00, 0x00, 0x00, 0x00, 0x00, 0x00, 0x00, 0x00, 0x00, 0x00, 0x00, 0x00, 0x00, 0x00,
    0x00, 0x00, 0x00, 0x00, 0x00, 0x00, 0x00, 0x00, 0x00, 0x00, 0x00, 0x00, 0x00, 0x00, 0x00, 0x00,
    0x19, 0xDA, 0xC4, 0xCF, 0xD3, 0xCF, 0xC4, 0xB5, 0x19, 0xDA, 0xB9, 0xDC, 0xDA, 0x66, 0xCB, 0xB5,
    0x21, 0xD9, 0xBF, 0xD7, 0xD7, 0xC4, 0xBF, 0xAE, 0x1D, 0xD9, 0xBF, 0xD5, 0xD7, 0x93, 0xB9, 0xA9,
    0xB9, 0xB9, 0xAE, 0xB5, 0xAE, 0xAE, 0xA3, 0xB9, 0xB9, 0xBF, 0xB5, 0xA9, 0xAE, 0xAE, 0xAE, 0xB9,
    0xB5, 0xB5, 0xB5, 0xA9, 0xA3, 0xA9, 0xAE, 0xAE, 0xB5, 0xAE, 0xA9, 0xAE, 0x9A, 0x9A, 0xAE, 0xB9,
    0xAE, 0xAE, 0xAE, 0xAE, 0xA9, 0xA3, 0xA9, 0xAE, 0xAE, 0xA9, 0xB5, 0xA9, 0xA9, 0xA9, 0xA9, 0xA9,
    0xA9, 0xA3, 0xA3, 0x93, 0xA9, 0xA3, 0x9A, 0xA3, 0xB5, 0xA9, 0xAE, 0xA9, 0xA9, 0xA9, 0xAE, 0xAE,
    0xAE, 0xA9, 0xA9, 0xA9, 0xAE, 0xA9, 0xA9, 0xAE, 0xAE, 0xAE, 0xA9, 0xA9, 0xA9, 0xAE, 0xAE, 0xB5,
    0xA3, 0xA9, 0xA9, 0xA9, 0xA3, 0xAE, 0xAE, 0xAE, 0xA9, 0xA3, 0xA9, 0xA9, 0xA3, 0xA3, 0xA3, 0xA9,
    0xA9, 0xA3, 0x9A, 0xA3, 0x9A, 0x9A, 0x9A, 0xA3, 0xA9, 0xA9, 0xA9, 0x9A, 0x9A, 0x93, 0x93, 0x9A,
    0xAE, 0xA9, 0x9A, 0x9A, 0xA3, 0x9A, 0x93, 0x93, 0xA9, 0xA3, 0xA3, 0xA3, 0xA3, 0xA3, 0x9A, 0x9A,
    0x9A, 0xA9, 0x7C, 0x88, 0x8D, 0x8D, 0x88, 0x76, 0x9A, 0x9A, 0x88, 0x76, 0x88, 0x7C, 0x7C, 0x7C,
    0x93, 0x93, 0x8D, 0x7C, 0x7C, 0x88, 0x7C, 0x7C, 0x93, 0x88, 0x88, 0x88, 0x88, 0x7C, 0x8D, 0x7C,
    0x88, 0x7C, 0x76, 0x88, 0x88, 0x88, 0x7C, 0x7C, 0x7C, 0x74, 0x7C, 0x88, 0x7C, 0x88, 0x8D, 0x76,
    0x88, 0x76, 0x7C, 0x76, 0x88, 0x88, 0x88, 0x7C, 0x76, 0x7C, 0x7C, 0x7C, 0x8D, 0x88, 0x76, 0x7C,
    0x76, 0x7C, 0x7C, 0x88, 0x7C, 0x88, 0x88, 0x7C, 0x7C, 0x88, 0x88, 0x76, 0x7C, 0x88, 0x88, 0x7C,
    0x88, 0x88, 0x76, 0x7C, 0x88, 0x7C, 0x76, 0x76, 0x7C, 0x74, 0x7C, 0x7C, 0x7C, 0x76, 0x76, 0x76,
    0x7C, 0x88, 0x88, 0x88, 0x7C, 0x93, 0x93, 0x54, 0x76, 0x88, 0x7C, 0x88, 0x88, 0x88, 0x88, 0x88,
    0x88, 0x76, 0x88, 0x88, 0x88, 0x8D, 0x9A, 0x74, 0x88, 0x76, 0x76, 0x7C, 0x88, 0x8D, 0x8D, 0x69,
    0x4B, 0x52, 0x47, 0x52, 0x7C, 0x88, 0x88, 0xA3, 0x7C, 0x74, 0x76, 0x88, 0x74, 0x88, 0x88, 0x7C,
    0x61, 0x66, 0x66, 0x69, 0x7C, 0x93, 0x76, 0x88, 0x61, 0x69, 0x61, 0x66, 0x76, 0x7C, 0x76, 0x88,
    0x66, 0x50, 0x50, 0x4B, 0x52, 0x76, 0x93, 0x88, 0x76, 0x76, 0x74, 0x69, 0x76, 0x76, 0x88, 0x93,
    0x76, 0x5F, 0x61, 0x61, 0x69, 0x88, 0x8D, 0x8D, 0x69, 0x5F, 0x61, 0x5C, 0x5F, 0x7C, 0x93, 0x8D,
    0x88, 0x93, 0x88, 0x88, 0x88, 0x7C, 0x7C, 0x88, 0x8D, 0x88, 0x76, 0x7C, 0x7C, 0x7C, 0x7C, 0x7C,
    0x93, 0x76, 0x76, 0x88, 0x88, 0x88, 0x88, 0x7C, 0x93, 0x76, 0x7C, 0x8D, 0x88, 0x88, 0x8D, 0x8D,
    0x88, 0x88, 0x88, 0x88, 0x88, 0x8D, 0x93, 0x9A, 0x88, 0x7C, 0x7C, 0x7C, 0x8D, 0x8D, 0x88, 0x9A,
    0x7C, 0x7C, 0x7C, 0x8D, 0x93, 0x8D, 0x9A, 0xA9, 0x93, 0x88, 0x7C, 0x8D, 0x8D, 0xA3, 0xAE, 0xAE,
    0x9A, 0x9A, 0x9A, 0xA3, 0xA9, 0xA9, 0xA9, 0xAE, 0x93, 0x8D, 0x93, 0xA3, 0xA3, 0xA3, 0xA9, 0xA9,
    0xA3, 0x9A, 0x9A, 0xA9, 0xA3, 0xA3, 0xA3, 0x9A, 0xA9, 0xA9, 0xAE, 0xAE, 0xA3, 0x9A, 0x9A, 0x93,
    0xA9, 0xA3, 0xA3, 0xA3, 0x9A, 0x9A, 0x93, 0xB9, 0xA3, 0xA9, 0xA3, 0x9A, 0x9A, 0xA9, 0x93, 0xB5,
    0x93, 0xAE, 0xB9, 0xA3, 0x9A, 0xA3, 0x93, 0xAE, 0x9A, 0xA9, 0xAE, 0xA9, 0xA3, 0x9A, 0x8D, 0xAE,
    0xDE, 0xE4, 0xE2, 0xD8, 0xCE, 0xE9, 0xD7, 0x13, 0xDE, 0xE2, 0xE2, 0xD8, 0xCD, 0xE8, 0xD3, 0x11,
    0xDE, 0xE2, 0xE2, 0xD7, 0xCB, 0xE8, 0xD5, 0x11, 0xDE, 0xE4, 0xE2, 0xD5, 0xC8, 0xE9, 0xD9, 0x19,
    0x00, 0x00, 0x00, 0x00, 0x00, 0x00, 0x00, 0x00, 0x00, 0x00, 0x00, 0x00, 0x00, 0x00, 0x00, 0x00,
    0x00, 0x00, 0x00, 0x00, 0x00, 0x00, 0x00, 0x00, 0x00, 0x00, 0x00, 0x00, 0x00, 0x00, 0x00, 0x00,
    0x00, 0x00, 0x00, 0x00, 0x00, 0x00, 0x00, 0x00, 0x00, 0x00, 0x00, 0x00, 0x00, 0x00, 0x00, 0x00,
    0x00, 0x00, 0x00, 0x00, 0x00, 0x00, 0x00, 0x00, 0x00, 0x00, 0x00, 0x00, 0x00, 0x00, 0x00, 0x00,
    0x00, 0x00, 0x00, 0x00, 0x00, 0x00, 0x00, 0x00, 0x00, 0x00, 0x00, 0x00, 0x00, 0x00, 0x00, 0x00,
    0x00, 0x00, 0x00, 0x00, 0x00, 0x00, 0x00, 0x00, 0x00, 0x00, 0x00, 0x00, 0x00, 0x00, 0x00, 0x00,
    0x00, 0x00, 0x00, 0x00, 0x00, 0x00, 0x00, 0x00, 0x00, 0x00, 0x00, 0x00, 0x00, 0x00, 0x00, 0x00,
    0x00, 0x00, 0x00, 0x00, 0x00, 0x00, 0x00, 0x00, 0x00, 0x00, 0x00, 0x00, 0x00, 0x00, 0x00, 0x00,
    0x00, 0x67, 0xC6, 0xB2, 0x6C, 0x51, 0x51, 0x53, 0x00, 0x60, 0xC1, 0xB2, 0x6F, 0x52, 0x51, 0x51,
    0x00, 0x07, 0xC1, 0xB2, 0x6C, 0x51, 0x4E, 0x51, 0x00, 0x02, 0xC1, 0xB6, 0x71, 0x52, 0x4E, 0x51,
    0x55, 0xC6, 0x38, 0x27, 0x27, 0x28, 0x49, 0x59, 0x59, 0xE8, 0xEA, 0xE6, 0xE1, 0xE1, 0xC1, 0x5D,
    0x57, 0xEB, 0xED, 0xEC, 0xF2, 0xF7, 0xE1, 0x5D, 0x53, 0xD2, 0x20, 0xBD, 0xF3, 0xED, 0x63, 0x59,
    0x5D, 0x59, 0x5D, 0x5E, 0x5E, 0x62, 0x62, 0x62, 0x5B, 0x5D, 0x5D, 0x5E, 0x60, 0x63, 0x62, 0x62,
    0x5D, 0x5B, 0x5E, 0x5E, 0x5D, 0x60, 0x62, 0x62, 0x5B, 0x5D, 0x5D, 0x5D, 0x5D, 0x5E, 0x60, 0x57,
    0x63, 0x66, 0x67, 0x6F, 0xE4, 0xE8, 0xDC, 0x97, 0x65, 0x67, 0x67, 0x6C, 0xD5, 0xEB, 0xE4, 0x8F,
    0x3B, 0x57, 0x67, 0x63, 0xE2, 0xE3, 0xE5, 0x8F, 0xD2, 0x62, 0x63, 0x71, 0xD8, 0xED, 0xDE, 0x85,
    0x8F, 0xE2, 0xFA, 0xF5, 0xF7, 0xF7, 0xF8, 0xF9, 0x83, 0xDE, 0xFB, 0xF9, 0xFA, 0xFA, 0xFA, 0xFB,
    0x85, 0x71, 0xEC, 0xF1, 0xF1, 0xF1, 0xEF, 0xEC, 0x85, 0x85, 0x4B, 0x50, 0x4D, 0x47, 0x40, 0x3B,
    0xFA, 0x63, 0xD9, 0xB6, 0xE2, 0x85, 0x85, 0x9F, 0xF5, 0x6C, 0xD8, 0xEE, 0xE8, 0xC9, 0x85, 0xA5,
    0xCE, 0x85, 0xD9, 0xEF, 0xD4, 0xC1, 0x85, 0xA5, 0x59, 0x85, 0xA5, 0x78, 0xC1, 0x80, 0x85, 0xA4,
    0xD5, 0xE1, 0xE1, 0x02, 0x00, 0x00, 0x00, 0x00, 0xD7, 0xE1, 0xE1, 0x02, 0x00, 0x00, 0x00, 0x00,
    0xD7, 0xE1, 0xE1, 0x02, 0x00, 0x00, 0x00, 0x00, 0xD5, 0xE1, 0xE1, 0x02, 0x00, 0x00, 0x00, 0x00,
    0x00, 0x00, 0x00, 0x00, 0x00, 0x00, 0x00, 0x00, 0x00, 0x00, 0x00, 0x00, 0x00, 0x00, 0x00, 0x00,
    0x00, 0x00, 0x00, 0x00, 0x00, 0x00, 0x00, 0x00, 0x00, 0x00, 0x00, 0x00, 0x00, 0x00, 0x00, 0x00,
    0x00, 0x00, 0x00, 0x00, 0x00, 0x00, 0x00, 0x00, 0x00, 0x00, 0x00, 0x00, 0x00, 0x00, 0x00, 0x00,
    0x00, 0x00, 0x00, 0x00, 0x00, 0x00, 0x00, 0x00, 0x00, 0x00, 0x00, 0x00, 0x00, 0x00, 0x00, 0x00,
    0x00, 0x00, 0x00, 0x00, 0x00, 0x00, 0x00, 0x00, 0x00, 0x00, 0x00, 0x00, 0x00, 0x00, 0x00, 0x00,
    0x00, 0x00, 0x00, 0x00, 0x00, 0x00, 0x00, 0x00, 0x00, 0x00, 0x00, 0x00, 0x00, 0x00, 0x00, 0x00,
    0x00, 0x00, 0x00, 0x00, 0x00, 0x00, 0x00, 0x00, 0x00, 0x00, 0x00, 0x00, 0x00, 0x00, 0x00, 0x00,
    0x00, 0x00, 0x00, 0x00, 0x00, 0x00, 0x00, 0x00, 0x00, 0x00, 0x00, 0x00, 0x00, 0x00, 0x00, 0x00,
    0x00, 0x00, 0x00, 0x00, 0x00, 0x00, 0x00, 0x00, 0x00, 0x00, 0x00, 0x00, 0x00, 0x00, 0x00, 0x00,
    0x00, 0x00, 0x00, 0x00, 0x00, 0x00, 0x00, 0x00, 0x00, 0x00, 0x00, 0x00, 0x00, 0x00, 0x00, 0x00,
    0x21, 0xD9, 0xB5, 0xDA, 0xD7, 0x69, 0xB9, 0xA9, 0x1D, 0xDA, 0xBF, 0xCE, 0xD5, 0xCB, 0xB5, 0xAE,
    0x21, 0xDA, 0xB5, 0xDC, 0xD7, 0x5C, 0xBF, 0xAE, 0x1B, 0xD9, 0xBF, 0xD5, 0xCF, 0xA3, 0xB5, 0xA9,
    0xAE, 0xA9, 0x9A, 0x93, 0x88, 0xAE, 0xBF, 0xC8, 0xA9, 0xA3, 0x93, 0xA3, 0xD9, 0xDE, 0xDE, 0xDC,
    0xA9, 0xA9, 0x93, 0xB9, 0xCB, 0xC8, 0xC8, 0xCB, 0xA3, 0xA9, 0x9A, 0xAE, 0x74, 0x88, 0x76, 0x76,
    0xC8, 0xC4, 0xBF, 0xBF, 0xB5, 0xAE, 0xAE, 0xC4, 0xDC, 0xDA, 0xDC, 0xDC, 0xDC, 0xDE, 0xDE, 0xCB,
    0xC8, 0xC8, 0xC4, 0xC4, 0xC4, 0xA3, 0xE1, 0xE1, 0x88, 0x8D, 0x7C, 0x74, 0x8D, 0x59, 0xD7, 0xE4,
    0xC8, 0xAE, 0xA3, 0xA9, 0xAE, 0xA3, 0xA9, 0xA3, 0xCF, 0xB9, 0xA3, 0xA9, 0xA3, 0xA9, 0xA3, 0xA3,
    0xCE, 0xB9, 0xA9, 0xA9, 0xA3, 0xA9, 0xA3, 0x9A, 0xCB, 0xB9, 0xA9, 0xA3, 0xA3, 0xAE, 0xA3, 0x9A,
    0xA9, 0xA3, 0xA3, 0x9A, 0x9A, 0x9A, 0xA3, 0x93, 0xA9, 0xA3, 0x9A, 0x9A, 0x93, 0x9A, 0x93, 0x8D,
    0x9A, 0x9A, 0x93, 0x9A, 0x8D, 0x93, 0x88, 0x88, 0x93, 0x9A, 0x9A, 0x93, 0x93, 0x93, 0x8D, 0x7C,
    0x8D, 0x76, 0x88, 0x88, 0x7C, 0x7C, 0x88, 0x7C, 0x88, 0x7C, 0x88, 0x88, 0x76, 0x88, 0x76, 0x76,
    0x7C, 0x7C, 0x7C, 0x7C, 0x88, 0x7C, 0x7C, 0x76, 0x88, 0x7C, 0x88, 0x76, 0x7C, 0x7C, 0x7C, 0x76,
    0x7C, 0x76, 0x76, 0x88, 0x7C, 0x7C, 0x76, 0x76, 0x74, 0x7C, 0x7C, 0x76, 0x74, 0x74, 0x88, 0x76,
    0x74, 0x7C, 0x7C, 0x7C, 0x69, 0x74, 0x88, 0x88, 0x76, 0x76, 0x74, 0x76, 0x74, 0x76, 0x76, 0x7C,
    0x7C, 0x76, 0x76, 0x76, 0x7C, 0x76, 0x76, 0x7C, 0x76, 0x88, 0x74, 0x74, 0x7C, 0x76, 0x76, 0x7C,
    0x88, 0x7C, 0x76, 0x76, 0x7C, 0x74, 0x7C, 0x93, 0x8D, 0x7C, 0x7C, 0x7C, 0x69, 0x74, 0x7C, 0x88,
    0x7C, 0x7C, 0x7C, 0x88, 0x8D, 0x76, 0x74, 0x69, 0x7C, 0x7C, 0x8D, 0x93, 0x7C, 0x7C, 0xB5, 0x7C,
    0x93, 0x88, 0x88, 0x8D, 0x88, 0x88, 0x76, 0x69, 0x74, 0x76, 0x88, 0x88, 0x88, 0x88, 0x69, 0x74,
    0x76, 0x76, 0x69, 0x69, 0x74, 0x76, 0x88, 0x7C, 0x69, 0x76, 0x74, 0x76, 0x7C, 0x8D, 0x7C, 0x7C,
    0x74, 0x74, 0x74, 0x69, 0x76, 0x93, 0x8D, 0x74, 0x76, 0x61, 0x5C, 0x69, 0x88, 0x8D, 0x93, 0x88,
    0x74, 0x7C, 0x76, 0x76, 0x88, 0x7C, 0x88, 0x8D, 0x76, 0x66, 0x66, 0x76, 0x93, 0x8D, 0x7C, 0x8D,
    0x69, 0x66, 0x5F, 0x5F, 0x69, 0x76, 0x7C, 0x7C, 0x74, 0x66, 0x69, 0x66, 0x5C, 0x66, 0x7C, 0x7C,
    0x7C, 0x7C, 0x8D, 0x8D, 0x88, 0x88, 0x88, 0x88, 0x8D, 0x8D, 0x88, 0x74, 0x76, 0x88, 0x7C, 0x7C,
    0x88, 0x8D, 0x7C, 0x76, 0x74, 0x74, 0x76, 0x76, 0x88, 0x7C, 0x76, 0x7C, 0x74, 0x76, 0x7C, 0x76,
    0x88, 0x7C, 0x7C, 0x8D, 0x9A, 0xA3, 0x93, 0x8D, 0x7C, 0x7C, 0x8D, 0x88, 0x93, 0x8D, 0x93, 0xD3,
    0x7C, 0x88, 0x93, 0x8D, 0x88, 0x74, 0xC8, 0xD1, 0x74, 0x7C, 0x8D, 0x93, 0x8D, 0x74, 0xC8, 0xC4,
    0xA9, 0xB9, 0xA9, 0x93, 0xA3, 0xA3, 0xA3, 0x93, 0xE1, 0xDE, 0xDA, 0xDC, 0xDC, 0xDA, 0xDC, 0xDA,
    0x7C, 0x7C, 0x9A, 0x9A, 0x88, 0x93, 0x93, 0x93, 0x52, 0x5F, 0x5F, 0x59, 0x5F, 0x61, 0x54, 0x5C,
    0x8D, 0x93, 0x7C, 0xA9, 0x9A, 0x9A, 0x93, 0xA9, 0xDC, 0xDE, 0xCF, 0x8D, 0x93, 0x9A, 0x8D, 0xA9,
    0x7C, 0xB5, 0xDC, 0xCD, 0x88, 0xA9, 0x7C, 0xA9, 0x50, 0x5C, 0xD9, 0xD3, 0x76, 0xA9, 0x88, 0xB5,
    0xDE, 0xE2, 0xE2, 0xD8, 0xCD, 0xE9, 0xD8, 0x1B, 0xDE, 0xE2, 0xE2, 0xD7, 0xC8, 0xE9, 0xD8, 0x19,
    0xDE, 0xE2, 0xE2, 0xD5, 0xC4, 0xE9, 0xD9, 0x19, 0xDE, 0xE2, 0xE2, 0xD5, 0xC4, 0xE9, 0xD9, 0x19,
    0x00, 0x00, 0x00, 0x00, 0x00, 0x00, 0x00, 0x00, 0x00, 0x00, 0x00, 0x00, 0x00, 0x00, 0x00, 0x00,
    0x00, 0x00, 0x00, 0x00, 0x00, 0x00, 0x00, 0x00, 0x00, 0x00, 0x00, 0x00, 0x00, 0x00, 0x00, 0x00,
    0x00, 0x00, 0x00, 0x00, 0x00, 0x00, 0x00, 0x00, 0x00, 0x00, 0x00, 0x00, 0x00, 0x00, 0x00, 0x00,
    0x00, 0x00, 0x00, 0x00, 0x00, 0x00, 0x00, 0x00, 0x00, 0x00, 0x00, 0x00, 0x00, 0x00, 0x00, 0x00,
    0x00, 0x00, 0x00, 0x00, 0x00, 0x00, 0x00, 0x00, 0x00, 0x00, 0x00, 0x00, 0x00, 0x00, 0x00, 0x00,
    0x00, 0x00, 0x00, 0x00, 0x00, 0x00, 0x00, 0x00, 0x00, 0x00, 0x00, 0x00, 0x00, 0x00, 0x00, 0x00,
    0x00, 0x00, 0x00, 0x00, 0x00, 0x00, 0x00, 0x00, 0x00, 0x00, 0x00, 0x00, 0x00, 0x00, 0x00, 0x00,
    0x00, 0x00, 0x00, 0x00, 0x00, 0x00, 0x03, 0x16, 0x00, 0x00, 0x00, 0x05, 0xAE, 0xEF, 0xF9, 0xFB,
    0x00, 0x00, 0x67, 0xBD, 0x6C, 0x52, 0x50, 0x52, 0x00, 0x00, 0x21, 0x67, 0x6E, 0x53, 0x52, 0x52,
    0x91, 0xE5, 0xD8, 0x57, 0x80, 0x52, 0x50, 0x51, 0xFB, 0xFB, 0xED, 0x71, 0x80, 0x51, 0x51, 0x52,
    0x52, 0x25, 0xCC, 0xF4, 0xEE, 0x59, 0x38, 0x59, 0x52, 0xB6, 0xF2, 0xEE, 0x33, 0x28, 0xA5, 0x59,
    0x57, 0xEB, 0xF5, 0xE8, 0xDA, 0xE5, 0xE2, 0x5B, 0x55, 0xEB, 0xED, 0xEC, 0xEF, 0xF1, 0xE2, 0x5D,
    0x59, 0x5B, 0x5D, 0x5E, 0x59, 0x3F, 0x3D, 0x60, 0x59, 0x59, 0x5B, 0x5D, 0x40, 0xC6, 0xD1, 0xD2,
    0x59, 0x59, 0x5B, 0x48, 0xEA, 0xF7, 0xF7, 0xF2, 0x59, 0x59, 0x5B, 0x6C, 0xF6, 0xEB, 0xEA, 0xE6,
    0xF5, 0xEA, 0x57, 0x71, 0xE8, 0xE1, 0xDE, 0x85, 0xE5, 0xF4, 0x71, 0x6C, 0xDE, 0xEA, 0xE2, 0x71,
    0xEA, 0xEC, 0xD1, 0x63, 0xD2, 0xEB, 0xE4, 0x78, 0xF1, 0xD5, 0xE1, 0x65, 0xD9, 0xD2, 0xE2, 0x71,
    0x85, 0x80, 0x80, 0x71, 0x6C, 0x6C, 0x71, 0x71, 0x78, 0x71, 0x71, 0x6C, 0x71, 0x78, 0x78, 0x78,
    0x6C, 0x6C, 0x6C, 0x6C, 0x71, 0x80, 0x78, 0x78, 0x6A, 0x67, 0x71, 0x6C, 0x71, 0x78, 0x78, 0x80,
    0x80, 0x80, 0x75, 0x6C, 0x6E, 0x80, 0x85, 0xA5, 0x80, 0x80, 0x85, 0x85, 0x85, 0x85, 0x85, 0xA4,
    0x80, 0x80, 0x85, 0x80, 0x85, 0x85, 0x85, 0x9F, 0x80, 0x80, 0x80, 0x85, 0x85, 0x80, 0x85, 0xA4,
    0xD5, 0xE1, 0xE1, 0x02, 0x00, 0x00, 0x00, 0x00, 0xD5, 0xE1, 0xE1, 0x02, 0x00, 0x00, 0x00, 0x00,
    0xD5, 0xE1, 0xE1, 0x02, 0x00, 0x00, 0x00, 0x00, 0xD5, 0xE1, 0xE1, 0x02, 0x00, 0x00, 0x00, 0x00,
    0x00, 0x00, 0x00, 0x00, 0x00, 0x00, 0x00, 0x00, 0x00, 0x00, 0x00, 0x00, 0x00, 0x00, 0x00, 0x00,
    0x00, 0x00, 0x00, 0x00, 0x00, 0x00, 0x00, 0x00, 0x00, 0x00, 0x00, 0x00, 0x00, 0x00, 0x00, 0x00,
    0x00, 0x00, 0x00, 0x00, 0x00, 0x00, 0x00, 0x00, 0x00, 0x00, 0x00, 0x00, 0x00, 0x00, 0x00, 0x00,
    0x00, 0x00, 0x00, 0x00, 0x00, 0x00, 0x00, 0x00, 0x00, 0x00, 0x00, 0x00, 0x00, 0x00, 0x00, 0x00,
    0x00, 0x00, 0x00, 0x00, 0x00, 0x00, 0x00, 0x00, 0x00, 0x00, 0x00, 0x00, 0x00, 0x00, 0x00, 0x00,
    0x00, 0x00, 0x00, 0x00, 0x00, 0x00, 0x00, 0x00, 0x00, 0x00, 0x00, 0x00, 0x00, 0x00, 0x00, 0x00,
    0x00, 0x00, 0x00, 0x00, 0x00, 0x00, 0x00, 0x00, 0x00, 0x00, 0x00, 0x00, 0x00, 0x00, 0x00, 0x00,
    0x00, 0x00, 0x00, 0x00, 0x00, 0x00, 0x00, 0x00, 0x00, 0x00, 0x00, 0x00, 0x00, 0x00, 0x00, 0x00,
    0x00, 0x00, 0x00, 0x00, 0x00, 0x00, 0x00, 0x00, 0x00, 0x00, 0x00, 0x00, 0x00, 0x00, 0x00, 0x00,
    0x00, 0x00, 0x00, 0x00, 0x00, 0x00, 0x00, 0x00, 0x00, 0x00, 0x00, 0x00, 0x00, 0x00, 0x00, 0x00,
    0x26, 0xD8, 0xC4, 0xCB, 0xCE, 0xCF, 0xB5, 0xAE, 0x2C, 0xD7, 0xBF, 0xCF, 0xCF, 0xCB, 0xAE, 0xAE,
    0x2C, 0xD8, 0xC4, 0xCF, 0xCF, 0xCD, 0xAE, 0xA9, 0x36, 0xD9, 0xC4, 0xCF, 0xCF, 0xCD, 0xB5, 0xA9,
    0xA3, 0x9A, 0x9A, 0xA9, 0x76, 0x93, 0xEF, 0xF1, 0xA9, 0x93, 0x93, 0xB5, 0x88, 0x8D, 0xF1, 0xF5,
    0xA9, 0xA3, 0x93, 0xAE, 0x8D, 0x8D, 0xF1, 0xF7, 0xAE, 0x9A, 0x93, 0xAE, 0x88, 0x93, 0xF1, 0xF7,
    0xF2, 0xF1, 0xF1, 0xEE, 0xB9, 0x74, 0xD5, 0xE2, 0xF6, 0xF6, 0xF5, 0xF1, 0xB9, 0x69, 0xD7, 0xE2,
    0xF8, 0xF8, 0xF7, 0xF2, 0xA9, 0x66, 0xD8, 0xE2, 0xF8, 0xF8, 0xF6, 0xF3, 0xAE, 0x74, 0xD7, 0xE2,
    0xBF, 0xB5, 0xA3, 0xA3, 0xA9, 0xA9, 0x9A, 0xA9, 0xBF, 0xB9, 0xA9, 0xA3, 0xAE, 0xA9, 0x9A, 0xA3,
    0xBF, 0xB5, 0xA3, 0xA9, 0xA9, 0xA9, 0xA3, 0xA3, 0xB5, 0xAE, 0xA9, 0xA3, 0xA3, 0xA9, 0xA9, 0xA9,
    0xA3, 0x9A, 0xA3, 0x93, 0x9A, 0x9A, 0x8D, 0x7C, 0x9A, 0x9A, 0x9A, 0x93, 0x93, 0x93, 0x8D, 0x8D,
    0x9A, 0xA3, 0x9A, 0x9A, 0x9A, 0x9A, 0x93, 0x93, 0xA3, 0x9A, 0xA3, 0xA3, 0xA3, 0x9A, 0x93, 0x93,
    0x88, 0x88, 0x7C, 0x88, 0x7C, 0x76, 0x7C, 0x7C, 0x88, 0x8D, 0x88, 0x7C, 0x8D, 0x7C, 0x74, 0x7C,
    0x8D, 0x8D, 0x8D, 0x88, 0x7C, 0x7C, 0x76, 0x76, 0x88, 0x88, 0x88, 0x88, 0x74, 0x74, 0x7C, 0x7C,
    0x7C, 0x76, 0x76, 0x74, 0x7C, 0x7C, 0x7C, 0x88, 0x76, 0x76, 0x76, 0x74, 0x76, 0x88, 0x69, 0x69,
    0x76, 0x74, 0x74, 0x74, 0x7C, 0x7C, 0x69, 0x74, 0x7C, 0x74, 0x76, 0x76, 0x76, 0x76, 0x7C, 0x76,
    0x88, 0x7C, 0x7C, 0x76, 0x66, 0x76, 0x7C, 0x74, 0x76, 0x88, 0x76, 0x74, 0x7C, 0x7C, 0x69, 0x74,
    0x76, 0x7C, 0x74, 0x76, 0x76, 0x76, 0x74, 0x7C, 0x76, 0x76, 0x76, 0x76, 0x74, 0x76, 0x69, 0x69,
    0x69, 0x76, 0x7C, 0x7C, 0x7C, 0x88, 0x7C, 0x88, 0x76, 0x7C, 0x7C, 0x7C, 0x8D, 0x88, 0x74, 0x69,
    0x74, 0x76, 0x88, 0x7C, 0x7C, 0x76, 0x88, 0x7C, 0x76, 0x76, 0x76, 0x7C, 0x74, 0x69, 0x69, 0x76,
    0x88, 0x69, 0x5F, 0x69, 0x76, 0x88, 0x76, 0x88, 0x74, 0x69, 0x66, 0x66, 0x74, 0x7C, 0x74, 0x7C,
    0x69, 0x66, 0x5F, 0x61, 0x69, 0x69, 0x69, 0x76, 0x69, 0x69, 0x66, 0x61, 0x66, 0x74, 0x74, 0x76,
    0x88, 0x7C, 0x7C, 0x74, 0x61, 0x66, 0x69, 0x88, 0x76, 0x74, 0x69, 0x66, 0x66, 0x5F, 0x69, 0x7C,
    0x66, 0x5F, 0x61, 0x66, 0x66, 0x5F, 0x61, 0x66, 0x74, 0x66, 0x61, 0x69, 0x69, 0x66, 0x61, 0x5F,
    0x7C, 0x76, 0x88, 0x76, 0x76, 0x7C, 0x7C, 0x76, 0x7C, 0x76, 0x76, 0x76, 0x69, 0x76, 0x7C, 0x76,
    0x61, 0x66, 0x69, 0x66, 0x74, 0x76, 0x76, 0x74, 0x61, 0x69, 0x69, 0x61, 0x66, 0x7C, 0x76, 0x7C,
    0x74, 0x7C, 0x88, 0x88, 0x88, 0x74, 0xC4, 0xCB, 0x74, 0x7C, 0x7C, 0x7C, 0x88, 0x74, 0xC8, 0xCE,
    0x74, 0x69, 0x5F, 0x69, 0x88, 0x69, 0xC4, 0xCE, 0x69, 0x93, 0xC8, 0xA9, 0x76, 0x69, 0xC4, 0xCE,
    0x8D, 0x9A, 0xAE, 0xCB, 0xC8, 0xC4, 0xD3, 0xC4, 0x74, 0x9A, 0xEE, 0xF1, 0xF1, 0xF2, 0xF1, 0xEF,
    0x61, 0x8D, 0xF1, 0xF6, 0xF7, 0xF7, 0xF6, 0xF1, 0x66, 0x8D, 0xF2, 0xF7, 0xF7, 0xF7, 0xF7, 0xF1,
    0x7C, 0x88, 0xD8, 0xCF, 0x76, 0xA9, 0x93, 0xBF, 0x76, 0x7C, 0xD8, 0xD3, 0x7C, 0xA3, 0x88, 0xAE,
    0x69, 0x76, 0xD8, 0xD3, 0x76, 0xA3, 0x8D, 0xA9, 0x88, 0x7C, 0xD5, 0xCB, 0x74, 0xA3, 0x76, 0xA9,
    0xE1, 0xE2, 0xE2, 0xD7, 0xC4, 0xE9, 0xD8, 0x16, 0xDE, 0xE2, 0xE1, 0xD7, 0xC8, 0xE8, 0xD7, 0x16,
    0xDE, 0xE2, 0xE2, 0xD7, 0xBF, 0xE8, 0xD8, 0x16, 0xDE, 0xE2, 0xE2, 0xD7, 0xC4, 0xE9, 0xDA, 0x21,
    0x00, 0x00, 0x00, 0x00, 0x00, 0x00, 0x00, 0x00, 0x00, 0x00, 0x00, 0x00, 0x00, 0x00, 0x00, 0x00,
    0x00, 0x00, 0x00, 0x00, 0x00, 0x00, 0x00, 0x00, 0x00, 0x00, 0x00, 0x00, 0x00, 0x00, 0x00, 0x00,
    0x00, 0x00, 0x00, 0x00, 0x00, 0x00, 0x00, 0x00, 0x00, 0x00, 0x00, 0x00, 0x00, 0x00, 0x00, 0x00,
    0x00, 0x00, 0x00, 0x00, 0x00, 0x00, 0x00, 0x00, 0x00, 0x00, 0x00, 0x00, 0x00, 0x00, 0x00, 0x00,
    0x00, 0x00, 0x00, 0x00, 0x00, 0x00, 0x00, 0x00, 0x00, 0x00, 0x00, 0x00, 0x00, 0x00, 0x02, 0x54,
    0x00, 0x00, 0x00, 0x00, 0x00, 0x04, 0xEF, 0xFA, 0x00, 0x00, 0x00, 0x00, 0x22, 0xF9, 0xFA, 0xF9,
    0x02, 0x2C, 0xEF, 0xFA, 0xFA, 0xFB, 0xFA, 0xF9, 0xF4, 0xFB, 0xFB, 0xF9, 0xF6, 0xEF, 0xEC, 0xE6,
    0xFA, 0xF8, 0xF1, 0xEB, 0xE8, 0xE8, 0xEC, 0xF1, 0xF1, 0xEB, 0xEB, 0xEF, 0xF4, 0xF7, 0xF6, 0xE8,
    0xF7, 0xF3, 0xE1, 0x71, 0x82, 0x51, 0x50, 0x52, 0xE2, 0xE4, 0xD0, 0x86, 0x97, 0x52, 0x51, 0x51,
    0xF1, 0xF6, 0xE6, 0xEE, 0xB6, 0x50, 0x51, 0x52, 0xD1, 0x1B, 0x55, 0xE6, 0x85, 0x51, 0x4E, 0x51,
    0x55, 0xD9, 0x2E, 0x1C, 0x1F, 0x4C, 0xD1, 0x5D, 0x51, 0x33, 0x9F, 0xDE, 0xDC, 0x63, 0x3B, 0x59,
    0x50, 0x97, 0xF3, 0xF7, 0xF7, 0xF1, 0x6A, 0x59, 0x53, 0xEC, 0xEB, 0xD0, 0xD4, 0xEF, 0xE1, 0x59,
    0x59, 0x5B, 0x53, 0xE3, 0xF6, 0xEF, 0xEF, 0xEF, 0x59, 0x59, 0x53, 0xE1, 0xED, 0xEF, 0xEF, 0xF1,
    0x59, 0x59, 0x5D, 0x53, 0x4B, 0x4C, 0x4C, 0xD1, 0x5B, 0x5D, 0x5D, 0x55, 0x53, 0x55, 0x57, 0x97,
    0xF3, 0xF2, 0xE8, 0x67, 0xDE, 0xE1, 0xDE, 0x67, 0xEE, 0xF3, 0xD1, 0x7E, 0xC6, 0xEE, 0xDE, 0x71,
    0xE4, 0xE5, 0x8F, 0x73, 0xEB, 0xE4, 0x60, 0x5D, 0xF5, 0xEA, 0xB2, 0x5E, 0xC1, 0xE2, 0xE2, 0xCC,
    0x6C, 0x6C, 0x6C, 0x71, 0x71, 0x71, 0x78, 0x78, 0x6A, 0x6C, 0x6C, 0x71, 0x71, 0x71, 0x78, 0x78,
    0x67, 0x6C, 0x6C, 0x71, 0x6C, 0x71, 0x78, 0x78, 0x67, 0x6C, 0x6C, 0x71, 0x71, 0x71, 0x80, 0x80,
    0x85, 0x80, 0x80, 0x85, 0x85, 0x80, 0x85, 0x9D, 0x80, 0x80, 0x80, 0x85, 0x85, 0x80, 0x80, 0x9D,
    0x80, 0x78, 0x80, 0x80, 0x85, 0x85, 0x85, 0x9F, 0x80, 0x80, 0x71, 0x60, 0x67, 0x85, 0x85, 0x9D,
    0xD5, 0xE1, 0xE1, 0x02, 0x00, 0x00, 0x00, 0x00, 0xD5, 0xE1, 0xE1, 0x02, 0x00, 0x00, 0x00, 0x00,
    0xD5, 0xE1, 0xE1, 0x02, 0x00, 0x00, 0x00, 0x00, 0xD5, 0xE1, 0xE1, 0x02, 0x00, 0x00, 0x00, 0x00,
    0x00, 0x00, 0x00, 0x00, 0x00, 0x00, 0x00, 0x00, 0x00, 0x00, 0x00, 0x00, 0x00, 0x00, 0x00, 0x00,
    0x00, 0x00, 0x00, 0x00, 0x00, 0x00, 0x00, 0x00, 0x00, 0x00, 0x00, 0x00, 0x00, 0x00, 0x00, 0x00,
    0x00, 0x00, 0x00, 0x00, 0x00, 0x00, 0x00, 0x00, 0x00, 0x00, 0x00, 0x00, 0x00, 0x00, 0x00, 0x00,
    0x00, 0x00, 0x00, 0x00, 0x00, 0x00, 0x00, 0x00, 0x00, 0x00, 0x00, 0x00, 0x00, 0x00, 0x00, 0x00,
    0x00, 0x00, 0x00, 0x00, 0x00, 0x00, 0x00, 0x00, 0x00, 0x00, 0x00, 0x00, 0x00, 0x00, 0x00, 0x00,
    0x00, 0x00, 0x00, 0x00, 0x00, 0x00, 0x00, 0x00, 0x00, 0x00, 0x00, 0x00, 0x00, 0x00, 0x00, 0x00,
    0x00, 0x00, 0x00, 0x00, 0x00, 0x00, 0x00, 0x00, 0x00, 0x00, 0x00, 0x00, 0x00, 0x00, 0x00, 0x00,
    0x00, 0x00, 0x00, 0x00, 0x00, 0x00, 0x00, 0x00, 0x00, 0x00, 0x00, 0x00, 0x00, 0x00, 0x00, 0x00,
    0x00, 0x00, 0x00, 0x00, 0x00, 0x00, 0x00, 0x00, 0x00, 0x00, 0x00, 0x00, 0x00, 0x00, 0x00, 0x00,
    0x00, 0x00, 0x00, 0x00, 0x00, 0x00, 0x00, 0x00, 0x00, 0x00, 0x00, 0x00, 0x00, 0x00, 0x00, 0x00,
    0x40, 0xD9, 0xBF, 0xCF, 0xD1, 0xCB, 0xAE, 0xA9, 0x3B, 0xD8, 0xB9, 0xCE, 0xD1, 0xCD, 0xAE, 0xA3,
    0x3B, 0xD8, 0xB9, 0xCE, 0xCE, 0xB9, 0xB5, 0xA9, 0x47, 0xD9, 0xC4, 0xCE, 0xCF, 0xE2, 0xA9, 0x8D,
    0xA9, 0xA3, 0x93, 0xAE, 0x88, 0x9A, 0xF1, 0xF5, 0xA9, 0xA3, 0x9A, 0xAE, 0x93, 0xA3, 0xEF, 0xF1,
    0xA3, 0xA9, 0xA9, 0xA9, 0x93, 0x9A, 0xBF, 0xC8, 0xAE, 0xAE, 0xA9, 0xAE, 0x8D, 0xA3, 0xA3, 0xA3,
    0xF6, 0xF6, 0xF4, 0xF3, 0xA9, 0x74, 0xDA, 0xE2, 0xF2, 0xF3, 0xF2, 0xEF, 0x88, 0x61, 0xDA, 0xE2,
    0xC8, 0xBF, 0xCE, 0xBF, 0x7C, 0x5F, 0xD8, 0xE2, 0x9A, 0x9A, 0x9A, 0x88, 0xA9, 0x69, 0xDA, 0xE2,
    0xBF, 0xB5, 0xAE, 0xA3, 0xA3, 0xA9, 0xA9, 0xA9, 0xBF, 0xAE, 0xAE, 0xA3, 0xA9, 0xA3, 0xA3, 0xA9,
    0xBF, 0xAE, 0xA3, 0xA3, 0xA9, 0xA9, 0xA9, 0xA9, 0xB9, 0xA3, 0x9A, 0xA3, 0xA3, 0xA9, 0xA3, 0xA3,
    0xA9, 0xA3, 0x9A, 0xA3, 0x93, 0x8D, 0x8D, 0x7C, 0xA9, 0xA3, 0x9A, 0x93, 0x93, 0x88, 0x8D, 0x76,
    0x9A, 0x93, 0x93, 0x8D, 0x93, 0x8D, 0x88, 0x7C, 0x93, 0xB5, 0xA3, 0x88, 0x8D, 0x93, 0x88, 0x88,
    0x7C, 0x88, 0x7C, 0x76, 0x74, 0x74, 0x7C, 0x7C, 0x7C, 0x88, 0x88, 0x7C, 0x88, 0x7C, 0x7C, 0x74,
    0x88, 0x7C, 0x88, 0x88, 0x88, 0x76, 0x7C, 0x7C, 0x88, 0x88, 0x8D, 0x76, 0x88, 0x76, 0x76, 0x7C,
    0x76, 0x76, 0x74, 0x7C, 0x74, 0x69, 0x7C, 0x74, 0x7C, 0x76, 0x74, 0x7C, 0x74, 0x74, 0x74, 0x76,
    0x76, 0x76, 0x76, 0x76, 0x7C, 0x7C, 0x76, 0x88, 0x7C, 0x69, 0x76, 0x76, 0x7C, 0x7C, 0x66, 0x74,
    0x74, 0x7C, 0x7C, 0x66, 0x74, 0x74, 0x76, 0x66, 0x76, 0x74, 0x7C, 0x74, 0x7C, 0x7C, 0x69, 0x66,
    0x74, 0x69, 0x74, 0x76, 0x76, 0x76, 0x5F, 0x66, 0x69, 0x74, 0x74, 0x74, 0x69, 0x69, 0x69, 0x69,
    0x74, 0x76, 0x69, 0x7C, 0x74, 0x69, 0x66, 0x74, 0x69, 0x69, 0x69, 0x66, 0x74, 0x69, 0x69, 0x74,
    0x69, 0x66, 0x61, 0x5C, 0x66, 0x66, 0x61, 0x74, 0x74, 0x5F, 0x5C, 0x54, 0x5F, 0x61, 0x66, 0x69,
    0x69, 0x69, 0x76, 0x74, 0x69, 0x69, 0x66, 0x69, 0x66, 0x69, 0x74, 0x74, 0x61, 0x5F, 0x5F, 0x66,
    0x66, 0x66, 0x66, 0x66, 0x66, 0x66, 0x66, 0x69, 0x66, 0x5C, 0x5F, 0x66, 0x66, 0x66, 0x5F, 0x5F,
    0x69, 0x66, 0x5F, 0x59, 0x52, 0x54, 0x5F, 0x66, 0x66, 0x5C, 0x59, 0x52, 0x47, 0x46, 0x50, 0x5C,
    0x61, 0x52, 0x52, 0x59, 0x52, 0x4B, 0x52, 0x5C, 0x59, 0x5C, 0x5C, 0x52, 0x50, 0x5C, 0x52, 0x52,
    0x69, 0x74, 0x69, 0x66, 0x66, 0x69, 0x66, 0x61, 0x59, 0x5F, 0x5F, 0x61, 0x69, 0x74, 0x66, 0x5C,
    0x54, 0x59, 0x59, 0x54, 0x4B, 0x54, 0x66, 0x66, 0x5F, 0x59, 0x52, 0x5F, 0x5F, 0x50, 0x50, 0x52,
    0x5F, 0x9A, 0xD9, 0xCF, 0x8D, 0x66, 0xC4, 0xCD, 0x5C, 0x7C, 0x8D, 0x9A, 0xA3, 0x61, 0xC8, 0xCE,
    0x54, 0x93, 0xC4, 0x7C, 0x76, 0x69, 0xCB, 0xCD, 0x50, 0x59, 0x76, 0x59, 0x50, 0x5C, 0xCB, 0xCD,
    0x66, 0x8D, 0xF3, 0xF5, 0xF7, 0xF7, 0xF6, 0xF1, 0x5C, 0x88, 0xEF, 0xF2, 0xF3, 0xF2, 0xF1, 0xEF,
    0x5C, 0x69, 0x93, 0x9A, 0x88, 0xA9, 0xC4, 0xB9, 0x61, 0x61, 0x46, 0x46, 0x46, 0x4B, 0x52, 0x5F,
    0x93, 0x74, 0xD7, 0xC8, 0x5F, 0x7C, 0x5F, 0xA3, 0x66, 0x59, 0xD5, 0xC8, 0x52, 0x69, 0x5F, 0x9A,
    0x54, 0x5F, 0xD5, 0xCB, 0x52, 0x66, 0x5F, 0x9A, 0x59, 0x7C, 0xD9, 0xCD, 0x52, 0x69, 0x5F, 0x9A,
    0xE1, 0xE2, 0xE2, 0xD7, 0xC4, 0xE9, 0xDC, 0x26, 0xE1, 0xE4, 0xE2, 0xD3, 0xB9, 0xE9, 0xDC, 0x26,
    0xE1, 0xE4, 0xE2, 0xD5, 0xC8, 0xE9, 0xDC, 0x26, 0xE1, 0xE4, 0xE2, 0xD5, 0xC4, 0xE9, 0xDC, 0x21,
    0x00, 0x00, 0x00, 0x00, 0x00, 0x00, 0x00, 0x00, 0x00, 0x00, 0x00, 0x00, 0x00, 0x00, 0x00, 0x00,
    0x00, 0x00, 0x00, 0x00, 0x00, 0x00, 0x00, 0x00, 0x00, 0x00, 0x00, 0x00, 0x00, 0x00, 0x00, 0x00,
    0x00, 0x00, 0x00, 0x00, 0x00, 0x00, 0x00, 0x00, 0x00, 0x00, 0x00, 0x00, 0x00, 0x00, 0x00, 0x00,
    0x00, 0x00, 0x00, 0x00, 0x00, 0x00, 0x00, 0x00, 0x00, 0x00, 0x00, 0x00, 0x00, 0x00, 0x00, 0x00,
    0x00, 0x00, 0x00, 0xCE, 0xF9, 0xFA, 0xF6, 0xEC, 0x00, 0x00, 0x5F, 0xF9, 0xFA, 0xF2, 0xEA, 0xEE,
    0x00, 0x0A, 0xF7, 0xF9, 0xF2, 0xE8, 0xF1, 0xF8, 0x00, 0xF2, 0xF9, 0xF1, 0xEA, 0xF1, 0xF5, 0x3B,
    0xEA, 0xF1, 0xF7, 0xF6, 0xE2, 0x0E, 0x02, 0x00, 0xF6, 0xF5, 0xCB, 0x03, 0x00, 0x00, 0x00, 0x00,
    0xE6, 0x03, 0x00, 0x00, 0x00, 0x00, 0x00, 0x00, 0x00, 0x00, 0x00, 0x00, 0x00, 0x00, 0x00, 0x00,
    0x00, 0x00, 0x51, 0x7E, 0x6C, 0x51, 0x4E, 0x51, 0x00, 0x02, 0xCC, 0xBD, 0x6C, 0x52, 0x4E, 0x51,
    0x00, 0x04, 0xC6, 0xBD, 0x6E, 0x51, 0x50, 0x51, 0x00, 0x5F, 0xCA, 0xC1, 0x6C, 0x51, 0x4E, 0x51,
    0x5B, 0xEE, 0x4B, 0x28, 0x25, 0x7B, 0xEB, 0x5B, 0x5D, 0xEC, 0x52, 0x55, 0x59, 0x50, 0xEB, 0x59,
    0x51, 0xED, 0x60, 0x26, 0x25, 0xC6, 0xEB, 0x59, 0x50, 0xE8, 0xEE, 0xDE, 0xE4, 0xF2, 0xD9, 0x59,
    0x59, 0x5B, 0x5D, 0x5E, 0x5D, 0x5E, 0x5E, 0x50, 0x59, 0x59, 0x5D, 0x5B, 0x5B, 0x5E, 0x5D, 0x57,
    0x59, 0x5D, 0x5D, 0x5C, 0x5D, 0x5D, 0x5D, 0x62, 0x59, 0x59, 0x59, 0x5D, 0x5D, 0x5E, 0x5D, 0x5E,
    0xEF, 0xF1, 0x63, 0x65, 0xC9, 0xEA, 0xE5, 0xDA, 0x85, 0xCA, 0x5B, 0x62, 0xDE, 0xEA, 0xDA, 0x55,
    0x4C, 0x41, 0x62, 0x63, 0xD5, 0xE2, 0xE8, 0x71, 0x5D, 0x60, 0x62, 0x71, 0xEA, 0xE8, 0xD4, 0x6C,
    0x63, 0x71, 0x73, 0x6C, 0x78, 0x78, 0x80, 0x80, 0x78, 0x71, 0x71, 0x66, 0x55, 0x55, 0x59, 0x63,
    0x6C, 0x80, 0x52, 0x48, 0xC9, 0xD2, 0xD0, 0x80, 0x71, 0x63, 0xD7, 0xF8, 0xFB, 0xFB, 0xFB, 0xFA,
    0x85, 0x85, 0xD9, 0xD7, 0xCE, 0x8F, 0x80, 0x9D, 0x85, 0x85, 0xE2, 0xEA, 0xDC, 0x97, 0x80, 0x9F,
    0x67, 0x85, 0xDA, 0x7E, 0xDC, 0x78, 0x80, 0xA4, 0xDA, 0x85, 0xE1, 0x60, 0xE2, 0xC6, 0x80, 0x9D,
    0xD5, 0xE1, 0xE1, 0x02, 0x00, 0x00, 0x00, 0x00, 0xD5, 0xE1, 0xE1, 0x02, 0x00, 0x00, 0x00, 0x00,
    0xD5, 0xE1, 0xE1, 0x02, 0x00, 0x00, 0x00, 0x00, 0xD5, 0xE1, 0xE1, 0x02, 0x00, 0x00, 0x00, 0x00,
    0x00, 0x00, 0x00, 0x00, 0x00, 0x00, 0x00, 0x00, 0x00, 0x00, 0x00, 0x00, 0x00, 0x00, 0x00, 0x00,
    0x00, 0x00, 0x00, 0x00, 0x00, 0x00, 0x00, 0x00, 0x00, 0x00, 0x00, 0x00, 0x00, 0x00, 0x00, 0x00,
    0x00, 0x00, 0x00, 0x00, 0x00, 0x00, 0x00, 0x00, 0x00, 0x00, 0x00, 0x00, 0x00, 0x00, 0x00, 0x00,
    0x00, 0x00, 0x00, 0x00, 0x00, 0x00, 0x00, 0x00, 0x00, 0x00, 0x00, 0x00, 0x00, 0x00, 0x00, 0x00,
    0x00, 0x00, 0x00, 0x00, 0x00, 0x00, 0x00, 0x00, 0x00, 0x00, 0x00, 0x00, 0x00, 0x00, 0x00, 0x00,
    0x00, 0x00, 0x00, 0x00, 0x00, 0x00, 0x00, 0x00, 0x00, 0x00, 0x00, 0x00, 0x00, 0x00, 0x00, 0x00,
    0x00, 0x00, 0x00, 0x00, 0x00, 0x00, 0x00, 0x00, 0x00, 0x00, 0x00, 0x00, 0x00, 0x00, 0x00, 0x00,
    0x00, 0x00, 0x00, 0x00, 0x00, 0x00, 0x00, 0x00, 0x00, 0x00, 0x00, 0x00, 0x00, 0x00, 0x00, 0x00,
    0x00, 0x00, 0x00, 0x00, 0x00, 0x00, 0x00, 0x00, 0x00, 0x00, 0x00, 0x00, 0x00, 0x00, 0x00, 0x00,
    0x00, 0x00, 0x00, 0x00, 0x00, 0x00, 0x00, 0x00, 0x00, 0x00, 0x00, 0x00, 0x00, 0x00, 0x00, 0x00,
    0x47, 0xD9, 0xC8, 0xCB, 0xCF, 0xD7, 0xD5, 0xCD, 0x47, 0xD9, 0xBF, 0xCE, 0xD5, 0xC4, 0x61, 0x5C,
    0x47, 0xD9, 0xB9, 0xD3, 0xE2, 0xDA, 0x26, 0x59, 0x50, 0xD8, 0xC8, 0xD1, 0xE2, 0xE1, 0xDC, 0xD3,
    0x9A, 0xB5, 0xAE, 0xAE, 0x88, 0x93, 0x93, 0x88, 0xC8, 0xC4, 0xBF, 0xB5, 0xCB, 0xCE, 0xCE, 0xCB,
    0xC8, 0xBF, 0xB9, 0xA9, 0xB9, 0xAE, 0xAE, 0xAE, 0xA3, 0xB5, 0xB5, 0xA9, 0x9A, 0x88, 0x7C, 0x88,
    0x93, 0x8D, 0x93, 0x93, 0x9A, 0x5C, 0xDE, 0xE4, 0xCD, 0xCB, 0xCB, 0xCB, 0xCB, 0xBF, 0xDE, 0xCD,
    0xA9, 0xAE, 0xA9, 0xA9, 0xAE, 0xB9, 0xB5, 0x76, 0x7C, 0x88, 0x88, 0x7C, 0x88, 0x7C, 0x74, 0x8D,
    0xA3, 0x9A, 0xA3, 0xA9, 0xA3, 0xA3, 0x9A, 0x9A, 0x8D, 0xA3, 0xA3, 0xA3, 0x9A, 0x9A, 0xA3, 0x9A,
    0x9A, 0xA3, 0x9A, 0xA3, 0x9A, 0x9A, 0x9A, 0xA3, 0xA3, 0xA3, 0x9A, 0xA3, 0x9A, 0xA3, 0x93, 0x9A,
    0xA9, 0xC8, 0xCE, 0xAE, 0x7C, 0x8D, 0x88, 0x7C, 0xB9, 0x8D, 0xC8, 0xC4, 0x8D, 0x88, 0x8D, 0x7C,
    0x9A, 0x88, 0xA9, 0xA9, 0x93, 0x8D, 0x88, 0x88, 0x88, 0xA3, 0x9A, 0x93, 0x8D, 0x8D, 0x88, 0x88,
    0x7C, 0x7C, 0x88, 0x74, 0x7C, 0x76, 0x76, 0x76, 0x88, 0x74, 0x76, 0x88, 0x76, 0x88, 0x76, 0x76,
    0x7C, 0x74, 0x7C, 0x88, 0x7C, 0x7C, 0x76, 0x76, 0x7C, 0x88, 0x76, 0x76, 0x74, 0x74, 0x69, 0x69,
    0x76, 0x76, 0x74, 0x76, 0x69, 0x69, 0x74, 0x66, 0x74, 0x7C, 0x76, 0x76, 0x69, 0x69, 0x76, 0x74,
    0x76, 0x7C, 0x7C, 0x76, 0x7C, 0x88, 0x74, 0x76, 0x74, 0x69, 0x74, 0x69, 0x74, 0x74, 0x66, 0x66,
    0x74, 0x76, 0x69, 0x74, 0x74, 0x61, 0xAE, 0xA3, 0x69, 0x69, 0x69, 0x74, 0x66, 0x74, 0xC8, 0xAE,
    0x66, 0x69, 0x74, 0x69, 0x66, 0x50, 0xCB, 0xCD, 0x69, 0x74, 0x61, 0x50, 0x66, 0x61, 0x7C, 0xD8,
    0x69, 0x59, 0x59, 0x5F, 0x5F, 0x5F, 0x5F, 0x59, 0x5F, 0x59, 0x5C, 0x5F, 0x59, 0x5C, 0x52, 0x4B,
    0x52, 0x5C, 0x61, 0x59, 0x59, 0x5F, 0x5F, 0x61, 0xCD, 0x52, 0x47, 0x50, 0x54, 0x59, 0x54, 0x5C,
    0x5F, 0x5F, 0x5C, 0x69, 0x61, 0x61, 0x59, 0x59, 0x59, 0x61, 0x5C, 0x5F, 0x54, 0x5F, 0x59, 0x4B,
    0x5C, 0x5F, 0x59, 0x5C, 0x59, 0x5C, 0x5C, 0x54, 0x52, 0x54, 0x4B, 0x4B, 0x54, 0x50, 0x50, 0x50,
    0x61, 0x5F, 0x59, 0x50, 0x52, 0x59, 0x4B, 0x47, 0x54, 0x54, 0x52, 0x54, 0x52, 0x47, 0x4B, 0x59,
    0x52, 0x54, 0x50, 0x54, 0x50, 0x4B, 0x52, 0x50, 0x4B, 0x4B, 0x47, 0x47, 0x3B, 0x46, 0x4B, 0x2C,
    0x5F, 0x59, 0x5F, 0x93, 0xB9, 0x8D, 0x52, 0x50, 0x52, 0x50, 0x74, 0x76, 0x74, 0x8D, 0x5F, 0x50,
    0x4B, 0x4B, 0x5F, 0x74, 0x66, 0x66, 0x61, 0x5F, 0x2C, 0x47, 0x4B, 0x3B, 0x36, 0x40, 0x50, 0x5C,
    0x5C, 0x59, 0x4B, 0x4B, 0x47, 0x46, 0xC4, 0xCB, 0x5F, 0x5F, 0x54, 0x50, 0x50, 0x3B, 0x59, 0xCB,
    0x61, 0x5F, 0x52, 0x2C, 0x2C, 0x4B, 0x40, 0x5F, 0x4B, 0x3B, 0x40, 0x76, 0xA3, 0x4B, 0x26, 0x2C,
    0x52, 0x5C, 0x4B, 0x4B, 0x52, 0x52, 0x59, 0x66, 0xCF, 0xC8, 0xC8, 0xCB, 0xCB, 0xCD, 0xCF, 0xCD,
    0x88, 0x69, 0x7C, 0x76, 0x69, 0x76, 0x76, 0x74, 0x23, 0x23, 0x2C, 0x2C, 0x26, 0x23, 0x26, 0x26,
    0x59, 0x93, 0xE1, 0xC8, 0x4B, 0x66, 0x5C, 0x9A, 0xCD, 0xD9, 0xDA, 0x8D, 0x76, 0x88, 0x52, 0x74,
    0x88, 0x9A, 0x69, 0x54, 0xAE, 0xB9, 0x61, 0xC4, 0x2C, 0x31, 0x40, 0x50, 0x52, 0x88, 0xCD, 0xD8,
    0xE1, 0xE4, 0xE2, 0xD5, 0xC4, 0xEA, 0xDA, 0x1B, 0xE1, 0xE5, 0xE2, 0xD5, 0xC4, 0xEA, 0xDC, 0x26,
    0xE4, 0xE2, 0xE4, 0xD5, 0xB9, 0xEA, 0xDE, 0x36, 0xD8, 0xE2, 0xE6, 0xD7, 0xAE, 0xE9, 0xDE, 0x36,
    0x00, 0x00, 0x00, 0x00, 0x00, 0x00, 0x00, 0x00, 0x00, 0x00, 0x00, 0x00, 0x00, 0x00, 0x00, 0x00,
    0x00, 0x00, 0x00, 0x00, 0x00, 0x00, 0x00, 0x00, 0x00, 0x00, 0x00, 0x00, 0x00, 0x00, 0x00, 0x00,
    0x00, 0x00, 0x00, 0x00, 0x00, 0x00, 0x00, 0x00, 0x00, 0x00, 0x00, 0x00, 0x00, 0x00, 0x00, 0x00,
    0x00, 0x00, 0x00, 0x00, 0x00, 0x00, 0x00, 0x03, 0x00, 0x00, 0x00, 0x00, 0x00, 0x00, 0x00, 0x0E,
    0x26, 0xF9, 0xF5, 0xEA, 0xEF, 0xF9, 0x52, 0x00, 0xEC, 0xF8, 0xED, 0xEF, 0xF8, 0xD3, 0x00, 0x00,
    0xF3, 0xF3, 0xEB, 0xF6, 0xF8, 0x02, 0x00, 0x00, 0xF6, 0xEC, 0xEF, 0xF9, 0xEB, 0x00, 0x00, 0x00,
    0x00, 0x00, 0x00, 0x00, 0x00, 0x00, 0x00, 0x00, 0x00, 0x00, 0x00, 0x00, 0x00, 0x00, 0x00, 0x00,
    0x00, 0x00, 0x00, 0x00, 0x00, 0x00, 0x00, 0x00, 0x00, 0x00, 0x00, 0x00, 0x00, 0x00, 0x00, 0x00,
    0x00, 0x77, 0xCC, 0xBD, 0x6C, 0x51, 0x4C, 0x4E, 0x00, 0x71, 0xCC, 0xC1, 0x6C, 0x51, 0x4C, 0x50,
    0x00, 0x77, 0xCC, 0xBD, 0x6C, 0x4E, 0x4E, 0x4E, 0x00, 0x77, 0xCC, 0xC1, 0x6C, 0x4E, 0x4E, 0x4E,
    0x51, 0x6C, 0xF1, 0xF6, 0xF6, 0xEC, 0x59, 0x57, 0x4E, 0x25, 0x40, 0xCC, 0x82, 0x23, 0x47, 0x59,
    0x4E, 0xB1, 0xCE, 0x33, 0xD2, 0xE1, 0x55, 0x59, 0x54, 0xEA, 0xED, 0xD9, 0xF5, 0xF3, 0xD5, 0x57,
    0x59, 0x59, 0x5D, 0x5D, 0x5B, 0x5D, 0x5D, 0x5E, 0x59, 0x59, 0x5B, 0x59, 0x5B, 0x5D, 0x5D, 0x5D,
    0x59, 0x57, 0x59, 0x59, 0x5B, 0x59, 0x5D, 0x5E, 0x59, 0x59, 0x59, 0x59, 0x59, 0x5B, 0x5D, 0x5D,
    0x60, 0x62, 0x62, 0x82, 0xEA, 0xEC, 0x5E, 0x6C, 0x5E, 0x60, 0x62, 0x78, 0xE1, 0xE6, 0xD9, 0x76,
    0x5D, 0x5E, 0x62, 0x62, 0x5E, 0x5D, 0x71, 0x80, 0x5D, 0x5E, 0x5E, 0x60, 0x5D, 0x62, 0x71, 0x8F,
    0x71, 0x50, 0xF7, 0xFB, 0xFA, 0xFA, 0xFA, 0xFC, 0x80, 0x65, 0xF9, 0xF4, 0xF7, 0xF7, 0xF7, 0xFA,
    0x86, 0x71, 0xF9, 0xF6, 0xF8, 0xF8, 0xF8, 0xFB, 0x97, 0x6F, 0xF9, 0xF6, 0xF8, 0xF8, 0xF8, 0xFA,
    0xF1, 0x85, 0xDC, 0xDA, 0xE2, 0xA5, 0x80, 0x9D, 0xF3, 0x8F, 0xCA, 0xED, 0xD7, 0x9D, 0x80, 0x97,
    0xF2, 0x8F, 0xDD, 0xF4, 0xD5, 0xCA, 0x80, 0x95, 0xF2, 0x85, 0xD7, 0xEB, 0xE4, 0xA5, 0x80, 0x95,
    0xD5, 0xE1, 0xDE, 0x02, 0x00, 0x00, 0x00, 0x00, 0xD2, 0xDE, 0xDE, 0x02, 0x00, 0x00, 0x00, 0x00,
    0xD1, 0xDE, 0xDE, 0x02, 0x00, 0x00, 0x00, 0x00, 0xD1, 0xDE, 0xDE, 0x02, 0x00, 0x00, 0x00, 0x00,
    0x00, 0x00, 0x00, 0x00, 0x00, 0x00, 0x00, 0x00, 0x00, 0x00, 0x00, 0x00, 0x00, 0x00, 0x00, 0x00,
    0x00, 0x00, 0x00, 0x00, 0x00, 0x00, 0x00, 0x00, 0x00, 0x00, 0x00, 0x00, 0x00, 0x00, 0x00, 0x00,
    0x00, 0x00, 0x00, 0x00, 0x00, 0x00, 0x00, 0x00, 0x00, 0x00, 0x00, 0x00, 0x00, 0x00, 0x00, 0x00,
    0x00, 0x00, 0x00, 0x00, 0x00, 0x00, 0x00, 0x00, 0x00, 0x00, 0x00, 0x00, 0x00, 0x00, 0x00, 0x00,
    0x00, 0x00, 0x00, 0x00, 0x00, 0x00, 0x00, 0x00, 0x00, 0x00, 0x00, 0x00, 0x00, 0x00, 0x00, 0x00,
    0x00, 0x00, 0x00, 0x00, 0x00, 0x00, 0x00, 0x00, 0x00, 0x00, 0x00, 0x00, 0x00, 0x00, 0x00, 0x00,
    0x00, 0x00, 0x00, 0x00, 0x00, 0x00, 0x00, 0x00, 0x00, 0x00, 0x00, 0x00, 0x00, 0x00, 0x00, 0x00,
    0x00, 0x00, 0x00, 0x00, 0x00, 0x00, 0x00, 0x00, 0x00, 0x00, 0x00, 0x00, 0x00, 0x00, 0x00, 0x00,
    0x00, 0x00, 0x00, 0x00, 0x00, 0x00, 0x00, 0x00, 0x00, 0x00, 0x00, 0x00, 0x00, 0x00, 0x00, 0x00,
    0x00, 0x00, 0x00, 0x00, 0x00, 0x00, 0x00, 0x00, 0x00, 0x00, 0x00, 0x00, 0x00, 0x00, 0x00, 0x00,
    0x52, 0xD8, 0xCB, 0xD3, 0xCF, 0xD7, 0xB9, 0x8D, 0x54, 0xD8, 0xCD, 0xD3, 0xCD, 0x61, 0x0A, 0x5F,
    0x59, 0xD9, 0xCD, 0xD1, 0xAE, 0x11, 0x26, 0xBF, 0x66, 0xD8, 0xCD, 0xCB, 0x26, 0x19, 0xB9, 0xC8,
    0xA3, 0xAE, 0xAE, 0xA9, 0xA3, 0xA9, 0x9A, 0xA3, 0xBF, 0xAE, 0xB9, 0xAE, 0xAE, 0xAE, 0xA9, 0xAE,
    0xBF, 0xB9, 0xC4, 0xBF, 0xB5, 0xB5, 0xAE, 0xAE, 0xB5, 0xB9, 0xB5, 0xB9, 0xB5, 0xAE, 0xAE, 0xAE,
    0x9A, 0x93, 0x9A, 0x9A, 0x9A, 0x9A, 0xA3, 0x9A, 0xA9, 0xA3, 0x9A, 0xA9, 0xA9, 0xA9, 0xA9, 0xA9,
    0xB5, 0xA9, 0xA3, 0xA9, 0xA9, 0xA9, 0xA9, 0xAE, 0xAE, 0xAE, 0xAE, 0xAE, 0xAE, 0xAE, 0xB5, 0xB5,
    0xA3, 0xA3, 0xA3, 0xA3, 0xA3, 0xA9, 0xA3, 0x9A, 0xA9, 0xAE, 0xAE, 0xAE, 0xB5, 0xA9, 0xA9, 0xA9,
    0xAE, 0xAE, 0xAE, 0xAE, 0xAE, 0xAE, 0xAE, 0xAE, 0xB9, 0xB5, 0xB5, 0xB5, 0xAE, 0xB9, 0xB5, 0xAE,
    0xA3, 0x9A, 0x8D, 0x93, 0x8D, 0x8D, 0x88, 0x88, 0xAE, 0xA9, 0xA9, 0xA9, 0xA9, 0xA9, 0xA9, 0xAE,
    0xB5, 0xAE, 0xB5, 0xAE, 0xB5, 0xAE, 0xB5, 0xB9, 0xB9, 0xB9, 0xB9, 0xB9, 0xB9, 0xB9, 0xB9, 0xB9,
    0x8D, 0x8D, 0x7C, 0x74, 0x76, 0x76, 0x74, 0x69, 0xAE, 0xAE, 0xAE, 0xA9, 0xAE, 0xAE, 0xAE, 0xAE,
    0xB9, 0xB9, 0xB9, 0xB9, 0xB9, 0xB9, 0xBF, 0xBF, 0xB9, 0xBF, 0xB9, 0xBF, 0xBF, 0xBF, 0xBF, 0xC4,
    0x74, 0x66, 0x69, 0x74, 0x74, 0x69, 0x74, 0x69, 0xAE, 0xA9, 0xAE, 0xAE, 0xA9, 0xAE, 0xB5, 0xAE,
    0xBF, 0xBF, 0xC4, 0xC4, 0xBF, 0xC4, 0xBF, 0xC4, 0xC4, 0xBF, 0xC4, 0xC4, 0xC4, 0xC4, 0xBF, 0xC4,
    0x74, 0x69, 0x66, 0x47, 0xAE, 0xA9, 0x2C, 0xC4, 0xAE, 0xAE, 0xB5, 0x93, 0xD3, 0xD1, 0x36, 0x08,
    0xC4, 0xC4, 0xC4, 0xB9, 0xD1, 0xDC, 0xAE, 0x19, 0xC8, 0xC8, 0xC8, 0xC4, 0xC8, 0xD9, 0xDC, 0xDA,
    0xE2, 0x76, 0x47, 0x54, 0x66, 0x5F, 0x54, 0x59, 0xBF, 0xD3, 0xA3, 0xA9, 0xB5, 0xAE, 0xAE, 0xA9,
    0xAE, 0xD3, 0xC4, 0xC4, 0xC4, 0xC8, 0xC8, 0xC8, 0xD7, 0xCB, 0xC8, 0xC8, 0xCB, 0xCD, 0xCB, 0xCE,
    0x59, 0x61, 0x54, 0x54, 0x5F, 0x52, 0x50, 0x50, 0xB5, 0xB9, 0xBF, 0xB9, 0xB9, 0xB5, 0xB5, 0xB5,
    0xCB, 0xCB, 0xCD, 0xCD, 0xCD, 0xCD, 0xCE, 0xCD, 0xCD, 0xCB, 0xCD, 0xCD, 0xCE, 0xCF, 0xCD, 0xCD,
    0x52, 0x50, 0x52, 0x4B, 0x47, 0x47, 0x4B, 0x47, 0xB5, 0xB5, 0xB5, 0xB5, 0xB5, 0xB5, 0xB5, 0xB9,
    0xCB, 0xCD, 0xCD, 0xCD, 0xCE, 0xCF, 0xCD, 0xCE, 0xCE, 0xCF, 0xCF, 0xCE, 0xCE, 0xCF, 0xCE, 0xCE,
    0x47, 0x4B, 0x4B, 0x40, 0x3B, 0x46, 0x50, 0x5C, 0xBF, 0xB5, 0xB5, 0xC4, 0xC4, 0xBF, 0xBF, 0xBF,
    0xCF, 0xCF, 0xD1, 0xD1, 0xD1, 0xCF, 0xD1, 0xCF, 0xCD, 0xD1, 0xD3, 0xD3, 0xD3, 0xD3, 0xD3, 0xD3,
    0x50, 0x47, 0x52, 0x76, 0x93, 0x88, 0x5C, 0x50, 0xC4, 0xCD, 0xC8, 0x40, 0x31, 0xD8, 0xDA, 0xBF,
    0xD1, 0xD1, 0xD3, 0x8D, 0xCE, 0xE2, 0xD5, 0xCE, 0xD3, 0xD3, 0xD5, 0xDE, 0xE9, 0xE2, 0xD3, 0xD5,
    0x52, 0x50, 0x52, 0x52, 0x50, 0x50, 0x4B, 0x47, 0xCB, 0xC8, 0xC8, 0xC4, 0xC8, 0xC4, 0xC4, 0xBF,
    0xCF, 0xD1, 0xD3, 0xD1, 0xCF, 0xD1, 0xD1, 0xD3, 0xD3, 0xD5, 0xD7, 0xD5, 0xD3, 0xD5, 0xD5, 0xD5,
    0x4B, 0x50, 0x5F, 0x5F, 0x52, 0xAE, 0xD8, 0x9A, 0xC4, 0xC8, 0xC8, 0xBF, 0xC8, 0xDC, 0x76, 0x05,
    0xD3, 0xD3, 0xD1, 0xCE, 0xD1, 0xDA, 0xA3, 0x1B, 0xD5, 0xD5, 0xD7, 0xD3, 0xD3, 0xD8, 0xDC, 0xDA,
    0x8D, 0xDA, 0xE4, 0xD8, 0xAE, 0xEA, 0xDE, 0x36, 0x52, 0xDA, 0xE1, 0xD9, 0xB9, 0xEB, 0xDE, 0x31,
    0xAE, 0xDC, 0xDC, 0xD7, 0xAE, 0xEB, 0xDE, 0x2C, 0xDA, 0xD9, 0xDA, 0xB5, 0xAE, 0xEB, 0xDE, 0x3B,
    0x00, 0x00, 0x00, 0x00, 0x00, 0x00, 0x00, 0x00, 0x00, 0x00, 0x00, 0x00, 0x00, 0x00, 0x00, 0x00,
    0x00, 0x00, 0x00, 0x00, 0x00, 0x00, 0x00, 0x00, 0x00, 0x00, 0x00, 0x00, 0x00, 0x00, 0x00, 0x00,
    0x00, 0x00, 0x00, 0x00, 0x00, 0x00, 0x00, 0x4A, 0x00, 0x00, 0x00, 0x00, 0x00, 0x00, 0x00, 0xD1,
    0x00, 0x00, 0x00, 0x00, 0x00, 0x00, 0x00, 0xD9, 0x00, 0x00, 0x00, 0x00, 0x00, 0x00, 0x00, 0xCB,
    0xF5, 0xEB, 0xF4, 0xFA, 0x9A, 0x00, 0x00, 0x00, 0xF3, 0xEB, 0xF7, 0xFA, 0x4D, 0x00, 0x00, 0x00,
    0xF1, 0xEC, 0xF9, 0xFA, 0x2C, 0x00, 0x00, 0x00, 0xF2, 0xED, 0xF9, 0xFA, 0x54, 0x00, 0x00, 0x00,
    0x00, 0x00, 0x00, 0x00, 0x00, 0x00, 0x00, 0x00, 0x00, 0x00, 0x00, 0x00, 0x00, 0x00, 0x00, 0x00,
    0x00, 0x00, 0x00, 0x00, 0x00, 0x00, 0x00, 0x00, 0x00, 0x00, 0x00, 0x00, 0x00, 0x00, 0x00, 0x00,
    0x00, 0x7E, 0xD0, 0xBD, 0x6C, 0x51, 0x4E, 0x4E, 0x00, 0x7E, 0xD0, 0xBD, 0x6C, 0x51, 0x4D, 0x4E,
    0x00, 0x86, 0xD0, 0xBD, 0x6E, 0x51, 0x4C, 0x4E, 0x00, 0x95, 0xD0, 0xC1, 0x6C, 0x51, 0x4E, 0x4E,
    0x53, 0xE8, 0x50, 0xED, 0xEC, 0xA4, 0xE8, 0x59, 0x59, 0xEB, 0x4D, 0xF2, 0xDC, 0x59, 0xE8, 0x59,
    0x5D, 0xEC, 0x46, 0xF4, 0xD1, 0x59, 0xE6, 0x59, 0x53, 0xEC, 0xDE, 0xF4, 0xB0, 0xDE, 0xDC, 0x55,
    0x55, 0x59, 0x59, 0x59, 0x59, 0x59, 0x5B, 0x5B, 0x59, 0x59, 0x59, 0x59, 0x59, 0x59, 0x59, 0x5B,
    0x57, 0x57, 0x59, 0x59, 0x59, 0x5B, 0x59, 0x59, 0x59, 0x55, 0x59, 0x59, 0x59, 0x5D, 0x59, 0x5D,
    0x5B, 0x5E, 0x5E, 0x5E, 0x62, 0x6C, 0x78, 0x85, 0x5B, 0x5E, 0x5E, 0x5E, 0x63, 0x69, 0x71, 0x78,
    0x5B, 0x5D, 0x5E, 0x62, 0x63, 0x65, 0x6E, 0x71, 0x5D, 0x5D, 0x5E, 0x60, 0x60, 0x65, 0x6C, 0x71,
    0x97, 0x6F, 0xF9, 0xF6, 0xF8, 0xF8, 0xF8, 0xFA, 0x85, 0x6A, 0xF9, 0xF6, 0xF8, 0xF8, 0xF8, 0xFB,
    0x80, 0x60, 0xF9, 0xF4, 0xF7, 0xF7, 0xF7, 0xFA, 0x78, 0x55, 0xF7, 0xFA, 0xFA, 0xFA, 0xFA, 0xFB,
    0xF2, 0x80, 0x60, 0x46, 0xC6, 0xC1, 0x80, 0x97, 0xF2, 0x80, 0xD1, 0xDE, 0xE8, 0xB1, 0x80, 0x8F,
    0xEE, 0x80, 0xD1, 0xEC, 0xC6, 0xB1, 0x78, 0x8F, 0xE4, 0x78, 0xDB, 0xF5, 0xD7, 0xCA, 0x78, 0x8F,
    0xD2, 0xDD, 0xDE, 0x02, 0x00, 0x00, 0x00, 0x00, 0xD1, 0xDD, 0xDE, 0x02, 0x00, 0x00, 0x00, 0x00,
    0xD0, 0xDC, 0xDD, 0x02, 0x00, 0x00, 0x00, 0x00, 0xD0, 0xDC, 0xDC, 0x02, 0x00, 0x00, 0x00, 0x00,
    0x00, 0x00, 0x00, 0x00, 0x00, 0x00, 0x00, 0x00, 0x00, 0x00, 0x00, 0x00, 0x00, 0x00, 0x00, 0x00,
    0x00, 0x00, 0x00, 0x00, 0x00, 0x00, 0x00, 0x00, 0x00, 0x00, 0x00, 0x00, 0x00, 0x00, 0x00, 0x00,
    0x00, 0x00, 0x00, 0x00, 0x00, 0x00, 0x00, 0x00, 0x00, 0x00, 0x00, 0x00, 0x00, 0x00, 0x00, 0x00,
    0x00, 0x00, 0x00, 0x00, 0x00, 0x00, 0x00, 0x00, 0x00, 0x00, 0x00, 0x00, 0x00, 0x00, 0x00, 0x00,
    0x00, 0x00, 0x00, 0x00, 0x00, 0x00, 0x00, 0x00, 0x00, 0x00, 0x00, 0x00, 0x00, 0x00, 0x00, 0x00,
    0x00, 0x00, 0x00, 0x00, 0x00, 0x00, 0x00, 0x00, 0x00, 0x00, 0x00, 0x00, 0x00, 0x00, 0x00, 0x00,
    0x00, 0x00, 0x00, 0x00, 0x00, 0x00, 0x00, 0x00, 0x00, 0x00, 0x00, 0x00, 0x00, 0x00, 0x00, 0x00,
    0x00, 0x00, 0x00, 0x00, 0x00, 0x00, 0x00, 0x00, 0x00, 0x00, 0x00, 0x00, 0x00, 0x00, 0x00, 0x00,
    0x00, 0x00, 0x00, 0x00, 0x00, 0x00, 0x00, 0x00, 0x00, 0x00, 0x00, 0x00, 0x00, 0x00, 0x00, 0x00,
    0x00, 0x00, 0x00, 0x00, 0x00, 0x00, 0x00, 0x00, 0x00, 0x00, 0x00, 0x00, 0x00, 0x00, 0x00, 0x00,
    0x69, 0xDC, 0xC8, 0xC8, 0x4B, 0x88, 0xCB, 0xB9, 0x04, 0xD3, 0xCD, 0xC4, 0xCB, 0xC8, 0xB9, 0xB5,
    0x00, 0x4B, 0xD8, 0xC4, 0xCD, 0xBF, 0xB9, 0xB9, 0x00, 0x07, 0xDC, 0xC8, 0xBF, 0xB9, 0xB9, 0xB9,
    0xB9, 0xB5, 0xAE, 0xB5, 0xB5, 0xAE, 0xB5, 0xB5, 0xB5, 0xB5, 0xB5, 0xB5, 0xB5, 0xAE, 0xB5, 0xAE,
    0xBF, 0xBF, 0xB5, 0xB9, 0xB5, 0xB5, 0xB5, 0xB5, 0xB9, 0xBF, 0xBF, 0xB9, 0xAE, 0xB9, 0xB5, 0xA3,
    0xAE, 0xAE, 0xB9, 0xB5, 0xB5, 0xB5, 0xB9, 0xB9, 0xA9, 0xA3, 0xAE, 0xA9, 0x9A, 0x9A, 0xA9, 0x9A,
    0xA9, 0x9A, 0x9A, 0xA3, 0xA9, 0x9A, 0x9A, 0x93, 0x9A, 0xA3, 0x9A, 0x9A, 0x9A, 0x9A, 0x88, 0x93,
    0xB9, 0xB5, 0xB5, 0xAE, 0xB5, 0xB5, 0xAE, 0xB5, 0x93, 0x9A, 0x93, 0x8D, 0x8D, 0x88, 0x8D, 0x93,
    0x8D, 0x8D, 0x8D, 0x88, 0x7C, 0x74, 0x8D, 0x7C, 0x93, 0x7C, 0x88, 0x88, 0x76, 0x74, 0x74, 0x76,
    0xBF, 0xBF, 0xB9, 0xB9, 0xB9, 0xB9, 0xBF, 0xB9, 0x93, 0x8D, 0x8D, 0x7C, 0x76, 0x88, 0x7C, 0x7C,
    0x66, 0x66, 0x5F, 0x69, 0x69, 0x69, 0x61, 0x69, 0x47, 0x76, 0xC4, 0xCE, 0xD1, 0xCE, 0xCD, 0xCB,
    0xB5, 0xBF, 0xBF, 0xB9, 0xBF, 0xBF, 0xB9, 0xBF, 0x76, 0x76, 0x88, 0x88, 0x88, 0x7C, 0x7C, 0x74,
    0x69, 0x61, 0x61, 0x74, 0x74, 0x5C, 0x74, 0x66, 0xCD, 0xCD, 0xCD, 0xCB, 0xCE, 0xC8, 0xC8, 0xC4,
    0xBF, 0xB9, 0xB9, 0xB9, 0xB9, 0xB9, 0xC4, 0xBF, 0x69, 0x74, 0x74, 0x66, 0x66, 0x7C, 0x7C, 0x74,
    0x66, 0x66, 0x69, 0x5C, 0x69, 0x61, 0x5F, 0x61, 0xCD, 0xCB, 0xC8, 0xC8, 0xC8, 0xBF, 0xC4, 0xC8,
    0xB9, 0xB9, 0xBF, 0xB9, 0xB9, 0xC4, 0xC8, 0xD1, 0x74, 0x76, 0x76, 0x74, 0x76, 0x69, 0x54, 0x52,
    0x59, 0x61, 0x5C, 0x59, 0x52, 0x47, 0x46, 0x40, 0xB9, 0xC4, 0xC4, 0xC8, 0xCB, 0xBF, 0xC4, 0xC8,
    0xC8, 0xBF, 0xC4, 0xBF, 0xB9, 0xBF, 0xBF, 0xBF, 0x54, 0x61, 0x69, 0x69, 0x5F, 0x59, 0x54, 0x47,
    0x3B, 0x40, 0x47, 0x46, 0x46, 0x46, 0x31, 0x2C, 0xC8, 0xC8, 0xC8, 0xBF, 0xB5, 0xC4, 0xB5, 0xAE,
    0xB9, 0xBF, 0xBF, 0xBF, 0xC4, 0xC4, 0xC4, 0xC8, 0x4B, 0x4B, 0x4B, 0x47, 0x47, 0x47, 0x4B, 0x4B,
    0x36, 0x3B, 0x36, 0x31, 0x36, 0x40, 0x36, 0x26, 0xA3, 0xAE, 0xB5, 0xB5, 0xBF, 0xB9, 0xB9, 0xAE,
    0xC8, 0xC8, 0xC4, 0xBF, 0xC4, 0xC8, 0xC8, 0xC8, 0x47, 0x4B, 0x47, 0x4B, 0x46, 0x46, 0x4B, 0x50,
    0x26, 0x2C, 0x2C, 0x26, 0x26, 0x26, 0x23, 0x26, 0xB5, 0xBF, 0xC4, 0xC4, 0xB9, 0xB5, 0xAE, 0xB5,
    0xCB, 0xCB, 0xCD, 0xCD, 0xC8, 0xCB, 0xCB, 0xCB, 0x52, 0x4B, 0x46, 0x47, 0x46, 0x46, 0x46, 0x4B,
    0x2C, 0x21, 0x1B, 0x21, 0x1B, 0x26, 0x26, 0x26, 0xB9, 0xB9, 0xC4, 0xCE, 0xB5, 0x36, 0x16, 0x1B,
    0xC4, 0xC4, 0xC4, 0xCF, 0xD1, 0xBF, 0xB9, 0xCB, 0x3B, 0x2C, 0x31, 0x2C, 0x2C, 0x2C, 0x31, 0x3B,
    0x2C, 0x21, 0x26, 0x26, 0x26, 0x26, 0x23, 0x23, 0x26, 0x26, 0x21, 0x23, 0x23, 0x21, 0x1D, 0x23,
    0xCD, 0xCB, 0xC4, 0xCB, 0xCB, 0xCD, 0xCB, 0xCB, 0x47, 0x47, 0x46, 0x47, 0x4B, 0x47, 0x4B, 0x50,
    0x26, 0x2C, 0x31, 0x2C, 0x36, 0x31, 0x3B, 0x40, 0x23, 0x26, 0x26, 0x26, 0x31, 0x3B, 0x3B, 0x3B,
    0xCB, 0xCD, 0xCD, 0xCD, 0xCE, 0xCB, 0xCE, 0xD1, 0x54, 0x54, 0x52, 0x54, 0x54, 0x4B, 0x46, 0x59,
    0x46, 0x4B, 0x52, 0x52, 0x4B, 0x46, 0x47, 0x54, 0x40, 0x4B, 0x4B, 0x4B, 0x50, 0x54, 0x47, 0x40,
    0xCB, 0xCD, 0xCB, 0x66, 0xC8, 0xEC, 0xE5, 0x36, 0x5F, 0x74, 0x69, 0x5F, 0xD3, 0xEC, 0xB5, 0x03,
    0x50, 0x59, 0x74, 0x66, 0xDA, 0xDC, 0x03, 0x00, 0x47, 0x52, 0x54, 0x8D, 0xE4, 0x59, 0x00, 0x00,
    0x00, 0x00, 0x00, 0x00, 0x00, 0x00, 0x00, 0x00, 0x00, 0x00, 0x00, 0x00, 0x00, 0x00, 0x00, 0x00,
    0x00, 0x00, 0x00, 0x00, 0x00, 0x00, 0x00, 0x00, 0x00, 0x00, 0x00, 0x00, 0x00, 0x00, 0x00, 0x00,
    0x00, 0x00, 0x00, 0x00, 0x00, 0x00, 0x00, 0x50, 0x00, 0x00, 0x00, 0x00, 0x00, 0x00, 0x00, 0x0D,
    0x00, 0x00, 0x00, 0x00, 0x00, 0x00, 0x00, 0x03, 0x00, 0x00, 0x00, 0x00, 0x00, 0x00, 0x00, 0x00,
    0xF2, 0xED, 0xF9, 0xFB, 0xA1, 0x00, 0x00, 0x00, 0xF1, 0xEE, 0xF8, 0xFB, 0xEB, 0x00, 0x00, 0x00,
    0xEE, 0xEF, 0xF6, 0xFB, 0xF9, 0x02, 0x00, 0x00, 0xE4, 0xEF, 0xF4, 0xFA, 0xFB, 0xD3, 0x00, 0x00,
    0x00, 0x00, 0x00, 0x00, 0x00, 0x00, 0x00, 0x00, 0x00, 0x00, 0x00, 0x00, 0x00, 0x00, 0x00, 0x00,
    0x00, 0x00, 0x00, 0x00, 0x00, 0x00, 0x00, 0x00, 0x00, 0x00, 0x00, 0x00, 0x00, 0x00, 0x00, 0x00,
    0x00, 0x97, 0xD0, 0xC1, 0x6C, 0x51, 0x4C, 0x4E, 0x00, 0xA4, 0xD1, 0xC1, 0x67, 0x4E, 0x4E, 0x4E,
    0x00, 0xB1, 0xD2, 0xC1, 0x67, 0x51, 0x4E, 0x50, 0x00, 0xBD, 0xD5, 0xC1, 0x6C, 0x51, 0x51, 0x50,
    0x50, 0xDD, 0xF4, 0xED, 0xE5, 0xF1, 0xDB, 0x55, 0x4E, 0x4C, 0xC9, 0x6C, 0xA5, 0x97, 0x71, 0x55,
    0x4E, 0x49, 0x28, 0x40, 0x47, 0x40, 0x4D, 0x57, 0x4E, 0x53, 0x52, 0x53, 0x55, 0x59, 0x59, 0x59,
    0x57, 0x57, 0x59, 0x59, 0x5B, 0x59, 0x5D, 0x5B, 0x59, 0x59, 0x59, 0x5B, 0x59, 0x5D, 0x5B, 0x5B,
    0x59, 0x57, 0x59, 0x59, 0x5B, 0x5B, 0x59, 0x5B, 0x57, 0x59, 0x59, 0x5B, 0x5E, 0x61, 0x67, 0x67,
    0x59, 0x5D, 0x5D, 0x5E, 0x60, 0x65, 0x67, 0x71, 0x59, 0x5B, 0x5B, 0x5D, 0x62, 0x62, 0x69, 0x71,
    0x5B, 0x5E, 0x60, 0x62, 0x65, 0x66, 0x6C, 0x71, 0x71, 0x78, 0x82, 0x80, 0x85, 0x86, 0x8F, 0x85,
    0x78, 0x71, 0xDA, 0xF5, 0xF5, 0xF4, 0xF2, 0xEC, 0x78, 0x85, 0x55, 0x51, 0x55, 0x4B, 0x46, 0x3D,
    0x78, 0x78, 0x78, 0x63, 0x60, 0x5D, 0x67, 0x6C, 0x80, 0x78, 0x78, 0x6C, 0x6C, 0x71, 0x71, 0x6C,
    0x80, 0x78, 0xD8, 0xE6, 0xED, 0x97, 0x80, 0x8F, 0x67, 0x78, 0xD4, 0xEE, 0xDB, 0xBD, 0x80, 0x8F,
    0x71, 0x78, 0xDA, 0xEC, 0xD5, 0xB4, 0x80, 0x85, 0x78, 0x71, 0x8F, 0x60, 0xBE, 0x71, 0x78, 0x85,
    0xCC, 0xDC, 0xDB, 0x02, 0x00, 0x00, 0x00, 0x00, 0xCA, 0xDA, 0xDB, 0x02, 0x00, 0x00, 0x00, 0x00,
    0xCA, 0xDA, 0xDA, 0x02, 0x00, 0x00, 0x00, 0x00, 0xC9, 0xD8, 0xDA, 0x02, 0x00, 0x00, 0x00, 0x00,
    0x00, 0x00, 0x00, 0x00, 0x00, 0x00, 0x00, 0x00, 0x00, 0x00, 0x00, 0x00, 0x00, 0x00, 0x00, 0x00,
    0x00, 0x00, 0x00, 0x00, 0x00, 0x00, 0x00, 0x00, 0x00, 0x00, 0x00, 0x00, 0x00, 0x00, 0x00, 0x00,
    0x00, 0x00, 0x00, 0x00, 0x00, 0x00, 0x00, 0x00, 0x00, 0x00, 0x00, 0x00, 0x00, 0x00, 0x00, 0x00,
    0x00, 0x00, 0x00, 0x00, 0x00, 0x00, 0x00, 0x00, 0x00, 0x00, 0x00, 0x00, 0x00, 0x00, 0x00, 0x00,
    0x00, 0x00, 0x00, 0x00, 0x00, 0x00, 0x00, 0x00, 0x00, 0x00, 0x00, 0x00, 0x00, 0x00, 0x00, 0x00,
    0x00, 0x00, 0x00, 0x00, 0x00, 0x00, 0x00, 0x00, 0x00, 0x00, 0x00, 0x00, 0x00, 0x00, 0x00, 0x00,
    0x00, 0x00, 0x00, 0x00, 0x00, 0x00, 0x00, 0x00, 0x00, 0x00, 0x00, 0x00, 0x00, 0x00, 0x00, 0x00,
    0x00, 0x00, 0x00, 0x00, 0x00, 0x00, 0x00, 0x00, 0x00, 0x00, 0x00, 0x00, 0x00, 0x00, 0x00, 0x00,
    0x00, 0x00, 0x00, 0x00, 0x00, 0x00, 0x00, 0x00, 0x00, 0x00, 0x00, 0x00, 0x00, 0x00, 0x00, 0x00,
    0x00, 0x00, 0x00, 0x00, 0x00, 0x00, 0x00, 0x00, 0x00, 0x00, 0x00, 0x00, 0x00, 0x00, 0x00, 0x00,
    0x00, 0x02, 0x54, 0xD7, 0xD8, 0xD3, 0xD3, 0xD3, 0x00, 0x00, 0x03, 0x1D, 0x5C, 0x61, 0x5F, 0x61,
    0x00, 0x00, 0x00, 0x00, 0x00, 0x00, 0x00, 0x00, 0x00, 0x00, 0x00, 0x00, 0x00, 0x00, 0x00, 0x00,
    0xD5, 0xD5, 0xD7, 0xD5, 0xD3, 0xD5, 0xD3, 0xCE, 0x61, 0x5F, 0x5C, 0x5F, 0x61, 0x61, 0x61, 0x61,
    0x00, 0x00, 0x00, 0x00, 0x00, 0x00, 0x00, 0x00, 0x00, 0x00, 0x00, 0x00, 0x00, 0x00, 0x00, 0x00,
    0xCE, 0xD1, 0xCE, 0xCD, 0xCE, 0xCE, 0xCB, 0xCD, 0x5F, 0x5F, 0x5F, 0x66, 0x66, 0x61, 0x5F, 0x61,
    0x00, 0x00, 0x00, 0x00, 0x00, 0x00, 0x00, 0x00, 0x00, 0x00, 0x00, 0x00, 0x00, 0x00, 0x00, 0x00,
    0xCB, 0xCB, 0xC8, 0xCB, 0xBF, 0xC8, 0xBF, 0xCB, 0x61, 0x61, 0x66, 0x61, 0x66, 0x69, 0x69, 0x69,
    0x00, 0x00, 0x00, 0x00, 0x00, 0x00, 0x00, 0x00, 0x00, 0x00, 0x00, 0x00, 0x00, 0x00, 0x00, 0x00,
    0x8D, 0xDC, 0xD9, 0x31, 0x26, 0x19, 0x13, 0x13, 0x74, 0xC4, 0x19, 0x02, 0x02, 0x00, 0x00, 0x00,
    0x00, 0x00, 0x00, 0x00, 0x00, 0x00, 0x00, 0x00, 0x00, 0x00, 0x00, 0x00, 0x00, 0x00, 0x00, 0x00,
    0x13, 0x13, 0x13, 0x11, 0x13, 0x13, 0x0C, 0x0A, 0x00, 0x00, 0x00, 0x00, 0x00, 0x00, 0x00, 0x00,
    0x00, 0x00, 0x00, 0x00, 0x00, 0x00, 0x00, 0x00, 0x00, 0x00, 0x00, 0x00, 0x00, 0x00, 0x00, 0x00,
    0x11, 0x0D, 0x0A, 0x0C, 0x0A, 0x0C, 0x0C, 0x0C, 0x00, 0x00, 0x00, 0x00, 0x00, 0x00, 0x00, 0x00,
    0x00, 0x00, 0x00, 0x00, 0x00, 0x00, 0x00, 0x00, 0x00, 0x00, 0x00, 0x00, 0x00, 0x00, 0x00, 0x00,
    0x0E, 0x0C, 0x0D, 0x19, 0x23, 0x23, 0x26, 0x26, 0x00, 0x00, 0x00, 0x00, 0x00, 0x00, 0x02, 0x02,
    0x00, 0x00, 0x00, 0x00, 0x00, 0x00, 0x00, 0x00, 0x00, 0x00, 0x00, 0x00, 0x00, 0x00, 0x00, 0x00,
    0x2C, 0x2C, 0x2C, 0x23, 0x16, 0x12, 0x12, 0x0C, 0x02, 0x02, 0x02, 0x00, 0x00, 0x00, 0x00, 0x00,
    0x00, 0x00, 0x00, 0x00, 0x00, 0x00, 0x00, 0x00, 0x00, 0x00, 0x00, 0x00, 0x00, 0x00, 0x00, 0x00,
    0x08, 0x0A, 0x0A, 0x0A, 0x0A, 0x0A, 0x0A, 0x0C, 0x00, 0x00, 0x00, 0x00, 0x00, 0x00, 0x00, 0x00,
    0x00, 0x00, 0x00, 0x00, 0x00, 0x00, 0x00, 0x00, 0x00, 0x00, 0x00, 0x00, 0x00, 0x00, 0x00, 0x00,
    0x0C, 0x0E, 0x12, 0x13, 0x0E, 0x0C, 0x0E, 0x11, 0x00, 0x00, 0x00, 0x00, 0x00, 0x00, 0x00, 0x00,
    0x00, 0x00, 0x00, 0x00, 0x00, 0x00, 0x00, 0x00, 0x00, 0x00, 0x00, 0x00, 0x00, 0x00, 0x00, 0x00,
    0x0E, 0x19, 0x23, 0x40, 0xCB, 0xCB, 0x76, 0x93, 0x00, 0x00, 0x00, 0x02, 0x07, 0x5F, 0x74, 0x5F,
    0x00, 0x00, 0x00, 0x00, 0x00, 0x00, 0x00, 0x00, 0x00, 0x00, 0x00, 0x00, 0x00, 0x00, 0x00, 0x00,
    0x9A, 0x9A, 0x9A, 0x9A, 0xA9, 0xA3, 0x9A, 0x9A, 0x59, 0x59, 0x5C, 0x5C, 0x5C, 0x5F, 0x61, 0x5F,
    0x00, 0x00, 0x00, 0x00, 0x00, 0x00, 0x00, 0x00, 0x00, 0x00, 0x00, 0x00, 0x00, 0x00, 0x00, 0x00,
    0x9A, 0xA3, 0xA9, 0xAE, 0xB9, 0xBF, 0xB9, 0xBF, 0x5F, 0x5F, 0x5C, 0x54, 0x50, 0x4B, 0x52, 0x54,
    0x00, 0x00, 0x00, 0x00, 0x00, 0x00, 0x00, 0x00, 0x00, 0x00, 0x00, 0x00, 0x00, 0x00, 0x00, 0x00,
    0xBF, 0xC4, 0xC4, 0xB5, 0xB9, 0xC8, 0xAE, 0xA3, 0x5C, 0x61, 0x61, 0x76, 0x76, 0x76, 0x93, 0x9A,
    0x00, 0x00, 0x00, 0x00, 0x00, 0x00, 0x00, 0x00, 0x00, 0x00, 0x00, 0x00, 0x00, 0x00, 0x00, 0x00,
    0xB9, 0xC8, 0xBF, 0xE2, 0xE1, 0x04, 0x00, 0x00, 0xA3, 0xAE, 0xBF, 0xA9, 0x0C, 0x00, 0x00, 0x00,
    0x00, 0x00, 0x00, 0x00, 0x00, 0x00, 0x00, 0x00, 0x00, 0x00, 0x00, 0x00, 0x00, 0x00, 0x00, 0x00,
    0x00, 0x00, 0x00, 0x00, 0x00, 0x00, 0x00, 0x00, 0x00, 0x00, 0x00, 0x00, 0x00, 0x00, 0x00, 0x00,
    0x00, 0x00, 0x00, 0x00, 0x00, 0x00, 0x00, 0x00, 0x00, 0x00, 0x00, 0x00, 0x00, 0x00, 0x00, 0x00,
    0x00, 0x00, 0x00, 0x00, 0x00, 0x00, 0x00, 0x00, 0x00, 0x00, 0x00, 0x00, 0x00, 0x00, 0x00, 0x00,
    0x00, 0x00, 0x00, 0x00, 0x00, 0x00, 0x00, 0x00, 0x00, 0x00, 0x00, 0x00, 0x00, 0x00, 0x00, 0x00,
    0x0F, 0xF1, 0xF2, 0xFA, 0xFB, 0xFB, 0x1B, 0x00, 0x00, 0xEF, 0xEF, 0xF8, 0xFB, 0xFB, 0xF9, 0x03,
    0x00, 0x05, 0xED, 0xF2, 0xF9, 0xFB, 0xFB, 0xF6, 0x00, 0x00, 0x59, 0xEF, 0xF4, 0xFA, 0xFB, 0xFB,
    0x00, 0x00, 0x00, 0x00, 0x00, 0x00, 0x00, 0x00, 0x00, 0x00, 0x00, 0x00, 0x00, 0x00, 0x00, 0x00,
    0x40, 0x00, 0x00, 0x00, 0x00, 0x00, 0x00, 0x00, 0xF9, 0xD8, 0x03, 0x00, 0x00, 0x00, 0x00, 0x00,
    0x00, 0xC9, 0xD7, 0xC1, 0x67, 0x4E, 0x4E, 0x4E, 0x00, 0xC9, 0xDA, 0xC6, 0x67, 0x51, 0x4E, 0x51,
    0x00, 0xCA, 0xDD, 0xC6, 0x67, 0x51, 0x51, 0x51, 0x00, 0xD0, 0xE1, 0xC6, 0x67, 0x51, 0x4E, 0x51,
    0x51, 0x53, 0x53, 0x55, 0x55, 0x59, 0x55, 0x57, 0x51, 0x51, 0x53, 0x55, 0x55, 0x57, 0x5C, 0x60,
    0x51, 0x51, 0x55, 0x55, 0x5D, 0x59, 0x62, 0x97, 0x51, 0x52, 0x53, 0x59, 0x65, 0xC1, 0xE2, 0xEB,
    0x59, 0x60, 0x63, 0x69, 0x6C, 0x71, 0x86, 0x9D, 0x60, 0x67, 0xA4, 0xCA, 0xDA, 0xDE, 0xE3, 0xE5,
    0xD7, 0xE2, 0xEA, 0xEB, 0xEB, 0xEB, 0xEA, 0xE8, 0xEC, 0xEC, 0xE8, 0xE1, 0xD7, 0xD1, 0xC6, 0xBC,
    0xA6, 0xB6, 0xBD, 0xBD, 0xB6, 0xB6, 0xB0, 0xA4, 0xE8, 0xE8, 0xE8, 0xE8, 0xE8, 0xE6, 0xE3, 0xE1,
    0xE6, 0xE6, 0xE5, 0xE5, 0xE6, 0xE6, 0xE8, 0xE6, 0xB1, 0xB0, 0xB0, 0xB0, 0xB1, 0xB6, 0xC1, 0xC9,
    0x95, 0x85, 0x80, 0x7B, 0x78, 0x78, 0x78, 0x78, 0xD9, 0xD0, 0xB2, 0x8F, 0x7F, 0x80, 0x85, 0x80,
    0xE6, 0xE5, 0xE4, 0xE1, 0xD7, 0xBC, 0x95, 0x84, 0xD1, 0xD7, 0xDD, 0xE2, 0xE4, 0xE4, 0xDE, 0xD0,
    0x78, 0x78, 0x6C, 0x71, 0x67, 0x80, 0x80, 0x85, 0x78, 0x80, 0x80, 0x80, 0x85, 0x85, 0x85, 0x82,
    0x85, 0x83, 0x85, 0x85, 0x85, 0x8F, 0x8F, 0x85, 0xA6, 0x85, 0x86, 0x97, 0x97, 0x9D, 0x97, 0x85,
    0xC6, 0xD9, 0xDB, 0x02, 0x00, 0x00, 0x00, 0x00, 0xC6, 0xDA, 0xDC, 0x02, 0x00, 0x00, 0x00, 0x00,
    0xBD, 0xDA, 0xDC, 0x02, 0x00, 0x00, 0x00, 0x00, 0xB6, 0xDA, 0xDC, 0x02, 0x00, 0x00, 0x00, 0x00,
    0x00, 0x00, 0x00, 0x00, 0x00, 0x00, 0x00, 0x00, 0x00, 0x00, 0x00, 0x00, 0x00, 0x00, 0x00, 0x00,
    0x00, 0x00, 0x00, 0x00, 0x00, 0x00, 0x00, 0x00, 0x00, 0x00, 0x00, 0x00, 0x00, 0x00, 0x00, 0x00,
    0x00, 0x00, 0x00, 0x00, 0x00, 0x00, 0x00, 0x00, 0x00, 0x00, 0x00, 0x00, 0x00, 0x00, 0x00, 0x00,
    0x00, 0x00, 0x00, 0x00, 0x00, 0x00, 0x00, 0x00, 0x00, 0x00, 0x00, 0x00, 0x00, 0x00, 0x00, 0x00,
    0x00, 0x00, 0x00, 0x00, 0x00, 0x00, 0x00, 0x00, 0x00, 0x00, 0x00, 0x00, 0x00, 0x00, 0x00, 0x00,
    0x00, 0x00, 0x00, 0x00, 0x00, 0x00, 0x00, 0x00, 0x00, 0x00, 0x00, 0x00, 0x00, 0x00, 0x00, 0x00,
    0x00, 0x00, 0x00, 0x00, 0x00, 0x00, 0x00, 0x00, 0x00, 0x00, 0x00, 0x00, 0x00, 0x00, 0x00, 0x00,
    0x00, 0x00, 0x00, 0x00, 0x00, 0x00, 0x00, 0x00, 0x00, 0x00, 0x00, 0x00, 0x00, 0x00, 0x00, 0x00,
    0x00, 0x00, 0x00, 0x00, 0x00, 0x00, 0x00, 0x00, 0x00, 0x00, 0x00, 0x00, 0x00, 0x00, 0x00, 0x00,
    0x00, 0x00, 0x00, 0x00, 0x00, 0x00, 0x00, 0x00, 0x00, 0x00, 0x00, 0x00, 0x00, 0x00, 0x00, 0x00,
    0x00, 0x00, 0x00, 0x00, 0x00, 0x00, 0x00, 0x00, 0x00, 0x00, 0x00, 0x00, 0x00, 0x00, 0x00, 0x00,
    0x00, 0x00, 0x00, 0x00, 0x00, 0x00, 0x00, 0x00, 0x00, 0x00, 0x00, 0x00, 0x00, 0x00, 0x00, 0x00,
    0x00, 0x00, 0x00, 0x00, 0x00, 0x00, 0x00, 0x00, 0x00, 0x00, 0x00, 0x00, 0x00, 0x00, 0x00, 0x00,
    0x00, 0x00, 0x00, 0x00, 0x00, 0x00, 0x00, 0x00, 0x00, 0x00, 0x00, 0x00, 0x00, 0x00, 0x00, 0x00,
    0x00, 0x00, 0x00, 0x00, 0x00, 0x00, 0x00, 0x00, 0x00, 0x00, 0x00, 0x00, 0x00, 0x00, 0x00, 0x00,
    0x00, 0x00, 0x00, 0x00, 0x00, 0x00, 0x00, 0x00, 0x00, 0x00, 0x00, 0x00, 0x00, 0x00, 0x00, 0x00,
    0x00, 0x00, 0x00, 0x00, 0x00, 0x00, 0x00, 0x00, 0x00, 0x00, 0x00, 0x00, 0x00, 0x00, 0x00, 0x00,
    0x00, 0x00, 0x00, 0x00, 0x00, 0x00, 0x00, 0x00, 0x00, 0x00, 0x00, 0x00, 0x00, 0x02, 0x02, 0x02,
    0x00, 0x00, 0x00, 0x00, 0x00, 0x00, 0x00, 0x00, 0x00, 0x00, 0x00, 0x00, 0x00, 0x00, 0x00, 0x00,
    0x00, 0x00, 0x00, 0x00, 0x00, 0x00, 0x00, 0x00, 0x03, 0x03, 0x04, 0x05, 0x07, 0x0D, 0x0F, 0x13,
    0x00, 0x00, 0x00, 0x00, 0x00, 0x00, 0x00, 0x00, 0x00, 0x00, 0x00, 0x00, 0x00, 0x00, 0x00, 0x00,
    0x00, 0x00, 0x00, 0x00, 0x00, 0x00, 0x00, 0x00, 0x23, 0x26, 0x2C, 0x33, 0x3F, 0x49, 0x50, 0x53,
    0x00, 0x00, 0x00, 0x00, 0x00, 0x00, 0x00, 0x00, 0x00, 0x00, 0x00, 0x00, 0x00, 0x00, 0x00, 0x00,
    0x00, 0x00, 0x00, 0x00, 0x00, 0x00, 0x00, 0x00, 0x51, 0x50, 0x53, 0x51, 0x51, 0x53, 0x57, 0x53,
    0x00, 0x00, 0x00, 0x00, 0x00, 0x00, 0x00, 0x00, 0x00, 0x00, 0x00, 0x00, 0x00, 0x00, 0x00, 0x00,
    0x00, 0x00, 0x00, 0x00, 0x00, 0x00, 0x00, 0x00, 0x53, 0x5B, 0x6A, 0x65, 0x60, 0x5E, 0x55, 0x52,
    0x00, 0x00, 0x00, 0x00, 0x00, 0x00, 0x00, 0x00, 0x00, 0x00, 0x00, 0x00, 0x00, 0x00, 0x00, 0x00,
    0x00, 0x00, 0x00, 0x00, 0x00, 0x00, 0x00, 0x00, 0x4C, 0x4E, 0x57, 0x53, 0x5D, 0x5E, 0x57, 0x4D,
    0x00, 0x00, 0x00, 0x00, 0x00, 0x00, 0x00, 0x00, 0x00, 0x00, 0x00, 0x00, 0x00, 0x00, 0x00, 0x00,
    0x00, 0x00, 0x00, 0x00, 0x00, 0x00, 0x00, 0x00, 0x4D, 0x50, 0x50, 0x51, 0x4E, 0x4E, 0x50, 0x4E,
    0x00, 0x00, 0x00, 0x00, 0x00, 0x00, 0x00, 0x00, 0x00, 0x00, 0x00, 0x00, 0x00, 0x00, 0x00, 0x00,
    0x00, 0x00, 0x00, 0x00, 0x00, 0x00, 0x00, 0x00, 0x48, 0x40, 0x36, 0x2C, 0x23, 0x23, 0x19, 0x12,
    0x00, 0x00, 0x00, 0x00, 0x00, 0x00, 0x00, 0x00, 0x00, 0x00, 0x00, 0x00, 0x00, 0x00, 0x00, 0x00,
    0x00, 0x00, 0x00, 0x00, 0x00, 0x00, 0x00, 0x00, 0x0F, 0x0A, 0x08, 0x05, 0x04, 0x03, 0x03, 0x02,
    0x00, 0x00, 0x00, 0x00, 0x00, 0x00, 0x00, 0x00, 0x00, 0x00, 0x00, 0x00, 0x00, 0x00, 0x00, 0x00,
    0x00, 0x00, 0x00, 0x00, 0x00, 0x00, 0x00, 0x00, 0x02, 0x02, 0x02, 0x00, 0x00, 0x00, 0x00, 0x00,
    0x00, 0x00, 0x00, 0x00, 0x00, 0x00, 0x00, 0x00, 0x00, 0x00, 0x00, 0x00, 0x00, 0x00, 0x00, 0x00,
    0x00, 0x00, 0x00, 0x00, 0x00, 0x00, 0x00, 0x00, 0x00, 0x00, 0x00, 0x00, 0x00, 0x00, 0x00, 0x00,
    0x00, 0x00, 0x00, 0x00, 0x00, 0x00, 0x00, 0x00, 0x00, 0x00, 0x00, 0x00, 0x00, 0x00, 0x00, 0x00,
    0x00, 0x00, 0x00, 0x00, 0x00, 0x00, 0x00, 0x00, 0x00, 0x00, 0x00, 0x00, 0x00, 0x00, 0x00, 0x00,
    0x00, 0x00, 0x00, 0x00, 0x00, 0x00, 0x00, 0x00, 0x00, 0x00, 0x00, 0x00, 0x00, 0x00, 0x00, 0x00,
    0x00, 0x00, 0x00, 0x00, 0x00, 0x00, 0x00, 0x00, 0x00, 0x00, 0x00, 0x00, 0x00, 0x00, 0x00, 0x00,
    0x00, 0x00, 0x00, 0x00, 0x00, 0x00, 0x00, 0x00, 0x00, 0x00, 0x00, 0x00, 0x00, 0x00, 0x00, 0x00,
    0x00, 0x00, 0x00, 0x00, 0x00, 0x00, 0x00, 0x00, 0x00, 0x00, 0x00, 0x00, 0x00, 0x00, 0x00, 0x00,
    0x00, 0x00, 0x00, 0x00, 0x00, 0x00, 0x00, 0x00, 0x00, 0x00, 0x00, 0x00, 0x00, 0x00, 0x00, 0x00,
    0x00, 0x00, 0x00, 0x00, 0x00, 0x00, 0x00, 0x00, 0x00, 0x00, 0x00, 0x00, 0x00, 0x00, 0x00, 0x00,
    0x00, 0x00, 0x00, 0xD5, 0xEF, 0xF7, 0xFA, 0xFB, 0x00, 0x00, 0x00, 0x00, 0x81, 0xEE, 0xF5, 0xFA,
    0x00, 0x00, 0x00, 0x00, 0x00, 0x4B, 0xEC, 0xF3, 0x00, 0x00, 0x00, 0x00, 0x00, 0x00, 0x03, 0xDC,
    0xFB, 0xFA, 0xF8, 0xCB, 0x03, 0x00, 0x00, 0x00, 0xFB, 0xFB, 0xFB, 0xFB, 0xF9, 0xD5, 0x19, 0x02,
    0xF9, 0xFA, 0xFB, 0xFB, 0xFB, 0xFB, 0xFB, 0xF5, 0xEF, 0xF7, 0xFA, 0xFA, 0xFB, 0xFB, 0xFB, 0xFC,
    0x00, 0xD2, 0xE2, 0xCA, 0x69, 0x4E, 0x4E, 0x50, 0x00, 0xCE, 0xE5, 0xCC, 0x67, 0x4D, 0x51, 0x51,
    0xDB, 0xE2, 0xE8, 0xD0, 0x67, 0x4E, 0x53, 0x55, 0xFD, 0xEE, 0xE8, 0xD1, 0x6A, 0x50, 0x6F, 0xE4,
    0x51, 0x52, 0x5B, 0xC7, 0xE6, 0xEC, 0xED, 0xEA, 0x4E, 0x85, 0xE5, 0xED, 0xED, 0xE5, 0xD2, 0xB2,
    0xD9, 0xEC, 0xEE, 0xE6, 0xCD, 0x9F, 0x6A, 0x5D, 0xEF, 0xEB, 0xD5, 0xA4, 0x63, 0x60, 0x63, 0x63,
    0xDC, 0xD0, 0xB1, 0x95, 0x78, 0x6C, 0x67, 0x63, 0x7E, 0x65, 0x60, 0x63, 0x63, 0x65, 0x67, 0x67,
    0x60, 0x63, 0x67, 0x67, 0x67, 0x65, 0x67, 0x65, 0x67, 0x63, 0x65, 0x6A, 0x65, 0x6A, 0x6C, 0x6A,
    0x67, 0x63, 0x67, 0x67, 0x69, 0x6C, 0x71, 0x78, 0x6C, 0x67, 0x6C, 0x6C, 0x6C, 0x71, 0x71, 0x6C,
    0x67, 0x67, 0x69, 0x6A, 0x6C, 0x6C, 0x6C, 0x6C, 0x6C, 0x6A, 0x6C, 0x6C, 0x6C, 0x71, 0x71, 0x71,
    0x8F, 0x9F, 0xB0, 0xB6, 0xC9, 0xD7, 0xE1, 0xE4, 0x6C, 0x6C, 0x71, 0x78, 0x95, 0xA4, 0xB0, 0xCA,
    0x71, 0x71, 0x71, 0x6C, 0x6C, 0x71, 0x82, 0x85, 0x71, 0x71, 0x71, 0x71, 0x71, 0x71, 0x6C, 0x71,
    0xE2, 0xD5, 0xAC, 0x97, 0x9F, 0xA4, 0x9F, 0x80, 0xDD, 0xE5, 0xE3, 0xD2, 0xA4, 0xA6, 0x9F, 0x82,
    0x9D, 0xC6, 0xDE, 0xE5, 0xE1, 0xC6, 0x96, 0x78, 0x80, 0x78, 0x85, 0xCC, 0xE3, 0xE6, 0xD1, 0x71,
    0xB6, 0xD9, 0xDC, 0x02, 0x00, 0x00, 0x00, 0x00, 0xB1, 0xD9, 0xD9, 0x02, 0x00, 0x00, 0x00, 0x00,
    0xA5, 0xD8, 0xD7, 0x02, 0x00, 0x00, 0x00, 0x00, 0xA5, 0xD5, 0xD5, 0x03, 0x00, 0x00, 0x00, 0x00,
    0x00, 0x00, 0x00, 0x00, 0x00, 0x00, 0x00, 0x00, 0x00, 0x00, 0x00, 0x00, 0x00, 0x00, 0x00, 0x00,
    0x00, 0x00, 0x00, 0x00, 0x00, 0x00, 0x00, 0x00, 0x00, 0x00, 0x00, 0x00, 0x00, 0x00, 0x00, 0x00,
    0x00, 0x00, 0x00, 0x00, 0x00, 0x00, 0x00, 0x00, 0x00, 0x00, 0x00, 0x00, 0x00, 0x00, 0x00, 0x00,
    0x00, 0x00, 0x00, 0x00, 0x00, 0x00, 0x00, 0x00, 0x00, 0x00, 0x00, 0x00, 0x00, 0x00, 0x00, 0x00,
    0x00, 0x00, 0x00, 0x00, 0x00, 0x00, 0x00, 0x00, 0x00, 0x00, 0x00, 0x00, 0x00, 0x00, 0x00, 0x00,
    0x00, 0x00, 0x00, 0x00, 0x00, 0x00, 0x00, 0x00, 0x00, 0x00, 0x00, 0x00, 0x00, 0x00, 0x00, 0x00,
    0x00, 0x00, 0x00, 0x00, 0x00, 0x00, 0x00, 0x00, 0x00, 0x00, 0x00, 0x00, 0x00, 0x00, 0x00, 0x00,
    0x00, 0x00, 0x00, 0x00, 0x00, 0x00, 0x00, 0x00, 0x00, 0x00, 0x00, 0x00, 0x00, 0x00, 0x00, 0x00,
    0x00, 0x00, 0x00, 0x00, 0x00, 0x00, 0x00, 0x00, 0x00, 0x00, 0x00, 0x00, 0x00, 0x00, 0x00, 0x00,
    0x00, 0x00, 0x00, 0x00, 0x00, 0x00, 0x00, 0x00, 0x00, 0x00, 0x00, 0x00, 0x00, 0x00, 0x00, 0x00,
    0x00, 0x00, 0x00, 0x00, 0x00, 0x00, 0x00, 0x00, 0x00, 0x0A, 0x08, 0x0A, 0x07, 0x07, 0x07, 0x07,
    0x00, 0x6C, 0x1C, 0x0D, 0x0A, 0x0F, 0x0C, 0x09, 0x02, 0xD3, 0x82, 0x62, 0x5E, 0x6F, 0x6A, 0x6A,
    0x00, 0x00, 0x00, 0x00, 0x00, 0x00, 0x00, 0x00, 0x0C, 0x08, 0x07, 0x07, 0x07, 0x07, 0x07, 0x05,
    0x0A, 0x0A, 0x08, 0x0C, 0x0F, 0x0F, 0x0F, 0x11, 0x6F, 0x6C, 0x71, 0x73, 0x6F, 0x70, 0x71, 0x6C,
    0x00, 0x00, 0x00, 0x00, 0x00, 0x00, 0x00, 0x00, 0x07, 0x07, 0x0B, 0x07, 0x05, 0x05, 0x07, 0x07,
    0x0F, 0x7F, 0x01, 0x8A, 0x09, 0x15, 0x13, 0x11, 0x6A, 0x42, 0x29, 0x14, 0x51, 0x85, 0x78, 0x80,
    0x00, 0x00, 0x00, 0x02, 0x4C, 0x2E, 0x3F, 0x38, 0x05, 0x04, 0x04, 0x05, 0xD0, 0x78, 0x5B, 0x51,
    0x12, 0x12, 0x0C, 0x0D, 0x0C, 0x0F, 0x0F, 0x12, 0x85, 0x85, 0x85, 0x85, 0x82, 0x86, 0x85, 0x8F,
    0x33, 0x28, 0x20, 0x15, 0x13, 0x15, 0x12, 0x12, 0x4C, 0x4D, 0x53, 0x73, 0x65, 0x55, 0x4C, 0x41,
    0x0F, 0x1A, 0xBD, 0x95, 0x5D, 0x4D, 0x48, 0x3B, 0x85, 0xAC, 0xBD, 0x15, 0x15, 0x15, 0x15, 0x15,
    0x0D, 0x0F, 0x0F, 0x0D, 0x0D, 0x0D, 0x0C, 0x0C, 0x3D, 0x2C, 0x28, 0x26, 0x25, 0x26, 0x28, 0x28,
    0x33, 0x2E, 0x28, 0x25, 0x25, 0x23, 0x25, 0x23, 0x15, 0x16, 0x15, 0x16, 0x15, 0x16, 0x16, 0x15,
    0x0C, 0x0C, 0x0C, 0x0C, 0x0C, 0x0C, 0x0C, 0x0C, 0x28, 0x2E, 0x2C, 0x2C, 0x28, 0x28, 0x28, 0x28,
    0x25, 0x23, 0x25, 0x25, 0x24, 0x23, 0x25, 0x23, 0x15, 0x15, 0x16, 0x16, 0x16, 0x15, 0x19, 0x15,
    0x0C, 0x0C, 0x0A, 0x0C, 0x0C, 0x0C, 0x0C, 0x0C, 0x28, 0x2E, 0x33, 0x33, 0x38, 0x3D, 0x3F, 0x48,
    0x23, 0x25, 0x25, 0x25, 0x28, 0x28, 0x2E, 0x33, 0x16, 0x16, 0x15, 0x16, 0x15, 0x16, 0x16, 0x16,
    0x0C, 0x0C, 0x0C, 0x0C, 0x0C, 0x0C, 0x0C, 0x0C, 0x49, 0x49, 0x49, 0x49, 0x4A, 0x4A, 0x4B, 0x4B,
    0x33, 0x33, 0x33, 0x38, 0x38, 0x3D, 0x3B, 0x3F, 0x16, 0x15, 0x16, 0x15, 0x16, 0x16, 0x16, 0x15,
    0x0D, 0x0F, 0x12, 0x12, 0x12, 0x12, 0x13, 0x12, 0x4C, 0x4B, 0x4C, 0x4C, 0x4C, 0x4E, 0x4E, 0x50,
    0x40, 0x46, 0x48, 0x48, 0x48, 0x46, 0x47, 0x47, 0x15, 0x15, 0x16, 0x15, 0x16, 0x16, 0x16, 0x16,
    0x16, 0x15, 0x15, 0x18, 0x1B, 0x1B, 0x1D, 0x21, 0x52, 0x57, 0x5D, 0x63, 0x6E, 0x78, 0x8F, 0xA4,
    0x4C, 0x4D, 0x51, 0x55, 0x5B, 0x5E, 0x65, 0x6F, 0x15, 0x16, 0x15, 0x15, 0x16, 0x16, 0x15, 0x16,
    0x24, 0x23, 0x25, 0x23, 0x25, 0x38, 0x4E, 0x52, 0xB2, 0xBD, 0xCC, 0xD2, 0xD9, 0xCC, 0xB2, 0xB6,
    0x77, 0x7E, 0x96, 0xA6, 0xCA, 0xA6, 0x33, 0x46, 0x15, 0x15, 0x13, 0x12, 0x12, 0x52, 0x53, 0xA5,
    0x5E, 0x5E, 0x51, 0x79, 0x02, 0x02, 0x00, 0x00, 0xC6, 0xCC, 0xD7, 0xE1, 0x49, 0x51, 0x4E, 0x4C,
    0x48, 0x46, 0x41, 0x3F, 0x49, 0x4E, 0x4C, 0x4C, 0xB6, 0xB0, 0xB1, 0xAC, 0xB6, 0xB6, 0xB1, 0xB1,
    0x00, 0x00, 0x00, 0x00, 0x00, 0x00, 0x00, 0x00, 0x2E, 0x33, 0x2E, 0x25, 0x25, 0x27, 0x25, 0x25,
    0x49, 0x47, 0x49, 0x4C, 0x4E, 0x4E, 0x4E, 0x4E, 0xAA, 0xB0, 0xB0, 0xB0, 0xB1, 0xB1, 0xAA, 0xA6,
    0x00, 0x00, 0x00, 0x00, 0x00, 0x00, 0x00, 0x00, 0x26, 0x25, 0x26, 0x25, 0x25, 0x28, 0x2E, 0x25,
    0x4D, 0x4C, 0x4C, 0x4E, 0x4C, 0x49, 0x49, 0x4C, 0xA6, 0xAC, 0xAC, 0xB1, 0xB4, 0xB6, 0xB6, 0xB6,
    0x00, 0x00, 0x00, 0x00, 0x00, 0x00, 0x00, 0x00, 0x23, 0x2E, 0x33, 0x3D, 0x3D, 0x48, 0x00, 0x00,
    0x49, 0x41, 0x41, 0x48, 0x4B, 0xB6, 0x00, 0x00, 0xB6, 0xB6, 0xC1, 0xB1, 0xC9, 0xD3, 0x00, 0x00,
    0x00, 0x00, 0x00, 0x00, 0x00, 0x00, 0x00, 0x00, 0x00, 0x00, 0x00, 0x00, 0x00, 0x00, 0x00, 0x00,
    0x00, 0x00, 0x00, 0x00, 0x00, 0x00, 0x00, 0x00, 0x00, 0x00, 0x00, 0x00, 0x00, 0x00, 0x00, 0x00,
    0x00, 0x00, 0x00, 0x00, 0x00, 0x00, 0x00, 0x00, 0x00, 0x00, 0x00, 0x00, 0x00, 0x00, 0x00, 0x00,
    0x00, 0x00, 0x00, 0x00, 0x00, 0x00, 0x00, 0x00, 0x00, 0x00, 0x00, 0x00, 0x00, 0x00, 0x00, 0x00,
    0x00, 0x00, 0x00, 0x00, 0x00, 0x00, 0x00, 0x00, 0x00, 0x00, 0x00, 0x00, 0x00, 0x00, 0x00, 0x00,
    0x00, 0x00, 0x00, 0x00, 0x00, 0x00, 0x00, 0x00, 0x00, 0x00, 0x00, 0x00, 0x00, 0x00, 0x00, 0x00,
    0x10, 0xE2, 0xF2, 0xF9, 0xFA, 0xFB, 0xFB, 0xFB, 0x00, 0x02, 0x0C, 0xDC, 0xF2, 0xFA, 0xFB, 0xFB,
    0x00, 0x00, 0x00, 0x00, 0x03, 0x61, 0xEC, 0xFA, 0x00, 0x00, 0x00, 0x00, 0x00, 0x00, 0x00, 0x03,
    0xFC, 0xEF, 0xEA, 0xD9, 0x6C, 0x82, 0xEC, 0xEF, 0xFC, 0xEF, 0xEA, 0xDC, 0xC1, 0xEC, 0xED, 0xDB,
    0xFC, 0xEF, 0xEA, 0xE4, 0xEE, 0xED, 0xD0, 0x85, 0x47, 0xEF, 0xED, 0xEF, 0xEC, 0xD0, 0x6C, 0x5B,
    0xE1, 0xC1, 0x71, 0x60, 0x63, 0x65, 0x63, 0x63, 0x9F, 0x63, 0x63, 0x63, 0x63, 0x63, 0x62, 0x62,
    0x60, 0x67, 0x67, 0x63, 0x62, 0x62, 0x5E, 0x5E, 0x62, 0x65, 0x62, 0x62, 0x5E, 0x60, 0x5E, 0x62,
    0x62, 0x5E, 0x52, 0x4E, 0x4E, 0x50, 0x50, 0x51, 0x62, 0x55, 0x6A, 0x5E, 0x65, 0x65, 0x67, 0x6A,
    0x5E, 0x95, 0xC6, 0xC1, 0xC9, 0xCA, 0xCA, 0xCA, 0x5B, 0xCC, 0xBD, 0xBD, 0xBD, 0xBD, 0xBD, 0xBD,
    0x51, 0x52, 0x55, 0x52, 0x55, 0x57, 0x59, 0x55, 0x6C, 0x6F, 0x73, 0x73, 0x73, 0x73, 0x73, 0x78,
    0xCA, 0xC1, 0xCC, 0xCA, 0xC9, 0xC9, 0xC9, 0xCA, 0xB0, 0xB1, 0x65, 0xB0, 0xC6, 0xBD, 0xBD, 0xBD,
    0x59, 0x5B, 0x71, 0x71, 0x71, 0x71, 0x71, 0x6C, 0x7E, 0x5B, 0x5B, 0x6C, 0x71, 0x71, 0x71, 0x71,
    0xCA, 0xCA, 0x5D, 0x6C, 0x6C, 0x6F, 0x71, 0x71, 0xBD, 0xCA, 0x73, 0x67, 0x6C, 0x6C, 0x6C, 0x6C,
    0x6C, 0x78, 0x71, 0x6C, 0x95, 0xDD, 0xE1, 0xBD, 0x71, 0x6C, 0x71, 0x71, 0x63, 0x6F, 0xCA, 0xCC,
    0x71, 0x71, 0x6C, 0x71, 0x78, 0x5D, 0x6A, 0xD0, 0x6C, 0x71, 0x6C, 0x6C, 0x71, 0x78, 0x59, 0x73,
    0xAC, 0xD1, 0xD2, 0x04, 0x00, 0x00, 0x00, 0x00, 0xA4, 0xC1, 0xD0, 0x25, 0x00, 0x00, 0x00, 0x00,
    0xCA, 0xCC, 0xD2, 0xA4, 0x02, 0x00, 0x00, 0x00, 0xD7, 0xD9, 0xDC, 0xDD, 0x23, 0x00, 0x00, 0x00,
    0x00, 0x00, 0x00, 0x00, 0x00, 0x00, 0x00, 0x00, 0x00, 0x00, 0x00, 0x00, 0x00, 0x00, 0x00, 0x00,
    0x00, 0x00, 0x00, 0x00, 0x00, 0x00, 0x00, 0x00, 0x00, 0x00, 0x00, 0x00, 0x00, 0x00, 0x00, 0x00,
    0x00, 0x00, 0x00, 0x00, 0x00, 0x00, 0x00, 0x00, 0x00, 0x00, 0x00, 0x00, 0x00, 0x00, 0x00, 0x00,
    0x00, 0x00, 0x00, 0x00, 0x00, 0x00, 0x00, 0x00, 0x00, 0x00, 0x00, 0x00, 0x00, 0x00, 0x00, 0x00,
    0x00, 0x00, 0x00, 0x00, 0x00, 0x00, 0x00, 0x00, 0x00, 0x00, 0x00, 0x00, 0x00, 0x00, 0x00, 0x00,
    0x00, 0x00, 0x00, 0x00, 0x00, 0x00, 0x00, 0x00, 0x00, 0x00, 0x00, 0x00, 0x00, 0x00, 0x00, 0x00,
    0x00, 0x00, 0x00, 0x00, 0x00, 0x00, 0x00, 0x00, 0x00, 0x00, 0x00, 0x00, 0x00, 0x00, 0x00, 0x00,
    0x00, 0x00, 0x00, 0x00, 0x00, 0x00, 0x00, 0x00, 0x00, 0x00, 0x00, 0x00, 0x00, 0x00, 0x00, 0x00,
    0x00, 0x00, 0x00, 0x00, 0x00, 0x00, 0x00, 0x00, 0x00, 0x00, 0x00, 0x00, 0x00, 0x00, 0x00, 0x00,
    0x00, 0x00, 0x00, 0x00, 0x00, 0x00, 0x00, 0x00, 0x00, 0x00, 0x00, 0x00, 0x00, 0x00, 0x00, 0x00,
    0x02, 0xD7, 0x95, 0x70, 0x6B, 0x63, 0x63, 0x62, 0x02, 0xD7, 0x95, 0x73, 0x70, 0x63, 0x63, 0x62,
    0x02, 0xDD, 0xA5, 0x6F, 0x70, 0x65, 0x63, 0x63, 0x03, 0xE6, 0x97, 0x6A, 0x73, 0x65, 0x67, 0x67,
    0x62, 0x63, 0x63, 0x65, 0x63, 0x63, 0x67, 0x63, 0x63, 0x65, 0x67, 0x65, 0x67, 0x67, 0x6A, 0x67,
    0x67, 0x67, 0x67, 0x6A, 0x6C, 0x6C, 0x6C, 0x67, 0x67, 0x67, 0x6C, 0x6C, 0x6C, 0x6C, 0x6C, 0x6C,
    0x63, 0x4D, 0x42, 0x4C, 0x68, 0x6F, 0x6C, 0x71, 0x65, 0x71, 0x79, 0x80, 0x71, 0x6C, 0x6C, 0x71,
    0x67, 0x6F, 0x71, 0x71, 0x71, 0x71, 0x71, 0x71, 0x6A, 0x71, 0x71, 0x71, 0x71, 0x71, 0x71, 0x71,
    0x71, 0x71, 0x71, 0x72, 0x71, 0x7B, 0x76, 0x78, 0x71, 0x71, 0x71, 0x78, 0x78, 0x80, 0x80, 0x78,
    0x71, 0x71, 0x71, 0x78, 0x78, 0x80, 0x80, 0x80, 0x78, 0x78, 0x78, 0x78, 0x78, 0x80, 0x80, 0x80,
    0x71, 0x80, 0xDA, 0xC9, 0xAC, 0x97, 0x85, 0x85, 0x78, 0x80, 0xD8, 0xB6, 0x8F, 0x78, 0x71, 0x71,
    0x80, 0x7E, 0xD7, 0xC1, 0x8F, 0x78, 0x71, 0x71, 0x80, 0x7E, 0xD7, 0xC6, 0x86, 0x7E, 0x71, 0x6C,
    0x85, 0x86, 0x85, 0x85, 0x85, 0x8C, 0x86, 0x86, 0x71, 0x71, 0x71, 0x71, 0x71, 0x6F, 0x6C, 0x6A,
    0x71, 0x71, 0x71, 0x6C, 0x71, 0x71, 0x67, 0x66, 0x71, 0x6C, 0x6C, 0x6C, 0x6C, 0x6C, 0x71, 0x4D,
    0x6E, 0x85, 0x97, 0x8F, 0x8F, 0x8F, 0x8F, 0x8F, 0x97, 0x78, 0x6C, 0x71, 0x6E, 0x6E, 0x71, 0x6C,
    0xF1, 0xCA, 0x59, 0x71, 0x71, 0x71, 0x71, 0x71, 0xEA, 0xD1, 0x59, 0x6C, 0x6C, 0x71, 0x6C, 0x6C,
    0x8F, 0x86, 0x8F, 0x8F, 0x8F, 0x97, 0x97, 0x97, 0x71, 0x6E, 0x71, 0x6E, 0x71, 0x71, 0x71, 0x71,
    0x6F, 0x71, 0x6C, 0x71, 0x71, 0x71, 0x6F, 0x6F, 0x71, 0x71, 0x6C, 0x71, 0x78, 0x71, 0x71, 0x71,
    0x97, 0x97, 0x97, 0x8F, 0x85, 0x85, 0x82, 0x82, 0x71, 0x6C, 0x71, 0x6E, 0x6C, 0x6C, 0x6C, 0x6C,
    0x6C, 0x71, 0x6C, 0x71, 0x71, 0x71, 0x71, 0x6C, 0x71, 0x71, 0x6C, 0x71, 0x78, 0x6E, 0x6C, 0x71,
    0x85, 0x80, 0x82, 0x82, 0x82, 0x8F, 0x80, 0x6C, 0x6C, 0x6C, 0x6C, 0x6C, 0x71, 0x6C, 0x8F, 0xCB,
    0x71, 0x6C, 0x6C, 0x6C, 0x6C, 0x5D, 0xD4, 0xEE, 0x6C, 0x6F, 0x71, 0x71, 0x71, 0x59, 0xDA, 0xF2,
    0x85, 0x8F, 0x8F, 0x97, 0x97, 0x9F, 0x97, 0x97, 0x6C, 0x78, 0x80, 0x78, 0x80, 0x80, 0x78, 0x80,
    0xE2, 0x55, 0x80, 0x78, 0x80, 0x80, 0x85, 0x80, 0xD0, 0x60, 0x78, 0x80, 0x80, 0x80, 0x80, 0x80,
    0x97, 0x9F, 0xA5, 0xA5, 0xBD, 0xB0, 0x4C, 0x99, 0x80, 0x85, 0x85, 0x85, 0xB0, 0xA4, 0x4A, 0x9F,
    0x80, 0x85, 0x8F, 0x8F, 0xB6, 0x9E, 0x4C, 0x9F, 0x80, 0x80, 0x8F, 0x8F, 0xBD, 0x9D, 0x4C, 0xA5,
    0xA5, 0x9F, 0x9F, 0x9F, 0x9F, 0x9F, 0xA4, 0x9F, 0xA5, 0x9F, 0x9F, 0x9F, 0x9F, 0x9F, 0xA4, 0xA4,
    0x9F, 0x9F, 0x9F, 0x9F, 0xA4, 0xA5, 0x9F, 0xA5, 0xA1, 0x9F, 0x9F, 0xA4, 0xA4, 0xA5, 0xA4, 0xA5,
    0xA1, 0xA4, 0xA5, 0xA4, 0xA5, 0xA4, 0xA5, 0xA1, 0x9F, 0x9F, 0xA4, 0xA4, 0xA4, 0xA1, 0xA5, 0x9F,
    0xA5, 0xA5, 0xA5, 0xA5, 0xA5, 0xA6, 0xA5, 0xA5, 0xA4, 0xA5, 0xA6, 0xA6, 0xA5, 0xB0, 0xAC, 0xA5,
    0x9F, 0x9F, 0xA4, 0x9F, 0x9F, 0x9D, 0x9F, 0xA4, 0x9F, 0x9F, 0x9F, 0x9F, 0xA4, 0xA5, 0xA4, 0xA5,
    0xA4, 0xA5, 0xA6, 0xA5, 0xA5, 0xA6, 0xA5, 0xA5, 0xAC, 0xAC, 0xAC, 0xA6, 0xA6, 0xA6, 0xA6, 0xAC,
    0xA4, 0xA6, 0xB0, 0xA4, 0xB1, 0xD7, 0x00, 0x00, 0xA5, 0xB0, 0xB0, 0xA5, 0xC1, 0xD7, 0x00, 0x00,
    0xA6, 0xA6, 0xB0, 0xA6, 0xC9, 0xDD, 0x28, 0x03, 0xA6, 0xB0, 0xB0, 0xB0, 0xBC, 0xE6, 0xE3, 0x05,
    0x00, 0x00, 0x00, 0x00, 0x00, 0x00, 0x00, 0x00, 0x00, 0x00, 0x00, 0x00, 0x00, 0x00, 0x00, 0x00,
    0x00, 0x00, 0x00, 0x00, 0x00, 0x00, 0x00, 0x00, 0x00, 0x00, 0x00, 0x00, 0x00, 0x00, 0x00, 0x00,
    0x00, 0x00, 0x00, 0x00, 0x00, 0x00, 0x00, 0x00, 0x00, 0x00, 0x00, 0x00, 0x00, 0x00, 0x00, 0x00,
    0x00, 0x00, 0x00, 0x00, 0x00, 0x00, 0x00, 0x00, 0x00, 0x00, 0x00, 0x00, 0x00, 0x00, 0x00, 0x00,
    0x00, 0x00, 0x00, 0x00, 0x00, 0x00, 0x00, 0x00, 0x00, 0x00, 0x00, 0x00, 0x00, 0x00, 0x00, 0x00,
    0x00, 0x00, 0x00, 0x00, 0x00, 0x00, 0x00, 0x00, 0x00, 0x00, 0x00, 0x00, 0x00, 0x00, 0x00, 0x02,
    0x00, 0x00, 0x00, 0x00, 0x00, 0x00, 0x00, 0x00, 0x00, 0x00, 0x00, 0x00, 0x00, 0x00, 0x00, 0x00,
    0x00, 0x00, 0x00, 0x00, 0x03, 0x08, 0x26, 0x99, 0x03, 0x0C, 0x52, 0xE2, 0xEC, 0xEC, 0xEC, 0xED,
    0x04, 0xF2, 0xF2, 0xEB, 0xC9, 0x71, 0x5B, 0x5E, 0x66, 0xF4, 0xEB, 0xD1, 0x65, 0x57, 0x5B, 0x59,
    0xEE, 0xED, 0xD1, 0x73, 0x51, 0x59, 0x59, 0x59, 0xEF, 0xD8, 0x80, 0x55, 0x55, 0x59, 0x57, 0x59,
    0x5D, 0x5D, 0x5B, 0x5D, 0x5E, 0x5E, 0x60, 0x62, 0x59, 0x59, 0x59, 0x59, 0x5D, 0x5E, 0x62, 0x60,
    0x59, 0x59, 0x59, 0x5B, 0x5B, 0x5B, 0x5E, 0x5D, 0x59, 0x59, 0x59, 0x59, 0x59, 0x5B, 0x5E, 0x5D,
    0x5B, 0xCA, 0xB6, 0xB2, 0xBD, 0xBD, 0xBD, 0xA4, 0x5B, 0xCA, 0xBD, 0xB6, 0xB6, 0xB6, 0xBD, 0xDA,
    0x59, 0xCC, 0xBD, 0xB6, 0xB6, 0xB6, 0xB2, 0xCA, 0x5B, 0xCE, 0xBC, 0xB2, 0xA4, 0x3F, 0x4F, 0x97,
    0xA4, 0xBD, 0x86, 0x55, 0x95, 0xBD, 0xBD, 0xBD, 0xDE, 0xDB, 0xE1, 0xDC, 0xB0, 0xC1, 0xC1, 0xC1,
    0xD0, 0xD0, 0xD1, 0xD1, 0xC9, 0xA6, 0xA6, 0xB2, 0xC1, 0xCA, 0xCC, 0xCA, 0xC1, 0xC1, 0xBD, 0xCC,
    0xC1, 0xC6, 0x6F, 0x67, 0x6C, 0x6C, 0x6F, 0x6C, 0xC1, 0xC9, 0x6F, 0x67, 0x67, 0x67, 0x6C, 0x6C,
    0xC1, 0xC9, 0x6F, 0x65, 0x67, 0x67, 0x6C, 0x6C, 0xC1, 0xCA, 0x6C, 0x65, 0x67, 0x6A, 0x67, 0x67,
    0x6C, 0x6C, 0x71, 0x6C, 0x71, 0x6C, 0x73, 0x4C, 0x6C, 0x6C, 0x6C, 0x6C, 0x6C, 0x71, 0x67, 0x71,
    0x6C, 0x6A, 0x6C, 0x67, 0x6C, 0x6A, 0x6C, 0x67, 0x6C, 0x6C, 0x67, 0x6C, 0x6C, 0x67, 0x67, 0x67,
    0x65, 0xD1, 0xD2, 0xDC, 0xE1, 0x79, 0x03, 0x00, 0x49, 0x86, 0xCC, 0xD0, 0xD7, 0xE1, 0xE4, 0x27,
    0x6C, 0x49, 0xA5, 0xC9, 0xCC, 0xD4, 0xD9, 0xE1, 0x65, 0x59, 0x41, 0xC6, 0xBD, 0xCA, 0xD0, 0xD5,
    0x00, 0x00, 0x00, 0x00, 0x00, 0x00, 0x00, 0x00, 0x00, 0x00, 0x00, 0x00, 0x00, 0x00, 0x00, 0x00,
    0xD5, 0x04, 0x00, 0x00, 0x00, 0x00, 0x00, 0x00, 0xDB, 0xE6, 0x40, 0x02, 0x00, 0x00, 0x00, 0x00,
    0x00, 0x00, 0x00, 0x00, 0x00, 0x00, 0x00, 0x00, 0x00, 0x00, 0x00, 0x00, 0x00, 0x00, 0x00, 0x00,
    0x00, 0x00, 0x00, 0x00, 0x00, 0x00, 0x00, 0x00, 0x00, 0x00, 0x00, 0x00, 0x00, 0x00, 0x00, 0x00,
    0x00, 0x00, 0x00, 0x00, 0x00, 0x00, 0x00, 0x00, 0x00, 0x00, 0x00, 0x00, 0x00, 0x00, 0x00, 0x00,
    0x00, 0x00, 0x00, 0x00, 0x00, 0x00, 0x00, 0x00, 0x00, 0x00, 0x00, 0x00, 0x00, 0x00, 0x00, 0x00,
    0x00, 0x00, 0x00, 0x00, 0x00, 0x00, 0x00, 0x00, 0x00, 0x00, 0x00, 0x00, 0x00, 0x00, 0x00, 0x00,
    0x00, 0x00, 0x00, 0x00, 0x00, 0x00, 0x00, 0x00, 0x00, 0x00, 0x00, 0x00, 0x00, 0x00, 0x00, 0x00,
    0x00, 0x00, 0x00, 0x00, 0x00, 0x00, 0x00, 0x00, 0x00, 0x00, 0x00, 0x00, 0x00, 0x00, 0x00, 0x00,
    0x00, 0x00, 0x00, 0x00, 0x00, 0x00, 0x00, 0x00, 0x00, 0x00, 0x00, 0x00, 0x00, 0x00, 0x00, 0x00,
    0x03, 0xE5, 0x96, 0x6B, 0x70, 0x6C, 0x6C, 0x6A, 0x03, 0xE5, 0x8F, 0x73, 0x73, 0x6F, 0x6C, 0x6C,
    0x03, 0xE5, 0x96, 0x73, 0x6F, 0x71, 0x71, 0x6F, 0x03, 0xE4, 0x95, 0x73, 0x6F, 0x76, 0x71, 0x73,
    0x6C, 0x6C, 0x6C, 0x71, 0x71, 0x6E, 0x6C, 0x6F, 0x6C, 0x71, 0x71, 0x71, 0x71, 0x71, 0x71, 0x71,
    0x6C, 0x71, 0x71, 0x78, 0x71, 0x71, 0x71, 0x73, 0x71, 0x78, 0x78, 0x78, 0x78, 0x78, 0x78, 0x78,
    0x71, 0x76, 0x78, 0x78, 0x78, 0x78, 0x78, 0x78, 0x71, 0x78, 0x78, 0x78, 0x80, 0x80, 0x80, 0x80,
    0x71, 0x78, 0x80, 0x80, 0x80, 0x80, 0x80, 0x85, 0x78, 0x78, 0x80, 0x85, 0x85, 0x85, 0x85, 0x85,
    0x80, 0x80, 0x80, 0x80, 0x80, 0x85, 0x80, 0x85, 0x80, 0x85, 0x85, 0x80, 0x85, 0x85, 0x85, 0x85,
    0x85, 0x85, 0x85, 0x85, 0x85, 0x85, 0x8F, 0x8F, 0x85, 0x85, 0x85, 0x8F, 0x85, 0x8F, 0x8F, 0x97,
    0x85, 0x7F, 0xD5, 0xCA, 0x97, 0x79, 0x60, 0x53, 0x85, 0x78, 0xD7, 0xD1, 0x95, 0x85, 0xE1, 0xEB,
    0x8F, 0x80, 0xD5, 0xD2, 0x95, 0xA5, 0xEF, 0xFB, 0x97, 0x80, 0xD4, 0xD5, 0xA5, 0xB1, 0xEC, 0xF9,
    0x55, 0x55, 0x55, 0x59, 0x55, 0x55, 0x55, 0x50, 0xE8, 0xE8, 0xE8, 0xE8, 0xE8, 0xEA, 0xE8, 0xEA,
    0xFA, 0xF9, 0xF9, 0xF7, 0xF7, 0xF7, 0xF7, 0xF7, 0xF3, 0xF3, 0xF2, 0xF7, 0xF7, 0xF5, 0xF6, 0xF5,
    0x93, 0x67, 0x52, 0x59, 0x57, 0x59, 0x55, 0x55, 0xE8, 0xE8, 0xEA, 0xE8, 0xE8, 0xE8, 0xE8, 0xE8,
    0xF7, 0xF7, 0xF7, 0xF7, 0xF7, 0xF7, 0xF8, 0xF8, 0xF7, 0xF3, 0xF2, 0xF4, 0xF7, 0xF7, 0xF5, 0xF1,
    0x55, 0x55, 0x55, 0x67, 0x71, 0x78, 0x78, 0x78, 0xE8, 0xE8, 0xE8, 0xD1, 0x67, 0x78, 0x80, 0x78,
    0xF8, 0xFA, 0xF9, 0xD8, 0x93, 0x6C, 0x80, 0x80, 0xF1, 0xF4, 0xF3, 0xCC, 0xA5, 0x71, 0x85, 0x80,
    0x71, 0x71, 0x71, 0x71, 0x67, 0x59, 0x55, 0x59, 0x78, 0x71, 0x78, 0x67, 0xBF, 0xEA, 0xEA, 0xE8,
    0x80, 0x7E, 0x78, 0x6C, 0xD8, 0xF9, 0xFA, 0xF9, 0x80, 0x80, 0x78, 0x78, 0xD1, 0xF6, 0xF7, 0xF2,
    0x59, 0x59, 0x59, 0x5D, 0x5D, 0x4D, 0xD5, 0xE6, 0xE8, 0xE8, 0xE8, 0xE8, 0xEA, 0xEA, 0xE6, 0xE2,
    0xF9, 0xF8, 0xF7, 0xF7, 0xF7, 0xF7, 0xF7, 0xF7, 0xF1, 0xF5, 0xF7, 0xF6, 0xF6, 0xF5, 0xF7, 0xF6,
    0x85, 0x59, 0x62, 0x60, 0x60, 0x60, 0x60, 0x60, 0xE8, 0xEA, 0xE8, 0xE8, 0xE8, 0xE8, 0xE8, 0xE6,
    0xF8, 0xF7, 0xF7, 0xF7, 0xF7, 0xF8, 0xF8, 0xF9, 0xF1, 0xF4, 0xF6, 0xF7, 0xF7, 0xF2, 0xF1, 0xF1,
    0x59, 0x67, 0x85, 0x97, 0xC1, 0x95, 0x51, 0xB0, 0xE8, 0xE3, 0xB1, 0x85, 0xC6, 0x86, 0x52, 0xB1,
    0xFA, 0xEF, 0xC8, 0x97, 0xCA, 0x82, 0x57, 0xB2, 0xF6, 0xEB, 0xC6, 0xA6, 0xCA, 0x82, 0x5D, 0xB2,
    0xA6, 0xA6, 0xA6, 0xA6, 0xA6, 0xA6, 0xA6, 0xA6, 0xAC, 0xA6, 0xA6, 0xAC, 0xB0, 0xB0, 0xB0, 0xB0,
    0xA6, 0xA6, 0xB0, 0xB0, 0xB0, 0xB0, 0xB2, 0xB2, 0xAC, 0xB0, 0xB0, 0xB0, 0xB2, 0xB2, 0xB6, 0xB2,
    0xA6, 0xA6, 0xA6, 0xA6, 0xB0, 0xB0, 0xB0, 0xB0, 0xB1, 0xB1, 0xB0, 0xB0, 0xB2, 0xB1, 0xB2, 0xB0,
    0xB6, 0xB2, 0xB2, 0xB2, 0xB2, 0xB2, 0xB2, 0xB1, 0xB6, 0xB6, 0xB6, 0xB6, 0xB2, 0xB6, 0xB6, 0xB2,
    0xB0, 0xB0, 0xAC, 0xA6, 0xB0, 0xA6, 0xB0, 0xAC, 0xB0, 0xB0, 0xB0, 0xB1, 0xB1, 0xB2, 0xB0, 0xB0,
    0xB2, 0xB2, 0xB2, 0xB2, 0xB6, 0xB2, 0xB2, 0xB2, 0xB6, 0xB2, 0xB6, 0xB6, 0xB6, 0xB2, 0xB2, 0xB2,
    0xAC, 0xB2, 0xB1, 0xB2, 0xBD, 0xE5, 0xE1, 0x07, 0xB0, 0xB2, 0xB2, 0xB2, 0xBC, 0xE5, 0xE2, 0x0D,
    0xB2, 0xB6, 0xB6, 0xB6, 0xB6, 0xE5, 0xE3, 0x13, 0xB2, 0xB6, 0xB6, 0xB6, 0xB2, 0xE4, 0xE5, 0x1B,
    0x00, 0x00, 0x00, 0x00, 0x00, 0x00, 0x00, 0x00, 0x00, 0x00, 0x00, 0x00, 0x00, 0x00, 0x00, 0x00,
    0x00, 0x00, 0x00, 0x00, 0x00, 0x00, 0x00, 0x00, 0x00, 0x00, 0x00, 0x00, 0x00, 0x00, 0x00, 0x00,
    0x00, 0x00, 0x00, 0x00, 0x00, 0x00, 0x00, 0x00, 0x00, 0x00, 0x00, 0x00, 0x00, 0x00, 0x00, 0x00,
    0x00, 0x00, 0x00, 0x00, 0x00, 0x00, 0x00, 0x00, 0x00, 0x00, 0x00, 0x00, 0x00, 0x00, 0x00, 0x00,
    0x00, 0x00, 0x00, 0x00, 0x00, 0x08, 0x23, 0xD1, 0x00, 0x00, 0x00, 0x02, 0x18, 0xC6, 0xE4, 0xE2,
    0x00, 0x00, 0x00, 0x0C, 0xD7, 0xDE, 0xB1, 0x63, 0x00, 0x00, 0x04, 0xCC, 0xD5, 0x4D, 0x4B, 0x50,
    0xDE, 0xE4, 0xE8, 0xE4, 0xE1, 0xDC, 0xD9, 0xDB, 0xDE, 0xD5, 0xBD, 0x95, 0x6F, 0x5E, 0x55, 0xC1,
    0x55, 0x50, 0x4D, 0x4F, 0x52, 0x5D, 0x67, 0xD5, 0x52, 0x55, 0x59, 0x5E, 0x62, 0x67, 0xCC, 0xBD,
    0xE1, 0xB0, 0x55, 0x57, 0x55, 0x57, 0x59, 0x59, 0xCC, 0x63, 0x52, 0x55, 0x55, 0x59, 0x59, 0x59,
    0x8F, 0x55, 0x59, 0x55, 0x55, 0x57, 0x55, 0x59, 0x60, 0x57, 0x55, 0x57, 0x55, 0x55, 0x53, 0x59,
    0x59, 0x59, 0x57, 0x59, 0x5B, 0x5B, 0x5D, 0x60, 0x57, 0x59, 0x59, 0x57, 0x59, 0x59, 0x5C, 0x5E,
    0x59, 0x59, 0x55, 0x59, 0x59, 0x59, 0x59, 0x5B, 0x55, 0x59, 0x57, 0x57, 0x59, 0x59, 0x57, 0x5D,
    0x59, 0xCC, 0xBD, 0xBD, 0x65, 0xEE, 0xF6, 0xFA, 0x57, 0xD0, 0xB6, 0x73, 0xF6, 0xFF, 0xFC, 0xFC,
    0x57, 0xCC, 0xB6, 0x57, 0xFE, 0xFA, 0xF1, 0xF4, 0x57, 0xCC, 0xB6, 0x5B, 0xFC, 0xF9, 0xE3, 0xED,
    0xFA, 0xFA, 0xFA, 0xFA, 0xFA, 0xFA, 0xF8, 0xE6, 0xFC, 0xFC, 0xFC, 0xFC, 0xFC, 0xFC, 0xFD, 0xF7,
    0xF4, 0xF4, 0xF4, 0xF4, 0xF4, 0xF5, 0xFA, 0xFB, 0xEC, 0xEC, 0xEC, 0xEC, 0xEC, 0xEF, 0xF9, 0xFB,
    0xD0, 0xCA, 0x6A, 0x63, 0x67, 0x67, 0x67, 0x67, 0xD1, 0xCC, 0x6A, 0x63, 0x67, 0x63, 0x6C, 0x67,
    0xC9, 0xD0, 0x67, 0x63, 0x65, 0x65, 0x6C, 0x6C, 0xBD, 0xCC, 0x67, 0x63, 0x65, 0x65, 0x67, 0x65,
    0x6C, 0x6A, 0x67, 0x6C, 0x6A, 0x6A, 0x63, 0x67, 0x6C, 0x67, 0x6C, 0x6C, 0x67, 0x67, 0x65, 0x65,
    0x6C, 0x6C, 0x6C, 0x6C, 0x6A, 0x67, 0x67, 0x63, 0x6C, 0x6C, 0x67, 0x6C, 0x6C, 0x67, 0x67, 0x63,
    0x65, 0x6A, 0x50, 0x65, 0xBD, 0xB6, 0xC6, 0xCC, 0x63, 0x65, 0x6A, 0x4B, 0xA6, 0xB0, 0xB6, 0xC1,
    0x62, 0x67, 0x62, 0x53, 0x51, 0xBD, 0xA6, 0xB2, 0x62, 0x65, 0x65, 0x60, 0x48, 0xA4, 0xAC, 0xB0,
    0xD1, 0xD8, 0xE2, 0xD0, 0x0C, 0x00, 0x00, 0x00, 0xCA, 0xD0, 0xD5, 0xDE, 0xDE, 0x55, 0x02, 0x00,
    0xBD, 0xC9, 0xCC, 0xD2, 0xD9, 0xE2, 0xE2, 0x0C, 0xB1, 0xB6, 0xC6, 0xCA, 0xD0, 0xD5, 0xDC, 0xE4,
    0x00, 0x00, 0x00, 0x00, 0x00, 0x00, 0x00, 0x00, 0x00, 0x00, 0x00, 0x00, 0x00, 0x00, 0x00, 0x00,
    0x00, 0x00, 0x00, 0x00, 0x00, 0x00, 0x00, 0x00, 0xCB, 0x03, 0x00, 0x00, 0x00, 0x00, 0x00, 0x00,
    0x00, 0x00, 0x00, 0x00, 0x00, 0x00, 0x00, 0x00, 0x00, 0x00, 0x00, 0x00, 0x00, 0x00, 0x00, 0x00,
    0x00, 0x00, 0x00, 0x00, 0x00, 0x00, 0x00, 0x00, 0x00, 0x00, 0x00, 0x00, 0x00, 0x00, 0x00, 0x00,
    0x00, 0x00, 0x00, 0x00, 0x00, 0x00, 0x00, 0x00, 0x00, 0x00, 0x00, 0x00, 0x00, 0x00, 0x00, 0x00,
    0x00, 0x00, 0x00, 0x00, 0x00, 0x00, 0x00, 0x00, 0x00, 0x00, 0x00, 0x00, 0x00, 0x00, 0x00, 0x00,
    0x00, 0x00, 0x00, 0x00, 0x00, 0x00, 0x00, 0x00, 0x00, 0x00, 0x00, 0x00, 0x00, 0x00, 0x00, 0x00,
    0x00, 0x00, 0x00, 0x00, 0x00, 0x00, 0x00, 0x00, 0x00, 0x00, 0x00, 0x00, 0x00, 0x00, 0x00, 0x00,
    0x03, 0xE4, 0x96, 0x73, 0x6C, 0x78, 0x78, 0x78, 0x04, 0xE3, 0x9D, 0x73, 0x70, 0x78, 0x78, 0x80,
    0x04, 0xE2, 0x9D, 0x73, 0x70, 0x80, 0x78, 0x80, 0x05, 0xE1, 0x86, 0x73, 0x70, 0x80, 0x80, 0x80,
    0x78, 0x78, 0x80, 0x80, 0x80, 0x80, 0x85, 0x80, 0x80, 0x80, 0x85, 0x80, 0x80, 0x85, 0x80, 0x85,
    0x80, 0x80, 0x85, 0x80, 0x85, 0x80, 0x85, 0x85, 0x85, 0x85, 0x85, 0x85, 0x85, 0x85, 0x85, 0x8F,
    0x80, 0x80, 0x80, 0x80, 0x85, 0x80, 0x80, 0x80, 0x85, 0x85, 0x80, 0x85, 0x85, 0x85, 0x85, 0x85,
    0x85, 0x85, 0x85, 0x85, 0x85, 0x85, 0x85, 0x85, 0x8F, 0x85, 0x85, 0x85, 0x85, 0x85, 0x85, 0x8F,
    0x85, 0x85, 0x85, 0x8F, 0x8F, 0x8F, 0x8F, 0x8F, 0x8F, 0x85, 0x8F, 0x97, 0x8F, 0x91, 0x8F, 0x97,
    0x8F, 0x8F, 0x8F, 0x97, 0x97, 0x97, 0x97, 0x99, 0x8F, 0x97, 0x8F, 0x97, 0x8F, 0x8F, 0x97, 0x9F,
    0x97, 0x82, 0xD1, 0xD8, 0xA5, 0xC6, 0xE6, 0xEE, 0x97, 0x85, 0xD1, 0xD9, 0xB0, 0xD1, 0xD0, 0x95,
    0x9F, 0x85, 0xD0, 0xDA, 0xB2, 0xCC, 0xD5, 0xF5, 0x9F, 0x85, 0xCC, 0xDB, 0xB6, 0xCE, 0xD7, 0xEF,
    0xE6, 0xE4, 0xE2, 0xE8, 0xE8, 0xE6, 0xE5, 0xE6, 0xBD, 0xB6, 0xB6, 0x7E, 0x65, 0x6A, 0x6F, 0x73,
    0xF9, 0xF6, 0xF5, 0xFB, 0xFC, 0xFC, 0xFC, 0xFC, 0xF1, 0xEE, 0xEC, 0xFC, 0xFF, 0xFC, 0xFC, 0xFC,
    0xE3, 0xE1, 0xE1, 0xE6, 0xE3, 0xE3, 0xE4, 0xDE, 0x73, 0x7E, 0x7E, 0x6F, 0x73, 0x6F, 0xA4, 0xBD,
    0xFC, 0xFC, 0xFC, 0xFC, 0xFC, 0xFC, 0xFA, 0xF5, 0xFC, 0xFC, 0xFC, 0xFC, 0xFC, 0xFF, 0xF7, 0xEC,
    0xE2, 0xE8, 0xE8, 0xCA, 0xB6, 0x71, 0x85, 0x80, 0xBD, 0xC1, 0x6F, 0xCA, 0xC6, 0x71, 0x8F, 0x85,
    0xF6, 0xF9, 0xEA, 0xB2, 0xC7, 0x71, 0x85, 0x85, 0xEF, 0xF2, 0xE3, 0xB1, 0xCB, 0x71, 0x8F, 0x8F,
    0x80, 0x85, 0x78, 0x80, 0xD4, 0xED, 0xEB, 0xE5, 0x85, 0x8F, 0x80, 0x85, 0xDA, 0x9F, 0xA6, 0xBC,
    0x8F, 0x8F, 0x80, 0x85, 0xD4, 0xE6, 0xF9, 0xF7, 0x8F, 0x8F, 0x85, 0x86, 0xD5, 0xE4, 0xF4, 0xEF,
    0xE2, 0xE5, 0xE8, 0xE6, 0xE5, 0xE6, 0xE5, 0xE2, 0xBD, 0xA6, 0x6F, 0x6A, 0x6F, 0x6A, 0x6F, 0x77,
    0xF6, 0xF9, 0xFC, 0xFC, 0xFC, 0xFC, 0xFC, 0xFC, 0xED, 0xF3, 0xFF, 0xFD, 0xFC, 0xFC, 0xFC, 0xFC,
    0xDE, 0xE5, 0xE5, 0xE3, 0xE5, 0xE1, 0xE1, 0xE4, 0x7E, 0x6F, 0x73, 0x6F, 0x7E, 0xB6, 0xBD, 0xC6,
    0xFC, 0xFC, 0xFC, 0xFC, 0xFC, 0xF6, 0xF6, 0xF8, 0xFC, 0xFC, 0xFC, 0xFE, 0xFE, 0xED, 0xEE, 0xEF,
    0xEB, 0xDC, 0xCC, 0xB0, 0xCC, 0x7E, 0x62, 0xB6, 0xA5, 0x86, 0xD5, 0xB6, 0xD0, 0x6F, 0x65, 0xBD,
    0xF6, 0xCC, 0xD2, 0xBD, 0xD0, 0x6A, 0x6F, 0xC1, 0xEF, 0xC1, 0xD5, 0xC1, 0xD1, 0x65, 0x7E, 0xC1,
    0xB0, 0xB0, 0xB2, 0xB6, 0xB6, 0xB2, 0xB2, 0xBD, 0xB2, 0xB2, 0xB6, 0xB6, 0xB6, 0xB6, 0xB6, 0xBD,
    0xB6, 0xB6, 0xB6, 0xB6, 0xB6, 0xBD, 0xB6, 0xBD, 0xBD, 0xBD, 0xBD, 0xBD, 0xBD, 0xC1, 0xC1, 0xC1,
    0xB6, 0xB6, 0xB6, 0xB6, 0xB6, 0xBD, 0xB6, 0xB6, 0xBD, 0xBD, 0xB6, 0xB6, 0xBD, 0xBD, 0xBD, 0xBD,
    0xBD, 0xBD, 0xBD, 0xBD, 0xBD, 0xC1, 0xC1, 0xBD, 0xC1, 0xC1, 0xC1, 0xC1, 0xBD, 0xC1, 0xC1, 0xC1,
    0xB6, 0xBD, 0xB6, 0xBD, 0xB6, 0xB6, 0xB6, 0xB6, 0xBD, 0xC1, 0xBD, 0xBD, 0xB6, 0xB6, 0xB6, 0xBD,
    0xC1, 0xC1, 0xC1, 0xC1, 0xBD, 0xBD, 0xBD, 0xBD, 0xC1, 0xC1, 0xC1, 0xC1, 0xC6, 0xC6, 0xC1, 0xBD,
    0xB6, 0xBD, 0xBD, 0xBD, 0xB2, 0xE4, 0xE6, 0x26, 0xBD, 0xBD, 0xBD, 0xC1, 0xB0, 0xE3, 0xE8, 0x40,
    0xBD, 0xBD, 0xC1, 0xC1, 0xB0, 0xE2, 0xE8, 0x5F, 0xC1, 0xBD, 0xC1, 0xC6, 0xB1, 0xE1, 0xE8, 0xA5,
    0x00, 0x00, 0x00, 0x00, 0x00, 0x00, 0x00, 0x00, 0x00, 0x00, 0x00, 0x00, 0x00, 0x00, 0x00, 0x00,
    0x00, 0x00, 0x00, 0x00, 0x00, 0x00, 0x00, 0x00, 0x00, 0x00, 0x00, 0x00, 0x00, 0x00, 0x00, 0x00,
    0x00, 0x00, 0x00, 0x00, 0x00, 0x00, 0x00, 0x00, 0x00, 0x00, 0x00, 0x00, 0x00, 0x00, 0x00, 0x04,
    0x00, 0x00, 0x00, 0x00, 0x00, 0x00, 0x00, 0xF1, 0x00, 0x00, 0x00, 0x00, 0x00, 0x00, 0x03, 0xF5,
    0x02, 0x04, 0x93, 0xCA, 0x47, 0x52, 0x59, 0x55, 0xEF, 0xFA, 0xEA, 0x4C, 0x52, 0x55, 0x57, 0x59,
    0xFA, 0xF9, 0xD9, 0x4D, 0x55, 0x59, 0x57, 0x59, 0xF2, 0xED, 0x6A, 0x55, 0x55, 0x55, 0x55, 0x57,
    0x59, 0x5B, 0x5D, 0x5E, 0x65, 0x8F, 0xD0, 0x7E, 0x59, 0x5B, 0x5E, 0x62, 0x6C, 0xB1, 0xB6, 0x60,
    0x59, 0x5B, 0x5E, 0x6A, 0x6F, 0xB6, 0x8F, 0x55, 0x59, 0x5D, 0x5E, 0x6C, 0x6C, 0xB6, 0x63, 0x59,
    0x57, 0x5B, 0x55, 0x55, 0x53, 0x55, 0x55, 0x55, 0x57, 0x59, 0x57, 0x55, 0x55, 0x59, 0x55, 0x55,
    0x59, 0x59, 0x53, 0x57, 0x55, 0x59, 0x59, 0x59, 0x59, 0x55, 0x52, 0x4E, 0x5D, 0x4E, 0x4E, 0x50,
    0x55, 0x55, 0x59, 0x55, 0x59, 0x59, 0x57, 0x59, 0x59, 0x55, 0x55, 0x59, 0x59, 0x57, 0x59, 0x59,
    0x59, 0x55, 0x59, 0x59, 0x55, 0x59, 0x59, 0x5E, 0x4E, 0x4E, 0x50, 0x4D, 0x4D, 0x50, 0x59, 0x5E,
    0x55, 0xD8, 0xB6, 0x5E, 0xFC, 0xF9, 0xE8, 0xEF, 0x59, 0xDE, 0xB2, 0x5E, 0xFC, 0xF9, 0xEA, 0xEE,
    0x59, 0xDC, 0xB2, 0x5E, 0xFC, 0xF9, 0xE8, 0xEE, 0x5E, 0xC9, 0xB2, 0x57, 0xFE, 0xF9, 0xDE, 0xEF,
    0xED, 0xEE, 0xED, 0xED, 0xED, 0xEF, 0xFA, 0xFB, 0xED, 0xEE, 0xEE, 0xED, 0xEF, 0xEF, 0xFA, 0xFB,
    0xEF, 0xED, 0xED, 0xED, 0xEE, 0xEF, 0xFA, 0xFA, 0xEE, 0xED, 0xEC, 0xED, 0xED, 0xEF, 0xFA, 0xF9,
    0xB1, 0xCC, 0x63, 0x60, 0x63, 0x62, 0x67, 0x65, 0x9D, 0xCA, 0x63, 0x62, 0x65, 0x63, 0x65, 0x65,
    0x82, 0xCC, 0x53, 0x5E, 0x62, 0x60, 0x62, 0x62, 0x82, 0xCA, 0x62, 0x50, 0x5B, 0x5E, 0x62, 0x63,
    0x67, 0x6A, 0x67, 0x6C, 0x6C, 0x67, 0x67, 0x62, 0x66, 0x6A, 0x6C, 0x6C, 0x6C, 0x67, 0x63, 0x60,
    0x65, 0x67, 0x67, 0x67, 0x67, 0x63, 0x65, 0x6A, 0x65, 0x65, 0x63, 0x60, 0x5E, 0x57, 0x50, 0x40,
    0x62, 0x62, 0x65, 0x62, 0x55, 0x60, 0xB2, 0xA5, 0x62, 0x62, 0x62, 0x60, 0x5D, 0x50, 0xB0, 0xA4,
    0x5D, 0x5E, 0x62, 0x62, 0x60, 0x50, 0x80, 0xA6, 0x5E, 0x5D, 0x5E, 0x5E, 0x5E, 0x55, 0x55, 0xB6,
    0xA5, 0xB0, 0xB2, 0xBD, 0xC6, 0xCC, 0xD1, 0xD8, 0x9F, 0xA5, 0xA6, 0xB2, 0xB2, 0xC6, 0xC6, 0xD0,
    0x9F, 0x9F, 0xA5, 0xA6, 0xA6, 0xB2, 0xB6, 0xC6, 0x99, 0x9F, 0x9F, 0xA4, 0xA6, 0xA6, 0xB0, 0xB2,
    0xDE, 0xE1, 0x28, 0x02, 0x00, 0x00, 0x00, 0x00, 0xD1, 0xDB, 0xE2, 0xD9, 0x04, 0x00, 0x00, 0x00,
    0xC9, 0xD0, 0xD5, 0xDC, 0xE6, 0x54, 0x02, 0x00, 0xBD, 0xC6, 0xC9, 0xD0, 0xD7, 0xE4, 0xE2, 0x12,
    0x00, 0x00, 0x00, 0x00, 0x00, 0x00, 0x00, 0x00, 0x00, 0x00, 0x00, 0x00, 0x00, 0x00, 0x00, 0x00,
    0x00, 0x00, 0x00, 0x00, 0x00, 0x00, 0x00, 0x00, 0x00, 0x00, 0x00, 0x00, 0x00, 0x00, 0x00, 0x00,
    0x00, 0x00, 0x00, 0x00, 0x00, 0x00, 0x00, 0x00, 0x00, 0x00, 0x00, 0x00, 0x00, 0x00, 0x00, 0x00,
    0x00, 0x00, 0x00, 0x00, 0x00, 0x00, 0x00, 0x00, 0x00, 0x00, 0x00, 0x00, 0x00, 0x00, 0x00, 0x00,
    0x00, 0x00, 0x00, 0x00, 0x00, 0x00, 0x00, 0x00, 0x00, 0x00, 0x00, 0x00, 0x00, 0x00, 0x00, 0x00,
    0x00, 0x00, 0x00, 0x00, 0x00, 0x00, 0x00, 0x00, 0x00, 0x00, 0x00, 0x00, 0x00, 0x00, 0x00, 0x00,
    0x07, 0xE1, 0x7F, 0x73, 0x70, 0x80, 0x80, 0x85, 0x09, 0xDD, 0x84, 0x73, 0x73, 0x78, 0x80, 0x80,
    0x0A, 0xDC, 0x8E, 0x73, 0x73, 0x83, 0x7F, 0x80, 0x08, 0xE6, 0xD8, 0xD8, 0xD5, 0xD7, 0xD7, 0xD7,
    0x85, 0x85, 0x85, 0x8F, 0x8F, 0x8F, 0x85, 0x85, 0x85, 0x80, 0x80, 0x85, 0x85, 0x85, 0x8F, 0x96,
    0x80, 0x85, 0x83, 0x83, 0x83, 0x85, 0x8F, 0x97, 0xD7, 0xD7, 0xD5, 0xD7, 0xD7, 0xD5, 0xD5, 0xD5,
    0x8F, 0x8F, 0x8F, 0x8F, 0x95, 0x85, 0x85, 0x85, 0x97, 0x8F, 0x85, 0x8F, 0x97, 0x8C, 0x85, 0x80,
    0x97, 0x8F, 0x80, 0x85, 0x97, 0x8F, 0x85, 0x85, 0xD7, 0xD4, 0xD5, 0xD5, 0xD5, 0xD7, 0xD5, 0xD5,
    0x8F, 0x97, 0x97, 0x8F, 0x97, 0x97, 0x97, 0x97, 0x85, 0x85, 0x85, 0x8F, 0x8F, 0x85, 0x8F, 0x8E,
    0x85, 0x85, 0x8C, 0x85, 0x8C, 0x8C, 0x8F, 0x89, 0xD7, 0xD7, 0xD7, 0xD7, 0xD7, 0xD7, 0xD8, 0xD8,
    0x97, 0x8F, 0xCC, 0xDC, 0xB6, 0xD0, 0xD8, 0xEC, 0x8F, 0x85, 0xC9, 0xDB, 0xB2, 0xD1, 0xD8, 0xDE,
    0x8F, 0x80, 0xC1, 0xDB, 0xB6, 0xD1, 0xE1, 0xC1, 0xD7, 0xD5, 0xDE, 0xEA, 0xDE, 0xE3, 0xC1, 0xB2,
    0xED, 0xEB, 0xE6, 0xFB, 0xFF, 0xFD, 0xFD, 0xFD, 0xEA, 0xE4, 0xDB, 0xFB, 0xFF, 0xFF, 0xFF, 0xFF,
    0xC6, 0xDB, 0xCA, 0xFA, 0xFC, 0xFC, 0xFB, 0xFC, 0x52, 0x2C, 0x28, 0x3F, 0x59, 0x4E, 0x4C, 0x4E,
    0xFD, 0xFD, 0xFD, 0xFD, 0xFD, 0xFF, 0xF6, 0xE4, 0xFF, 0xFF, 0xFF, 0xFF, 0xFF, 0xFF, 0xF6, 0xDA,
    0xFC, 0xFC, 0xFC, 0xFB, 0xFC, 0xFC, 0xF1, 0xCA, 0x4E, 0x53, 0x52, 0x52, 0x53, 0x5B, 0x33, 0x28,
    0xEB, 0xEE, 0xDE, 0xB6, 0xCA, 0x71, 0x8F, 0x8F, 0xE8, 0xE8, 0xB6, 0xCA, 0xC9, 0x71, 0x85, 0x85,
    0xDA, 0x86, 0xC6, 0xD1, 0xCA, 0x7E, 0x97, 0x8F, 0x28, 0x6A, 0x8F, 0xC6, 0xE2, 0xD5, 0xD8, 0xD8,
    0x97, 0x97, 0x85, 0x8F, 0xD7, 0xE1, 0xEF, 0xEB, 0x8F, 0x85, 0x80, 0x97, 0xDC, 0xD4, 0xE8, 0xE8,
    0x8F, 0x91, 0x8F, 0xAC, 0xDE, 0xDC, 0x95, 0xD7, 0xD8, 0xD9, 0xD8, 0xDE, 0xDD, 0xA6, 0x8E, 0x3D,
    0xE8, 0xEF, 0xFF, 0xFE, 0xFD, 0xFD, 0xFD, 0xFD, 0xDE, 0xED, 0xFF, 0xFF, 0xFF, 0xFF, 0xFF, 0xFF,
    0xD2, 0xE8, 0xFC, 0xFC, 0xFB, 0xFC, 0xFC, 0xFC, 0x28, 0x28, 0x52, 0x53, 0x4C, 0x4C, 0x4E, 0x52,
    0xFD, 0xFD, 0xFD, 0xFE, 0xFD, 0xEA, 0xEA, 0xEC, 0xFF, 0xFF, 0xFF, 0xFF, 0xFD, 0xE6, 0xE3, 0xEA,
    0xFC, 0xFC, 0xFB, 0xFC, 0xFB, 0xDA, 0xD9, 0xCD, 0x52, 0x52, 0x52, 0x59, 0x4A, 0x28, 0x28, 0x41,
    0xEC, 0xB6, 0xD5, 0xC9, 0xD1, 0x62, 0x82, 0xC1, 0xDE, 0x9D, 0xD7, 0xC6, 0xCC, 0x5E, 0x8F, 0xB6,
    0x86, 0xD1, 0xD5, 0xD0, 0xD0, 0x5B, 0x97, 0xBD, 0xA4, 0x6A, 0xE2, 0xE1, 0xE4, 0xD1, 0xD0, 0xD9,
    0xBD, 0xBD, 0xBD, 0xBD, 0xBD, 0xBD, 0xBD, 0xC1, 0xB2, 0xB2, 0xB2, 0xB2, 0xB2, 0xB2, 0xB2, 0xB6,
    0xB6, 0xB6, 0xB6, 0xBC, 0xBD, 0xBD, 0xBD, 0xB6, 0xDA, 0xD9, 0xDA, 0xDA, 0xDA, 0xDA, 0xDA, 0xDA,
    0xC1, 0xBD, 0xC1, 0xC1, 0xC1, 0xC1, 0xC1, 0xC1, 0xB2, 0xB6, 0xB2, 0xB6, 0xB6, 0xBD, 0xBD, 0xB6,
    0xBD, 0xBD, 0xBD, 0xBC, 0xC1, 0xC6, 0xC6, 0xC1, 0xD9, 0xDA, 0xDA, 0xDC, 0xDA, 0xDA, 0xDB, 0xDB,
    0xC1, 0xC1, 0xC6, 0xC6, 0xC1, 0xC6, 0xC1, 0xC1, 0xB6, 0xB6, 0xB6, 0xB6, 0xB6, 0xBD, 0xB6, 0xBD,
    0xBD, 0xC1, 0xBD, 0xB6, 0xB6, 0xB6, 0xB6, 0xBD, 0xDB, 0xDA, 0xDA, 0xDA, 0xDB, 0xDC, 0xDC, 0xDA,
    0xC1, 0xC1, 0xC1, 0xC6, 0xB2, 0xE1, 0xEA, 0x6D, 0xB6, 0xBD, 0xBD, 0xC1, 0xB6, 0xDD, 0xEA, 0xB1,
    0xBD, 0xBD, 0xBD, 0xBD, 0xC1, 0xDC, 0xEA, 0xB6, 0xDB, 0xDC, 0xDC, 0xDC, 0xDC, 0xE6, 0xED, 0xB2,
    0x00, 0x00, 0x00, 0x00, 0x00, 0x00, 0x00, 0x00, 0x00, 0x00, 0x00, 0x00, 0x00, 0x00, 0x00, 0x00,
    0x00, 0x00, 0x00, 0x00, 0x00, 0x00, 0x00, 0x00, 0x00, 0x00, 0x00, 0x00, 0x00, 0x00, 0x00, 0x00,
    0x00, 0x00, 0x00, 0x00, 0x00, 0x00, 0x5F, 0xF3, 0x00, 0x00, 0x00, 0x00, 0x00, 0x00, 0xE2, 0xF3,
    0x00, 0x00, 0x00, 0x00, 0x00, 0x00, 0xEF, 0xF4, 0x00, 0x00, 0x00, 0x00, 0x00, 0x02, 0xF2, 0xF4,
    0xF5, 0xE4, 0x53, 0x55, 0x55, 0x57, 0x55, 0x59, 0xF5, 0xBD, 0x51, 0x52, 0x53, 0x55, 0x55, 0x59,
    0xF3, 0x65, 0x4E, 0x52, 0x53, 0x55, 0x52, 0x57, 0xEF, 0x50, 0x50, 0x51, 0x52, 0x55, 0x53, 0x57,
    0x57, 0x5B, 0x60, 0x6C, 0x85, 0x9D, 0x59, 0x59, 0x59, 0x60, 0x63, 0x67, 0xA6, 0x6C, 0x55, 0x59,
    0x59, 0x60, 0x67, 0x71, 0x9F, 0x5F, 0x55, 0x57, 0x59, 0x5E, 0x67, 0x71, 0x80, 0x57, 0x53, 0x55,
    0x53, 0x52, 0x50, 0x65, 0x6A, 0x49, 0x4C, 0x4E, 0x53, 0x51, 0x4C, 0xC1, 0x41, 0x49, 0x4C, 0x4E,
    0x51, 0x51, 0x4D, 0xBD, 0x3F, 0x49, 0x49, 0x4C, 0x50, 0x50, 0x4D, 0xB6, 0x41, 0x48, 0x48, 0x4C,
    0x4E, 0x54, 0x57, 0x5D, 0x62, 0x62, 0x71, 0x85, 0x4E, 0x51, 0x50, 0x19, 0x1F, 0x49, 0x51, 0x49,
    0x4E, 0x4E, 0x1A, 0xE4, 0xF1, 0xF5, 0xF6, 0xF5, 0x4E, 0x33, 0xF5, 0xFF, 0xFD, 0xFD, 0xFD, 0xFD,
    0x9F, 0xA4, 0xB0, 0x65, 0xFB, 0xFC, 0xE5, 0xEA, 0x41, 0x3D, 0x5B, 0xB2, 0xD7, 0xFE, 0xFA, 0xE8,
    0xF3, 0xF1, 0xE2, 0x5E, 0x82, 0xE6, 0xFF, 0xFB, 0xFD, 0xFD, 0xFC, 0xF1, 0x41, 0x53, 0xEC, 0xFE,
    0xEF, 0xED, 0xEE, 0xED, 0xEE, 0xF4, 0xFC, 0xEE, 0xEB, 0xEF, 0xED, 0xEF, 0xF4, 0xFA, 0xFB, 0xC9,
    0xE1, 0xEA, 0xED, 0xF3, 0xFB, 0xFB, 0xDA, 0xB0, 0xFB, 0xF1, 0xF7, 0xFB, 0xFA, 0xDE, 0x5E, 0x51,
    0xB2, 0xC6, 0xC6, 0xB2, 0xB6, 0xBD, 0xBD, 0xBD, 0xC1, 0x73, 0x57, 0x6A, 0x73, 0x73, 0x7E, 0x82,
    0x5B, 0xDA, 0xEF, 0xF2, 0xF5, 0xF5, 0xF5, 0xF5, 0xF1, 0xFC, 0xFE, 0xFE, 0xFE, 0xFE, 0xFE, 0xFD,
    0xBD, 0xB6, 0xBD, 0xB2, 0xB0, 0xA4, 0x95, 0x62, 0x95, 0xC9, 0xC6, 0xC1, 0xBC, 0xB6, 0xB6, 0xD0,
    0xF4, 0xDB, 0xD0, 0xB2, 0xB2, 0xB0, 0xB0, 0xC6, 0xFE, 0xF9, 0xD2, 0xB0, 0xB0, 0xA6, 0xA5, 0xBD,
    0x48, 0x5D, 0x5B, 0x5D, 0x5D, 0x59, 0x4B, 0xB2, 0x4C, 0x5E, 0x5D, 0x5D, 0x5B, 0x59, 0x4D, 0x9D,
    0x55, 0x5E, 0x5E, 0x5D, 0x5E, 0x5D, 0x52, 0x71, 0x53, 0x60, 0x5E, 0x5E, 0x60, 0x62, 0x59, 0x5E,
    0x9F, 0x9F, 0x9F, 0x9F, 0xA4, 0xA5, 0xA6, 0xA6, 0xA6, 0x9F, 0x9F, 0x9F, 0x9F, 0x9F, 0x9F, 0x9F,
    0xB6, 0x9F, 0x97, 0x99, 0x97, 0x97, 0x9F, 0x9F, 0xBD, 0x97, 0x8F, 0x8F, 0x85, 0x97, 0x97, 0x9F,
    0xB0, 0xB2, 0xBD, 0xC6, 0xCC, 0xD4, 0xDC, 0xE5, 0xA6, 0xA6, 0xB0, 0xB2, 0xBD, 0xCA, 0xD0, 0xD8,
    0x9F, 0x9F, 0x9F, 0xA6, 0xB0, 0xBC, 0xC6, 0xCC, 0x9D, 0x97, 0x97, 0xA5, 0xA5, 0xAC, 0xB2, 0xBD,
    0xA5, 0x03, 0x00, 0x00, 0x00, 0x00, 0x00, 0x00, 0xE1, 0xE4, 0x1B, 0x02, 0x00, 0x00, 0x00, 0x00,
    0xD5, 0xDC, 0xE4, 0xD5, 0x03, 0x00, 0x00, 0x00, 0xC9, 0xD0, 0xD7, 0xE1, 0xE8, 0x47, 0x02, 0x00,
    0x00, 0x00, 0x00, 0x00, 0x00, 0x00, 0x00, 0x00, 0x00, 0x00, 0x00, 0x00, 0x00, 0x00, 0x00, 0x00,
    0x00, 0x00, 0x00, 0x00, 0x00, 0x00, 0x00, 0x00, 0x00, 0x00, 0x00, 0x00, 0x00, 0x00, 0x00, 0x00,
    0x00, 0x00, 0x00, 0x00, 0x00, 0x00, 0x00, 0x00, 0x00, 0x00, 0x00, 0x00, 0x00, 0x00, 0x00, 0x00,
    0x00, 0x00, 0x00, 0x00, 0x00, 0x00, 0x00, 0x00, 0x00, 0x00, 0x00, 0x00, 0x00, 0x00, 0x00, 0x00,
    0x04, 0xE4, 0xDA, 0xD5, 0xA6, 0xC1, 0xBD, 0xBD, 0x00, 0xEA, 0xE1, 0xDC, 0xD0, 0xD5, 0xD0, 0xD0,
    0x00, 0xEC, 0xEE, 0xEE, 0xEF, 0xEF, 0xEF, 0xEF, 0x00, 0x00, 0x02, 0x02, 0x02, 0x16, 0xEC, 0xF9,
    0xBD, 0xC1, 0xC1, 0xBD, 0xBD, 0xBD, 0xC1, 0xBD, 0xD0, 0xD0, 0xD1, 0xD0, 0xD1, 0xD0, 0xD1, 0xD1,
    0xEF, 0xF1, 0xF1, 0xF1, 0xF1, 0xF1, 0xF1, 0xF1, 0xF7, 0xF1, 0xF3, 0xF4, 0xF4, 0xF4, 0xF4, 0xF4,
    0xC1, 0xC1, 0xC1, 0xC1, 0xC1, 0xC1, 0xC6, 0xC1, 0xD1, 0xD1, 0xD1, 0xD1, 0xD1, 0xD1, 0xD1, 0xD1,
    0xF1, 0xF1, 0xF1, 0xF1, 0xF1, 0xF1, 0xF1, 0xF1, 0xF4, 0xF4, 0xF4, 0xF4, 0xF4, 0xF4, 0xF4, 0xF4,
    0xC1, 0xC1, 0xC6, 0xC6, 0xC6, 0xC6, 0xC6, 0xC9, 0xD1, 0xD1, 0xD1, 0xD1, 0xD2, 0xD2, 0xD4, 0xD5,
    0xF1, 0xF1, 0xF2, 0xF2, 0xF2, 0xF1, 0xF1, 0xF2, 0xF4, 0xF4, 0xF3, 0xF2, 0xF5, 0xF5, 0xF4, 0xF4,
    0xC9, 0xC6, 0xD8, 0xE8, 0xD5, 0xCC, 0xCC, 0x52, 0xD5, 0xD4, 0xE2, 0xEC, 0xE1, 0xDB, 0xD7, 0xD9,
    0xF2, 0xF1, 0xF4, 0xF6, 0xF4, 0xF3, 0xF3, 0xF3, 0xF4, 0xF4, 0xF4, 0xF3, 0xF4, 0xF4, 0xF4, 0xF4,
    0x59, 0x5B, 0x60, 0x59, 0x53, 0x55, 0x5B, 0x5B, 0xDA, 0xDA, 0xDA, 0xDA, 0xDB, 0xDB, 0xDD, 0xDD,
    0xF3, 0xF2, 0xF3, 0xF3, 0xF3, 0xF3, 0xF3, 0xF3, 0xF4, 0xF4, 0xF4, 0xF4, 0xF4, 0xF4, 0xF4, 0xF4,
    0x5B, 0x5E, 0x5B, 0x5E, 0x5B, 0x57, 0x65, 0x62, 0xDD, 0xDE, 0xDC, 0xDC, 0xDD, 0xDD, 0xDD, 0xDD,
    0xF3, 0xF3, 0xF3, 0xF3, 0xF3, 0xF3, 0xF3, 0xF3, 0xF4, 0xF4, 0xF4, 0xF4, 0xF4, 0xF4, 0xF4, 0xF4,
    0x62, 0x57, 0x65, 0xD0, 0xC9, 0xD0, 0xD1, 0xD0, 0xDD, 0xDD, 0xDC, 0xD9, 0xDD, 0xDC, 0xDC, 0xDC,
    0xF3, 0xF3, 0xF4, 0xF4, 0xF4, 0xF4, 0xF3, 0xF2, 0xF4, 0xF4, 0xF4, 0xF4, 0xF4, 0xF3, 0xF6, 0xFA,
    0xD0, 0xD1, 0xD1, 0xD0, 0xD2, 0x96, 0x50, 0x5E, 0xDC, 0xDC, 0xDC, 0xDC, 0xDA, 0xDC, 0xDE, 0xDD,
    0xF3, 0xF3, 0xF4, 0xF4, 0xF4, 0xF4, 0xF4, 0xF4, 0xFA, 0xF7, 0xF4, 0xF4, 0xF4, 0xF4, 0xF4, 0xF4,
    0x5E, 0x62, 0x57, 0x59, 0x5B, 0x59, 0x5B, 0x5E, 0xDE, 0xDE, 0xDE, 0xDE, 0xE1, 0xE1, 0xDE, 0xDE,
    0xF4, 0xF4, 0xF4, 0xF4, 0xF3, 0xF4, 0xF4, 0xF3, 0xF4, 0xF4, 0xF4, 0xF4, 0xF4, 0xF4, 0xF4, 0xF4,
    0x5E, 0x5E, 0x5E, 0x59, 0x5B, 0x65, 0x60, 0x62, 0xDE, 0xDE, 0xDE, 0xDE, 0xDE, 0xDE, 0xDE, 0xDE,
    0xF3, 0xF3, 0xF3, 0xF3, 0xF3, 0xF3, 0xF3, 0xF3, 0xF4, 0xF4, 0xF4, 0xF4, 0xF4, 0xF4, 0xF4, 0xF4,
    0x51, 0xB6, 0xD0, 0xCC, 0xE1, 0xCC, 0xB2, 0xD4, 0xDE, 0xDA, 0xD8, 0xDD, 0xE6, 0xD7, 0xCA, 0xDE,
    0xF4, 0xF4, 0xF4, 0xF4, 0xF5, 0xF3, 0xF1, 0xF3, 0xF4, 0xF5, 0xF5, 0xF4, 0xF4, 0xF5, 0xF5, 0xF5,
    0xD1, 0xD1, 0xD2, 0xD2, 0xD1, 0xD1, 0xD2, 0xD2, 0xDA, 0xDA, 0xDA, 0xDA, 0xD9, 0xDA, 0xDA, 0xDA,
    0xF3, 0xF3, 0xF3, 0xF3, 0xF3, 0xF3, 0xF3, 0xF3, 0xF5, 0xF5, 0xF5, 0xF5, 0xF5, 0xF6, 0xF5, 0xF5,
    0xD1, 0xD2, 0xD4, 0xD2, 0xD1, 0xD1, 0xD2, 0xD2, 0xDA, 0xDA, 0xDA, 0xDA, 0xDB, 0xDA, 0xDB, 0xDB,
    0xF3, 0xF3, 0xF3, 0xF3, 0xF3, 0xF3, 0xF3, 0xF3, 0xF5, 0xF5, 0xF5, 0xF5, 0xF5, 0xF5, 0xF5, 0xF5,
    0xD4, 0xD4, 0xD4, 0xD4, 0xD5, 0xD5, 0xD5, 0xD4, 0xDA, 0xDB, 0xDB, 0xDB, 0xDA, 0xDA, 0xDA, 0xDA,
    0xF3, 0xF2, 0xF2, 0xF2, 0xF2, 0xF2, 0xF2, 0xF2, 0xF5, 0xF5, 0xF5, 0xF5, 0xF5, 0xF5, 0xF5, 0xF5,
    0xD5, 0xD5, 0xD4, 0xD5, 0xDA, 0xE4, 0xE8, 0x6E, 0xDA, 0xDA, 0xDA, 0xDC, 0xE1, 0xEA, 0x68, 0x00,
    0xF2, 0xF2, 0xF1, 0xEE, 0xEE, 0xEC, 0x03, 0x00, 0xF5, 0xF3, 0xB6, 0x03, 0x03, 0x02, 0x00, 0x00,
    0x00, 0x00, 0x00, 0x00, 0x00, 0x00, 0x00, 0x00, 0x00, 0x00, 0x00, 0x00, 0x00, 0x00, 0x00, 0x00,
    0x00, 0x00, 0x00, 0x00, 0x00, 0x00, 0x00, 0x00, 0x00, 0x00, 0x00, 0x00, 0x00, 0x00, 0x00, 0x00,
    0x00, 0x00, 0x00, 0x00, 0x00, 0x04, 0xF2, 0xF5, 0x00, 0x00, 0x00, 0x00, 0x00, 0x0A, 0xF2, 0xF5,
    0x00, 0x00, 0x00, 0x00, 0x00, 0x2C, 0xF2, 0xF5, 0x00, 0x00, 0x00, 0x00, 0x00, 0x2C, 0xF1, 0xF5,
    0xEC, 0x4B, 0x4E, 0x52, 0x51, 0x55, 0x53, 0x59, 0xEA, 0x42, 0x4E, 0x52, 0x51, 0x52, 0x51, 0x52,
    0xE4, 0x41, 0x4E, 0x50, 0x51, 0x50, 0x67, 0x71, 0xE1, 0x3F, 0x51, 0x53, 0x60, 0x63, 0x71, 0x9F,
    0x59, 0x62, 0x67, 0x7E, 0x67, 0x53, 0x57, 0x51, 0x59, 0x62, 0x67, 0x78, 0x62, 0x51, 0x53, 0x50,
    0x5D, 0x63, 0x67, 0x71, 0x59, 0x50, 0x4E, 0x51, 0x55, 0x63, 0x6C, 0x65, 0x55, 0x4E, 0x4E, 0x4E,
    0x4E, 0x4E, 0x4C, 0xB6, 0x3F, 0x48, 0x48, 0x42, 0x4E, 0x51, 0x49, 0xB6, 0x3D, 0x48, 0x41, 0x53,
    0x4C, 0x4E, 0x4B, 0xBC, 0x3D, 0x34, 0x65, 0xBD, 0x4C, 0x4C, 0x49, 0xB6, 0x3D, 0x59, 0xB6, 0xB0,
    0x4E, 0x57, 0xFE, 0xF8, 0xF6, 0xF7, 0xF7, 0xF8, 0x41, 0x6F, 0xFC, 0xF2, 0xF1, 0xF5, 0xF5, 0xF5,
    0x28, 0x6A, 0xFC, 0xF4, 0xF3, 0xF6, 0xF7, 0xF6, 0x28, 0x65, 0xFC, 0xF2, 0xF1, 0xF6, 0xF6, 0xF6,
    0xF7, 0xF7, 0xFA, 0xFE, 0xEE, 0x57, 0x51, 0xE6, 0xF5, 0xF4, 0xF5, 0xF8, 0xFF, 0xEF, 0xB0, 0x65,
    0xF6, 0xF6, 0xF5, 0xF5, 0xF9, 0xFD, 0xA6, 0xC6, 0xF4, 0xF6, 0xF6, 0xF6, 0xF5, 0xFB, 0xF1, 0x6A,
    0xFC, 0xFD, 0xFC, 0xF9, 0xD7, 0x73, 0x6F, 0xEC, 0xC1, 0xE6, 0xE2, 0x95, 0x82, 0x5E, 0xEF, 0xFC,
    0x82, 0x57, 0x62, 0xA6, 0xB0, 0xE2, 0xFC, 0xFA, 0xB6, 0xB6, 0xC1, 0xC1, 0x86, 0xFB, 0xFA, 0xEF,
    0xFC, 0xFB, 0xF6, 0xF5, 0xF6, 0xF6, 0xF6, 0xF7, 0xF9, 0xEF, 0xEA, 0xEA, 0xEB, 0xEA, 0xEA, 0xEF,
    0xED, 0xEA, 0xEC, 0xEC, 0xEB, 0xEB, 0xEC, 0xF1, 0xEB, 0xED, 0xED, 0xEB, 0xEC, 0xEB, 0xEC, 0xEF,
    0xF9, 0xFF, 0xD7, 0xA6, 0x9D, 0xA6, 0x9F, 0xB6, 0xF9, 0xFD, 0xDB, 0xA6, 0x9E, 0x9F, 0x9F, 0xB6,
    0xF9, 0xFD, 0xDA, 0xAC, 0xD9, 0x4F, 0xAC, 0xBD, 0xF9, 0xFD, 0xDA, 0xA4, 0xDE, 0x5E, 0x5D, 0xBD,
    0x53, 0x60, 0x62, 0x62, 0x60, 0x60, 0x59, 0x57, 0x53, 0x62, 0x62, 0x63, 0x62, 0x62, 0x57, 0x53,
    0x55, 0x62, 0x62, 0x65, 0x62, 0x60, 0x5B, 0x51, 0x57, 0x62, 0x62, 0x63, 0x62, 0x5E, 0x59, 0x50,
    0xBD, 0x85, 0x85, 0x85, 0x85, 0x85, 0x8F, 0x97, 0xB0, 0x85, 0x85, 0x85, 0x85, 0x8F, 0x85, 0x85,
    0xA4, 0x85, 0x80, 0x85, 0x80, 0x85, 0x85, 0x85, 0x97, 0x85, 0x78, 0x80, 0x80, 0x80, 0x80, 0x80,
    0x8F, 0x8F, 0x97, 0x91, 0x8F, 0x9F, 0xA5, 0xB0, 0x85, 0x8F, 0x85, 0x8F, 0x85, 0x8F, 0x97, 0xA4,
    0x85, 0x85, 0x85, 0x85, 0x85, 0x85, 0x85, 0x8F, 0x80, 0x80, 0x80, 0x80, 0x80, 0x80, 0x80, 0x85,
    0xBD, 0xC6, 0xCC, 0xD2, 0xD9, 0xE3, 0xDC, 0x0C, 0xAC, 0xB2, 0xC1, 0xC6, 0xD0, 0xD5, 0xDC, 0xE2,
    0x97, 0xA4, 0xA6, 0xB0, 0xBD, 0xC9, 0xD0, 0xD7, 0x85, 0x8F, 0x97, 0x9F, 0xA4, 0xB1, 0xBD, 0xCA,
    0x00, 0x00, 0x00, 0x00, 0x00, 0x00, 0x00, 0x00, 0x95, 0x03, 0x00, 0x00, 0x00, 0x00, 0x00, 0x00,
    0xDE, 0xE1, 0x12, 0x00, 0x00, 0x00, 0x00, 0x00, 0xD1, 0xDA, 0xE3, 0xD8, 0x03, 0x00, 0x00, 0x00,
    0x00, 0x00, 0x00, 0x00, 0x00, 0x00, 0x00, 0x00, 0x00, 0x00, 0x00, 0x00, 0x00, 0x00, 0x00, 0x00,
    0x00, 0x00, 0x00, 0x00, 0x00, 0x00, 0x00, 0x00, 0x00, 0x00, 0x00, 0x00, 0x00, 0x00, 0x00, 0x00,
    0x00, 0x00, 0x00, 0x00, 0x00, 0x00, 0x03, 0xA5, 0x00, 0x00, 0x00, 0x00, 0x00, 0x00, 0x00, 0x00,
    0x00, 0x00, 0x00, 0x00, 0x00, 0x00, 0x00, 0x00, 0x00, 0x00, 0x00, 0x00, 0x00, 0x00, 0x00, 0x00,
    0xED, 0xE1, 0xEB, 0xF1, 0xF1, 0xF1, 0xF1, 0xF1, 0x03, 0x03, 0x04, 0x0D, 0x05, 0x90, 0xF5, 0xF6,
    0x00, 0x00, 0x00, 0x00, 0x00, 0x02, 0xAC, 0xF1, 0x00, 0x00, 0x00, 0x00, 0x00, 0x00, 0x00, 0x03,
    0xF1, 0xF1, 0xF1, 0xF1, 0xF1, 0xF1, 0xF1, 0xF1, 0xF6, 0xF6, 0xF6, 0xF6, 0xF6, 0xF6, 0xF6, 0xF6,
    0xF5, 0xF4, 0xF3, 0xF4, 0xF3, 0xF4, 0xF4, 0xF5, 0x04, 0x04, 0x03, 0x03, 0x03, 0x04, 0x04, 0x04,
    0xF1, 0xF3, 0xEE, 0xED, 0xF2, 0xF4, 0xF1, 0xF1, 0xF8, 0xEB, 0x13, 0xA5, 0x7B, 0x07, 0x05, 0x05,
    0xEA, 0x03, 0x00, 0x00, 0x00, 0x00, 0x00, 0x00, 0x02, 0x00, 0x00, 0x00, 0x00, 0x00, 0x00, 0x00,
    0xF1, 0xF1, 0xF1, 0xF1, 0xF1, 0xF1, 0xF1, 0xF1, 0x05, 0x05, 0x13, 0x50, 0x40, 0x07, 0x05, 0x05,
    0x00, 0x00, 0x00, 0x00, 0x00, 0x00, 0x00, 0x00, 0x00, 0x00, 0x00, 0x00, 0x00, 0x00, 0x00, 0x00,
    0xF1, 0xF1, 0xF1, 0xF1, 0xF1, 0xF1, 0xF1, 0xF1, 0x05, 0x05, 0x05, 0x05, 0x05, 0x05, 0x05, 0x05,
    0x00, 0x00, 0x00, 0x00, 0x00, 0x00, 0x00, 0x00, 0x00, 0x00, 0x00, 0x00, 0x00, 0x00, 0x00, 0x00,
    0xF1, 0xF1, 0xF1, 0xF1, 0xF1, 0xF1, 0xF1, 0xF1, 0x05, 0x05, 0x05, 0x05, 0x05, 0x05, 0x05, 0x07,
    0x00, 0x00, 0x00, 0x00, 0x00, 0x00, 0x00, 0x00, 0x00, 0x00, 0x00, 0x00, 0x00, 0x00, 0x00, 0x00,
    0xF1, 0xF1, 0xF1, 0xEF, 0xEF, 0xEF, 0xF4, 0xF8, 0x05, 0x04, 0x04, 0x04, 0x04, 0x04, 0x03, 0x04,
    0x00, 0x00, 0x00, 0x00, 0x00, 0x00, 0x00, 0x00, 0x00, 0x00, 0x00, 0x00, 0x00, 0x00, 0x00, 0x00,
    0xF5, 0xEF, 0xEE, 0xEF, 0xEF, 0xEF, 0xF1, 0xF1, 0x05, 0x03, 0x03, 0x04, 0x04, 0x04, 0x04, 0x04,
    0x00, 0x00, 0x00, 0x00, 0x00, 0x00, 0x00, 0x00, 0x00, 0x00, 0x00, 0x00, 0x00, 0x00, 0x00, 0x00,
    0xF1, 0xF1, 0xF1, 0xF1, 0xF1, 0xF1, 0xF1, 0xF1, 0x05, 0x05, 0x07, 0x05, 0x05, 0x05, 0x05, 0x05,
    0x00, 0x00, 0x00, 0x00, 0x00, 0x00, 0x00, 0x00, 0x00, 0x00, 0x00, 0x00, 0x00, 0x00, 0x00, 0x00,
    0xF1, 0xF1, 0xF1, 0xF1, 0xF1, 0xF1, 0xF1, 0xF1, 0x05, 0x05, 0x05, 0x05, 0x05, 0x05, 0x05, 0x05,
    0x00, 0x00, 0x00, 0x00, 0x00, 0x00, 0x00, 0x00, 0x00, 0x00, 0x00, 0x00, 0x00, 0x00, 0x00, 0x00,
    0xF1, 0xF2, 0xF2, 0xF2, 0xF2, 0xF2, 0xF2, 0xF2, 0x05, 0x05, 0x05, 0x16, 0x5A, 0x46, 0x07, 0x05,
    0x00, 0x00, 0x00, 0x00, 0x00, 0x00, 0x00, 0x00, 0x00, 0x00, 0x00, 0x00, 0x00, 0x00, 0x00, 0x00,
    0xF2, 0xF2, 0xF2, 0xF2, 0xF2, 0xF3, 0xF2, 0xF2, 0x05, 0x05, 0x05, 0x05, 0x05, 0x04, 0xD5, 0xF8,
    0x00, 0x00, 0x00, 0x00, 0x00, 0x00, 0x02, 0x69, 0x00, 0x00, 0x00, 0x00, 0x00, 0x00, 0x00, 0x00,
    0xF3, 0xF3, 0xF3, 0xF3, 0xF3, 0xF3, 0xF3, 0xF3, 0xF7, 0xF7, 0xF8, 0xF7, 0xF7, 0xF8, 0xF7, 0xF7,
    0xEF, 0xF6, 0xF4, 0xF5, 0xF5, 0xF5, 0xF5, 0xF5, 0x03, 0x04, 0x03, 0x04, 0x04, 0x04, 0x04, 0x04,
    0xF3, 0xF3, 0xF3, 0xF2, 0xF2, 0xF2, 0xF2, 0xEE, 0xF7, 0xF8, 0xF1, 0x0A, 0x05, 0x05, 0x07, 0x03,
    0xF6, 0xE8, 0x0C, 0x00, 0x00, 0x00, 0x00, 0x00, 0x04, 0x02, 0x00, 0x00, 0x00, 0x00, 0x00, 0x00,
    0xD5, 0x05, 0x00, 0x00, 0x00, 0x00, 0x00, 0x00, 0x00, 0x00, 0x00, 0x00, 0x00, 0x00, 0x00, 0x00,
    0x00, 0x00, 0x00, 0x00, 0x00, 0x00, 0x00, 0x00, 0x00, 0x00, 0x00, 0x00, 0x00, 0x00, 0x00, 0x00,
    0x00, 0x00, 0x00, 0x00, 0x00, 0x00, 0x00, 0x00, 0x00, 0x00, 0x00, 0x00, 0x00, 0x00, 0x00, 0x00,
    0x00, 0x00, 0x00, 0x00, 0x00, 0x00, 0x00, 0x00, 0x00, 0x00, 0x00, 0x00, 0x00, 0x00, 0x00, 0x00,
    0x00, 0x00, 0x00, 0x00, 0x00, 0x2D, 0xF1, 0xF5, 0x00, 0x00, 0x00, 0x00, 0x00, 0x2C, 0xF1, 0xF5,
    0x00, 0x00, 0x00, 0x00, 0x00, 0x21, 0xF1, 0xF5, 0x00, 0x00, 0x00, 0x00, 0x00, 0x04, 0xF1, 0xF4,
    0xDE, 0x3F, 0x51, 0x65, 0xBF, 0xCC, 0xB6, 0x86, 0xDE, 0x3D, 0x53, 0x3F, 0x48, 0x4A, 0x4C, 0x5D,
    0xE2, 0x3D, 0x51, 0x51, 0x4C, 0x50, 0x4C, 0x52, 0xE6, 0x33, 0x4D, 0x51, 0x51, 0x51, 0x51, 0x55,
    0x55, 0x62, 0x69, 0x63, 0x52, 0x4C, 0x4E, 0x4D, 0x57, 0x60, 0x67, 0x63, 0x4E, 0x4C, 0x4E, 0x4E,
    0x59, 0x60, 0x63, 0x60, 0x4E, 0x49, 0x4C, 0x4E, 0x55, 0x5E, 0x63, 0x60, 0x4C, 0x48, 0x4E, 0x4E,
    0x4C, 0x4C, 0x47, 0xB0, 0x38, 0xCA, 0xD0, 0x7E, 0x48, 0x4C, 0x48, 0xB2, 0x38, 0x49, 0xE4, 0xCE,
    0x49, 0x4C, 0x49, 0xB6, 0x38, 0x3D, 0x52, 0xE3, 0x49, 0x4C, 0x49, 0xBC, 0x33, 0x49, 0x3D, 0x59,
    0x25, 0x62, 0xFC, 0xF3, 0xF2, 0xF6, 0xF6, 0xF7, 0x25, 0x60, 0xFC, 0xF3, 0xF3, 0xF6, 0xF5, 0xF5,
    0x26, 0x63, 0xFC, 0xF2, 0xF3, 0xF6, 0xF6, 0xF5, 0x48, 0x67, 0xFD, 0xEF, 0xEF, 0xF2, 0xF3, 0xF2,
    0xF5, 0xF6, 0xF4, 0xF5, 0xF4, 0xF9, 0xF9, 0x49, 0xF6, 0xF6, 0xF5, 0xF5, 0xF5, 0xFA, 0xE6, 0x86,
    0xF6, 0xF6, 0xF5, 0xF6, 0xFA, 0xFA, 0x6C, 0xC1, 0xF4, 0xF3, 0xF5, 0xFB, 0xFA, 0xD8, 0xB2, 0x5E,
    0xB6, 0xB6, 0xC1, 0xC6, 0xA6, 0xFD, 0xF4, 0xEA, 0xB6, 0xBD, 0xC1, 0xC6, 0x82, 0xFA, 0xFA, 0xEB,
    0x65, 0x4E, 0x49, 0x6F, 0xC1, 0xC9, 0xFD, 0xFA, 0xDC, 0xED, 0xEF, 0xE1, 0x62, 0x95, 0xEA, 0xFD,
    0xED, 0xEC, 0xEC, 0xEA, 0xEC, 0xEB, 0xEC, 0xEF, 0xEB, 0xEC, 0xEC, 0xEC, 0xEC, 0xED, 0xEC, 0xEF,
    0xE8, 0xEA, 0xEE, 0xEC, 0xED, 0xED, 0xED, 0xEF, 0xFA, 0xE8, 0xE2, 0xE3, 0xE4, 0xE5, 0xE1, 0xEE,
    0xF9, 0xFD, 0xDA, 0x97, 0xDC, 0xCC, 0x7E, 0xB6, 0xF9, 0xFD, 0xD8, 0x97, 0xDE, 0xBD, 0xA8, 0xBD,
    0xF9, 0xFD, 0xBD, 0x85, 0xE5, 0x8F, 0x97, 0xB2, 0xF7, 0xFD, 0x62, 0x8F, 0xC1, 0x8F, 0x97, 0xB2,
    0x53, 0x5E, 0x60, 0x62, 0x5E, 0x5B, 0x59, 0x4C, 0x52, 0x5E, 0x5E, 0x62, 0x5E, 0x5D, 0x55, 0x47,
    0x52, 0x60, 0x60, 0x5E, 0x5D, 0x5B, 0x50, 0x48, 0x51, 0x5D, 0x60, 0x62, 0x5D, 0x59, 0x4C, 0x41,
    0x85, 0x78, 0x6C, 0x71, 0x78, 0x71, 0x78, 0x78, 0x82, 0x6E, 0x67, 0x6A, 0x6A, 0x71, 0x6C, 0x71,
    0x80, 0x65, 0x62, 0x62, 0x62, 0x67, 0x67, 0x67, 0x78, 0x5E, 0x5D, 0x5E, 0x60, 0x5E, 0x62, 0x62,
    0x78, 0x78, 0x78, 0x78, 0x78, 0x80, 0x78, 0x78, 0x71, 0x71, 0x71, 0x71, 0x6C, 0x71, 0x6E, 0x78,
    0x6A, 0x6C, 0x67, 0x6C, 0x67, 0x67, 0x63, 0x69, 0x62, 0x63, 0x63, 0x62, 0x62, 0x62, 0x5E, 0x62,
    0x80, 0x78, 0x85, 0x85, 0x97, 0x9F, 0xA6, 0xB1, 0x71, 0x78, 0x78, 0x78, 0x85, 0x85, 0x8F, 0x9D,
    0x67, 0x6C, 0x67, 0x6E, 0x78, 0x78, 0x85, 0x85, 0x63, 0x63, 0x63, 0x67, 0x6C, 0x6C, 0x78, 0x80,
    0xC6, 0xCC, 0xD5, 0xDA, 0xE2, 0x4D, 0x02, 0x00, 0xB0, 0xB6, 0xC6, 0xCC, 0xD7, 0xDE, 0xCA, 0x04,
    0x97, 0x9F, 0xA6, 0xB2, 0xC6, 0xCE, 0xDD, 0xE3, 0x85, 0x8F, 0x9D, 0x9F, 0xA6, 0xB2, 0xCA, 0xD1,
    0x00, 0x00, 0x00, 0x00, 0x00, 0x00, 0x00, 0x00, 0x00, 0x00, 0x00, 0x00, 0x00, 0x00, 0x00, 0x00,
    0x23, 0x00, 0x00, 0x00, 0x00, 0x00, 0x00, 0x00, 0xDB, 0x38, 0x00, 0x00, 0x00, 0x00, 0x00, 0x00,
    0x00, 0x00, 0x00, 0x00, 0x00, 0x00, 0x00, 0x00, 0x00, 0x00, 0x00, 0x00, 0x00, 0x00, 0x00, 0x00,
    0x00, 0x00, 0x00, 0x00, 0x00, 0x00, 0x00, 0x00, 0x00, 0x00, 0x00, 0x00, 0x00, 0x00, 0x00, 0x00,
    0x00, 0x00, 0x00, 0x00, 0x00, 0x00, 0x00, 0x00, 0x00, 0x00, 0x00, 0x00, 0x00, 0x00, 0x00, 0x00,
    0x00, 0x00, 0x00, 0x00, 0x00, 0x00, 0x00, 0x00, 0x00, 0x00, 0x00, 0x00, 0x00, 0x00, 0x00, 0x00,
    0x00, 0x00, 0x00, 0x00, 0x00, 0x00, 0x00, 0x00, 0x00, 0x00, 0x00, 0x00, 0x00, 0x00, 0x00, 0x00,
    0x00, 0x00, 0x00, 0x00, 0x00, 0x00, 0x00, 0x00, 0x00, 0x00, 0x00, 0x00, 0x00, 0x00, 0x00, 0x00,
    0x00, 0x00, 0x00, 0x00, 0x00, 0x00, 0x00, 0x00, 0x00, 0x00, 0x00, 0x00, 0x00, 0x00, 0x00, 0x00,
    0x00, 0x00, 0x00, 0x00, 0x00, 0x00, 0x00, 0x00, 0x00, 0x00, 0x00, 0x00, 0x00, 0x00, 0x00, 0x00,
    0x00, 0x00, 0x00, 0x00, 0x00, 0x00, 0x00, 0x00, 0x00, 0x00, 0x00, 0x00, 0x00, 0x00, 0x00, 0x00,
    0x00, 0x00, 0x00, 0x00, 0x00, 0x00, 0x00, 0x00, 0x00, 0x00, 0x00, 0x00, 0x00, 0x00, 0x00, 0x00,
    0x00, 0x00, 0x00, 0x00, 0x00, 0x00, 0x00, 0x00, 0x00, 0x00, 0x00, 0x00, 0x00, 0x00, 0x00, 0x00,
    0x00, 0x00, 0x00, 0x00, 0x00, 0x00, 0x00, 0x00, 0x00, 0x00, 0x00, 0x00, 0x00, 0x00, 0x00, 0x00,
    0x00, 0x00, 0x00, 0x00, 0x00, 0x00, 0x00, 0x00, 0x00, 0x00, 0x00, 0x00, 0x00, 0x00, 0x00, 0x00,
    0x00, 0x00, 0x00, 0x00, 0x00, 0x00, 0x00, 0x00, 0x00, 0x00, 0x00, 0x00, 0x00, 0x00, 0x00, 0x00,
    0x00, 0x00, 0x00, 0x00, 0x00, 0x00, 0x00, 0x00, 0x00, 0x00, 0x00, 0x00, 0x00, 0x00, 0x00, 0x00,
    0x00, 0x00, 0x00, 0x00, 0x00, 0x00, 0x00, 0x00, 0x00, 0x00, 0x00, 0x00, 0x00, 0x00, 0x00, 0x00,
    0x00, 0x00, 0x00, 0x00, 0x00, 0x00, 0x00, 0x00, 0x00, 0x00, 0x00, 0x00, 0x00, 0x00, 0x00, 0x00,
    0x00, 0x00, 0x00, 0x00, 0x00, 0x00, 0x00, 0x00, 0x00, 0x00, 0x00, 0x00, 0x00, 0x00, 0x00, 0x00,
    0x00, 0x00, 0x00, 0x00, 0x00, 0x00, 0x00, 0x00, 0x00, 0x00, 0x00, 0x00, 0x00, 0x00, 0x00, 0x00,
    0x00, 0x00, 0x00, 0x00, 0x00, 0x00, 0x00, 0x00, 0x00, 0x00, 0x00, 0x00, 0x00, 0x00, 0x00, 0x00,
    0x00, 0x00, 0x00, 0x00, 0x00, 0x00, 0x00, 0x00, 0x00, 0x00, 0x00, 0x00, 0x00, 0x00, 0x00, 0x00,
    0x00, 0x00, 0x00, 0x00, 0x00, 0x00, 0x00, 0x00, 0x00, 0x00, 0x00, 0x00, 0x00, 0x00, 0x00, 0x00,
    0x00, 0x00, 0x00, 0x00, 0x00, 0x00, 0x00, 0x00, 0x00, 0x00, 0x00, 0x00, 0x00, 0x00, 0x00, 0x00,
    0x00, 0x00, 0x00, 0x00, 0x00, 0x00, 0x00, 0x00, 0x00, 0x00, 0x00, 0x00, 0x00, 0x00, 0x00, 0x00,
    0x00, 0x00, 0x00, 0x00, 0x00, 0x00, 0x00, 0x00, 0x00, 0x00, 0x00, 0x00, 0x00, 0x00, 0x00, 0x00,
    0x00, 0x00, 0x00, 0x00, 0x00, 0x00, 0x00, 0x00, 0x00, 0x00, 0x00, 0x00, 0x00, 0x00, 0x00, 0x00,
    0x00, 0x00, 0x00, 0x00, 0x00, 0x00, 0x00, 0x00, 0x00, 0x00, 0x00, 0x00, 0x00, 0x00, 0x00, 0x00,
    0x00, 0x00, 0x00, 0x00, 0x00, 0x00, 0x00, 0x00, 0x00, 0x00, 0x00, 0x00, 0x00, 0x00, 0x00, 0x00,
    0x00, 0x00, 0x00, 0x00, 0x00, 0x00, 0x00, 0x00, 0x00, 0x00, 0x00, 0x00, 0x00, 0x00, 0x00, 0x00,
    0x00, 0x00, 0x00, 0x00, 0x00, 0x00, 0x00, 0x00, 0x00, 0x00, 0x00, 0x00, 0x00, 0x00, 0x00, 0x00,
    0x00, 0x00, 0x00, 0x00, 0x00, 0x00, 0x00, 0x00, 0x00, 0x00, 0x00, 0x00, 0x00, 0x00, 0x00, 0x00,
    0x00, 0x00, 0x00, 0x00, 0x00, 0x00, 0x00, 0x00, 0x00, 0x00, 0x00, 0x00, 0x00, 0x00, 0x00, 0x00,
    0x00, 0x00, 0x00, 0x00, 0x00, 0x00, 0x00, 0x00, 0x00, 0x00, 0x00, 0x00, 0x00, 0x00, 0x00, 0x00,
    0x00, 0x00, 0x00, 0x00, 0x00, 0x00, 0x00, 0x00, 0x00, 0x00, 0x00, 0x00, 0x00, 0x00, 0x00, 0x00,
    0x00, 0x00, 0x00, 0x00, 0x00, 0x02, 0xF1, 0xF4, 0x00, 0x00, 0x00, 0x00, 0x00, 0x00, 0xEF, 0xF4,
    0x00, 0x00, 0x00, 0x00, 0x00, 0x00, 0xE6, 0xF3, 0x00, 0x00, 0x00, 0x00, 0x00, 0x00, 0x7B, 0xF1,
    0xEC, 0x28, 0x4A, 0x4E, 0x51, 0x4E, 0x51, 0x53, 0xEF, 0x25, 0x49, 0x4E, 0x50, 0x4E, 0x50, 0x57,
    0xF4, 0x25, 0x41, 0x4E, 0x50, 0x4E, 0x51, 0x52, 0xF6, 0x62, 0x3D, 0x4E, 0x4E, 0x4E, 0x50, 0x51,
    0x55, 0x5E, 0x65, 0x60, 0x49, 0x41, 0x4E, 0x4C, 0x57, 0x5D, 0x62, 0x62, 0x49, 0x41, 0x49, 0x4E,
    0x55, 0x5B, 0x5E, 0x62, 0x4D, 0x3D, 0x49, 0x4E, 0x55, 0x59, 0x5D, 0x60, 0x55, 0x33, 0x48, 0x4E,
    0x49, 0x4C, 0x49, 0xB6, 0x33, 0x48, 0x49, 0x3D, 0x4E, 0x4E, 0x49, 0xB6, 0x2C, 0x41, 0x49, 0x49,
    0x4C, 0x4C, 0x49, 0xBC, 0x28, 0x3F, 0x41, 0x49, 0x4C, 0x4C, 0x48, 0xC6, 0x4C, 0x2E, 0x2E, 0x38,
    0x4C, 0x41, 0xFD, 0xFB, 0xF6, 0xF7, 0xF7, 0xF7, 0x49, 0x28, 0xEB, 0xFD, 0xFC, 0xFC, 0xFC, 0xFC,
    0x49, 0x4E, 0x0C, 0x63, 0xCA, 0xCC, 0xD0, 0xD0, 0x3D, 0x3D, 0x3F, 0x20, 0x18, 0x18, 0x1C, 0x1D,
    0xF7, 0xF9, 0xFC, 0xFB, 0xCA, 0x57, 0x51, 0xEC, 0xFC, 0xFC, 0xFA, 0xD1, 0x50, 0x4A, 0xEE, 0xFC,
    0xD1, 0xCE, 0x47, 0x50, 0x50, 0xEF, 0xFC, 0xFA, 0x20, 0x25, 0x5C, 0x6C, 0xE3, 0xFF, 0xFA, 0xF5,
    0xFB, 0xFC, 0xFD, 0xFC, 0xED, 0x4C, 0x62, 0xE2, 0xFA, 0xF8, 0xF7, 0xFA, 0xFE, 0xF1, 0x5B, 0x57,
    0xF5, 0xF4, 0xF4, 0xF5, 0xFA, 0xFF, 0xEF, 0xA4, 0xF6, 0xF4, 0xF5, 0xF4, 0xF6, 0xF8, 0xFD, 0xDE,
    0xFE, 0xFC, 0xF2, 0xEF, 0xF1, 0xF1, 0xEF, 0xF4, 0xE6, 0xFB, 0xFD, 0xFC, 0xFC, 0xFC, 0xFC, 0xFC,
    0x65, 0x6F, 0xDC, 0xDE, 0xDC, 0xDC, 0xDA, 0xD8, 0xC6, 0xA4, 0x5B, 0x4E, 0x4D, 0x4C, 0x4B, 0x4B,
    0xFA, 0xFB, 0x4E, 0x97, 0x78, 0x97, 0x97, 0xB6, 0xFB, 0xDE, 0x71, 0x97, 0x97, 0x97, 0x97, 0xB2,
    0xB6, 0x47, 0x9F, 0x8F, 0x8F, 0x8F, 0x97, 0xA5, 0x5B, 0x8F, 0x8F, 0x8F, 0x97, 0x97, 0x9D, 0xC9,
    0x52, 0x5D, 0x5D, 0x5E, 0x59, 0x59, 0x48, 0x3F, 0x50, 0x5D, 0x5D, 0x5D, 0x59, 0x53, 0x3F, 0x48,
    0x50, 0x5B, 0x5D, 0x5D, 0x55, 0x50, 0x33, 0x4C, 0x53, 0x59, 0x5D, 0x59, 0x55, 0x4E, 0x25, 0x53,
    0x6C, 0x59, 0x59, 0x5B, 0x5B, 0x5D, 0x5D, 0x5D, 0x63, 0x53, 0x53, 0x55, 0x55, 0x59, 0x59, 0x59,
    0x51, 0x4E, 0x50, 0x50, 0x52, 0x53, 0x53, 0x55, 0x49, 0x4C, 0x4C, 0x4E, 0x4E, 0x4E, 0x4E, 0x51,
    0x5B, 0x5E, 0x5E, 0x5E, 0x5D, 0x5E, 0x60, 0x5E, 0x59, 0x59, 0x59, 0x5B, 0x57, 0x59, 0x5D, 0x5B,
    0x53, 0x55, 0x55, 0x55, 0x55, 0x55, 0x55, 0x55, 0x4E, 0x51, 0x50, 0x51, 0x51, 0x51, 0x50, 0x52,
    0x5E, 0x62, 0x62, 0x61, 0x62, 0x65, 0x6C, 0x6C, 0x5B, 0x5B, 0x5B, 0x5F, 0x5E, 0x62, 0x63, 0x63,
    0x59, 0x59, 0x59, 0x59, 0x5B, 0x5D, 0x5E, 0x62, 0x52, 0x53, 0x53, 0x59, 0x55, 0x59, 0x5B, 0x5D,
    0x80, 0x80, 0x85, 0x8F, 0x9D, 0x9F, 0xB0, 0xBD, 0x6E, 0x71, 0x78, 0x85, 0x8F, 0x97, 0x97, 0xA4,
    0x67, 0x67, 0x6C, 0x78, 0x80, 0x8F, 0x8F, 0x9F, 0x62, 0x60, 0x65, 0x6C, 0x71, 0x80, 0x85, 0x8F,
    0xCC, 0xDA, 0x2C, 0x00, 0x00, 0x00, 0x00, 0x00, 0xB2, 0xC9, 0xD7, 0x0A, 0x00, 0x00, 0x00, 0x00,
    0xA4, 0xB0, 0xCA, 0xD7, 0x04, 0x00, 0x00, 0x00, 0x97, 0xA4, 0xB2, 0xCC, 0xA4, 0x00, 0x00, 0x00,
    0x00, 0x00, 0x00, 0x00, 0x00, 0x00, 0x00, 0x00, 0x00, 0x00, 0x00, 0x00, 0x00, 0x00, 0x00, 0x00,
    0x00, 0x00, 0x00, 0x00, 0x00, 0x00, 0x00, 0x00, 0x00, 0x00, 0x00, 0x00, 0x00, 0x00, 0x00, 0x00,
    0x00, 0x00, 0x00, 0x00, 0x00, 0x00, 0x00, 0x00, 0x00, 0x00, 0x00, 0x00, 0x00, 0x00, 0x00, 0x00,
    0x00, 0x00, 0x00, 0x00, 0x00, 0x00, 0x00, 0x00, 0x00, 0x00, 0x00, 0x00, 0x00, 0x00, 0x00, 0x00,
    0x00, 0x00, 0x00, 0x00, 0x00, 0x00, 0x00, 0x00, 0x00, 0x00, 0x00, 0x00, 0x00, 0x00, 0x00, 0x00,
    0x00, 0x00, 0x00, 0x00, 0x00, 0x00, 0x00, 0x00, 0x00, 0x00, 0x00, 0x00, 0x00, 0x00, 0x00, 0x00,
    0x00, 0x00, 0x00, 0x00, 0x00, 0x00, 0x00, 0x00, 0x00, 0x00, 0x00, 0x00, 0x00, 0x00, 0x00, 0x00,
    0x00, 0x00, 0x00, 0x00, 0x00, 0x00, 0x00, 0x00, 0x00, 0x00, 0x00, 0x00, 0x02, 0x02, 0x03, 0x03,
    0x00, 0x00, 0x00, 0x00, 0x00, 0x00, 0x00, 0x00, 0x00, 0x00, 0x00, 0x00, 0x00, 0x00, 0x00, 0x00,
    0x00, 0x00, 0x00, 0x00, 0x00, 0x00, 0x00, 0x00, 0x04, 0x05, 0x08, 0x0A, 0x0D, 0x1D, 0x1D, 0x25,
    0x00, 0x00, 0x00, 0x00, 0x00, 0x00, 0x00, 0x00, 0x00, 0x00, 0x00, 0x00, 0x00, 0x00, 0x00, 0x00,
    0x00, 0x00, 0x00, 0x02, 0x02, 0x02, 0x02, 0x02, 0x28, 0x3D, 0x4A, 0x50, 0x53, 0x52, 0x59, 0x55,
    0x00, 0x00, 0x00, 0x00, 0x00, 0x00, 0x00, 0x00, 0x00, 0x00, 0x00, 0x00, 0x00, 0x00, 0x00, 0x00,
    0x03, 0x03, 0x03, 0x03, 0x03, 0x03, 0x03, 0x03, 0x5B, 0x5D, 0x5D, 0x60, 0x5D, 0x62, 0x65, 0x63,
    0x00, 0x00, 0x00, 0x00, 0x00, 0x00, 0x00, 0x00, 0x00, 0x00, 0x00, 0x00, 0x00, 0x00, 0x00, 0x00,
    0x04, 0x04, 0x04, 0x04, 0x05, 0x04, 0x04, 0x05, 0x63, 0x73, 0x82, 0x60, 0x6C, 0x78, 0x71, 0x71,
    0x00, 0x00, 0x00, 0x00, 0x00, 0x00, 0x00, 0x00, 0x00, 0x00, 0x00, 0x00, 0x00, 0x00, 0x00, 0x00,
    0x05, 0x04, 0x04, 0x04, 0x05, 0x04, 0x04, 0x04, 0x71, 0x73, 0x71, 0x6E, 0x70, 0x80, 0x7E, 0x65,
    0x00, 0x00, 0x00, 0x00, 0x00, 0x00, 0x00, 0x00, 0x00, 0x00, 0x00, 0x00, 0x00, 0x00, 0x00, 0x00,
    0x03, 0x03, 0x03, 0x03, 0x03, 0x03, 0x03, 0x03, 0x60, 0x67, 0x6A, 0x65, 0x65, 0x61, 0x67, 0x67,
    0x00, 0x00, 0x00, 0x00, 0x00, 0x00, 0x00, 0x00, 0x00, 0x00, 0x00, 0x00, 0x00, 0x00, 0x00, 0x00,
    0x03, 0x02, 0x02, 0x02, 0x02, 0x02, 0x00, 0x00, 0x63, 0x63, 0x63, 0x5D, 0x5E, 0x57, 0x52, 0x46,
    0x00, 0x00, 0x00, 0x00, 0x00, 0x00, 0x00, 0x00, 0x00, 0x00, 0x00, 0x00, 0x00, 0x00, 0x00, 0x00,
    0x00, 0x00, 0x00, 0x00, 0x00, 0x00, 0x00, 0x00, 0x38, 0x27, 0x21, 0x15, 0x0E, 0x08, 0x04, 0x04,
    0x00, 0x00, 0x00, 0x00, 0x00, 0x00, 0x00, 0x00, 0x00, 0x00, 0x00, 0x00, 0x00, 0x00, 0x00, 0x00,
    0x00, 0x00, 0x00, 0x00, 0x00, 0x00, 0x00, 0x00, 0x03, 0x03, 0x02, 0x02, 0x00, 0x00, 0x00, 0x00,
    0x00, 0x00, 0x00, 0x00, 0x00, 0x00, 0x00, 0x00, 0x00, 0x00, 0x00, 0x00, 0x00, 0x00, 0x00, 0x00,
    0x00, 0x00, 0x00, 0x00, 0x00, 0x00, 0x00, 0x00, 0x00, 0x00, 0x00, 0x00, 0x00, 0x00, 0x00, 0x00,
    0x00, 0x00, 0x00, 0x00, 0x00, 0x00, 0x00, 0x00, 0x00, 0x00, 0x00, 0x00, 0x00, 0x00, 0x00, 0x00,
    0x00, 0x00, 0x00, 0x00, 0x00, 0x00, 0x00, 0x00, 0x00, 0x00, 0x00, 0x00, 0x00, 0x00, 0x00, 0x00,
    0x00, 0x00, 0x00, 0x00, 0x00, 0x00, 0x00, 0x00, 0x00, 0x00, 0x00, 0x00, 0x00, 0x00, 0x00, 0x00,
    0x00, 0x00, 0x00, 0x00, 0x00, 0x00, 0x00, 0x00, 0x00, 0x00, 0x00, 0x00, 0x00, 0x00, 0x00, 0x00,
    0x00, 0x00, 0x00, 0x00, 0x00, 0x00, 0x00, 0x00, 0x00, 0x00, 0x00, 0x00, 0x00, 0x00, 0x00, 0x00,
    0x00, 0x00, 0x00, 0x00, 0x00, 0x00, 0x00, 0x00, 0x00, 0x00, 0x00, 0x00, 0x00, 0x00, 0x00, 0x00,
    0x00, 0x00, 0x00, 0x00, 0x00, 0x00, 0x07, 0xF1, 0x00, 0x00, 0x00, 0x00, 0x00, 0x00, 0x00, 0xEE,
    0x00, 0x00, 0x00, 0x00, 0x00, 0x00, 0x00, 0x1D, 0x00, 0x00, 0x00, 0x00, 0x00, 0x00, 0x00, 0x00,
    0xF5, 0xE4, 0x28, 0x4E, 0x4E, 0x4E, 0x4E, 0x51, 0xF1, 0xED, 0x33, 0x4C, 0x4E, 0x4E, 0x4E, 0x4E,
    0xEB, 0xED, 0x82, 0x38, 0x51, 0x4C, 0x4E, 0x4E, 0x04, 0x16, 0x25, 0x21, 0x4C, 0x4E, 0x4E, 0x4E,
    0x55, 0x59, 0x59, 0x62, 0x5B, 0x38, 0x38, 0x51, 0x52, 0x57, 0x59, 0x60, 0x5E, 0x3F, 0x28, 0x4C,
    0x4E, 0x55, 0x59, 0x5C, 0x5E, 0x49, 0x28, 0x3F, 0x4E, 0x53, 0x53, 0x59, 0x5B, 0x50, 0x2C, 0x2C,
    0x4C, 0x4C, 0x42, 0x5D, 0xD5, 0xB0, 0xB0, 0xB2, 0x4C, 0x4E, 0x48, 0x3F, 0x51, 0x73, 0x73, 0x73,
    0x4E, 0x4C, 0x48, 0x48, 0x3D, 0x41, 0x3F, 0x3F, 0x4E, 0x4C, 0x4C, 0x48, 0x48, 0x48, 0x49, 0x49,
    0xB6, 0xB6, 0xBD, 0xBD, 0xBD, 0xB6, 0xB2, 0xB1, 0x73, 0x73, 0x73, 0x6F, 0x6C, 0x6A, 0x6A, 0x67,
    0x3F, 0x41, 0x41, 0x41, 0x42, 0x48, 0x4B, 0x4C, 0x48, 0x49, 0x49, 0x4C, 0x4E, 0x4C, 0x4E, 0x51,
    0xBC, 0x86, 0x62, 0x3B, 0xFB, 0xFB, 0xF4, 0xF4, 0x6A, 0xD5, 0x60, 0x2E, 0xFD, 0xF8, 0xF2, 0xF6,
    0x41, 0xD5, 0x69, 0x33, 0xFC, 0xF8, 0xF2, 0xF5, 0x4D, 0xDA, 0x63, 0x2E, 0xFC, 0xF8, 0xF4, 0xF5,
    0xF6, 0xF5, 0xF4, 0xF6, 0xF4, 0xF6, 0xFB, 0xF8, 0xF4, 0xF5, 0xF5, 0xF5, 0xF5, 0xF7, 0xFB, 0xFB,
    0xF6, 0xF5, 0xF6, 0xF5, 0xF5, 0xF7, 0xFB, 0xFB, 0xF5, 0xF5, 0xF5, 0xF6, 0xF5, 0xF6, 0xFB, 0xFB,
    0x9D, 0xB2, 0xC1, 0xD0, 0xCE, 0xCA, 0xCA, 0xCA, 0x6F, 0xBD, 0x73, 0x6A, 0x6A, 0x67, 0x67, 0x67,
    0x82, 0xC1, 0x4B, 0x50, 0x50, 0x50, 0x50, 0x52, 0x7E, 0xC1, 0x52, 0x57, 0x55, 0x53, 0x55, 0x55,
    0xCA, 0xCA, 0xCC, 0xCC, 0xCC, 0xD0, 0xD0, 0xC9, 0x67, 0x67, 0x67, 0x67, 0x67, 0x67, 0x67, 0x55,
    0x52, 0x50, 0x52, 0x52, 0x52, 0x52, 0x52, 0x59, 0x57, 0x55, 0x59, 0x55, 0x59, 0x59, 0x57, 0x59,
    0x59, 0x59, 0x5B, 0x59, 0x53, 0x41, 0x23, 0x52, 0x59, 0x59, 0x59, 0x59, 0x51, 0x33, 0x33, 0x48,
    0x59, 0x5B, 0x59, 0x52, 0x4E, 0x23, 0x46, 0x3F, 0x59, 0x59, 0x55, 0x51, 0x41, 0x1D, 0x47, 0x3D,
    0x42, 0x48, 0x49, 0x49, 0x49, 0x49, 0x4C, 0x49, 0x3F, 0x41, 0x48, 0x41, 0x48, 0x41, 0x41, 0x48,
    0x3F, 0x3F, 0x41, 0x41, 0x41, 0x41, 0x41, 0x41, 0x38, 0x3D, 0x3D, 0x3D, 0x3D, 0x3F, 0x3D, 0x3F,
    0x4C, 0x4C, 0x4E, 0x4E, 0x4E, 0x4C, 0x4F, 0x4E, 0x49, 0x48, 0x49, 0x48, 0x49, 0x49, 0x4C, 0x4C,
    0x41, 0x41, 0x3F, 0x41, 0x3F, 0x48, 0x41, 0x48, 0x3D, 0x3D, 0x3D, 0x3F, 0x3D, 0x3F, 0x3F, 0x3F,
    0x4E, 0x4F, 0x51, 0x52, 0x51, 0x59, 0x59, 0x59, 0x4C, 0x4E, 0x4E, 0x4E, 0x51, 0x51, 0x55, 0x55,
    0x48, 0x49, 0x49, 0x4C, 0x4E, 0x4D, 0x50, 0x51, 0x41, 0x41, 0x41, 0x41, 0x48, 0x49, 0x4C, 0x4E,
    0x5B, 0x5B, 0x5E, 0x63, 0x6A, 0x6C, 0x78, 0x80, 0x59, 0x59, 0x5D, 0x60, 0x62, 0x63, 0x6C, 0x71,
    0x55, 0x55, 0x57, 0x5B, 0x5B, 0x60, 0x62, 0x6C, 0x4E, 0x51, 0x54, 0x55, 0x59, 0x59, 0x5E, 0x62,
    0x8F, 0x97, 0xA8, 0xC6, 0xD1, 0x07, 0x00, 0x00, 0x80, 0x85, 0xA1, 0xB6, 0xC9, 0xC9, 0x02, 0x00,
    0x71, 0x80, 0x97, 0xAC, 0xC1, 0xCC, 0x15, 0x00, 0x67, 0x78, 0x80, 0x9D, 0xB2, 0xC6, 0x5E, 0x00,
    0x00, 0x02, 0x00, 0x00, 0x00, 0x00, 0x00, 0x00, 0x00, 0x1D, 0x0A, 0x08, 0x0A, 0x08, 0x07, 0x08,
    0x00, 0x3F, 0x15, 0x15, 0x15, 0x15, 0x1B, 0x18, 0x02, 0x3F, 0x33, 0x2E, 0x3D, 0x6A, 0x71, 0x6C,
    0x00, 0x00, 0x00, 0x00, 0x00, 0x00, 0x00, 0x00, 0x0A, 0x0A, 0x08, 0x08, 0x08, 0x08, 0x08, 0x08,
    0x16, 0x15, 0x15, 0x15, 0x15, 0x15, 0x15, 0x15, 0x6F, 0x6C, 0x62, 0x63, 0x63, 0x76, 0x71, 0x76,
    0x00, 0x02, 0x02, 0x02, 0x02, 0x02, 0x03, 0x02, 0x08, 0x08, 0x0A, 0x0A, 0x0A, 0x0C, 0x0C, 0x0C,
    0x15, 0x15, 0x15, 0x15, 0x15, 0x15, 0x1B, 0x1B, 0x78, 0x78, 0x80, 0x80, 0x71, 0x75, 0x76, 0x78,
    0x02, 0x02, 0x02, 0x03, 0x7E, 0x4C, 0x48, 0x3D, 0x0C, 0x0A, 0x0A, 0x0D, 0x5E, 0x48, 0x35, 0x28,
    0x1B, 0x1B, 0x1B, 0x1D, 0x1B, 0x1A, 0x1B, 0x18, 0x71, 0x71, 0x71, 0x71, 0x71, 0x6C, 0x6F, 0x71,
    0x2C, 0x23, 0x15, 0x12, 0x11, 0x0C, 0x0D, 0x0D, 0x25, 0x33, 0x57, 0x9F, 0x95, 0x63, 0x57, 0x4C,
    0x15, 0x25, 0xD1, 0x86, 0x23, 0x1F, 0x1A, 0x15, 0x6C, 0x6F, 0xE8, 0x9F, 0x25, 0x3D, 0x3D, 0x38,
    0x0C, 0x0C, 0x09, 0x08, 0x08, 0x08, 0x08, 0x08, 0x3F, 0x2C, 0x26, 0x25, 0x23, 0x26, 0x28, 0x33,
    0x13, 0x12, 0x11, 0x0F, 0x0E, 0x0D, 0x0F, 0x0D, 0x38, 0x3B, 0x3B, 0x3F, 0x3F, 0x40, 0x41, 0x40,
    0x08, 0x08, 0x08, 0x08, 0x08, 0x08, 0x08, 0x07, 0x38, 0x3D, 0x41, 0x41, 0x48, 0x48, 0x41, 0x41,
    0x0D, 0x0D, 0x0D, 0x0F, 0x0F, 0x0F, 0x0F, 0x0D, 0x41, 0x41, 0x41, 0x41, 0x46, 0x41, 0x46, 0x46,
    0x08, 0x07, 0x07, 0x07, 0x08, 0x08, 0x08, 0x08, 0x41, 0x41, 0x4A, 0x4E, 0x53, 0x5B, 0x5E, 0x62,
    0x0D, 0x0D, 0x0F, 0x0F, 0x0F, 0x12, 0x12, 0x12, 0x48, 0x46, 0x48, 0x48, 0x48, 0x41, 0x46, 0x46,
    0x08, 0x09, 0x0A, 0x0C, 0x0A, 0x0A, 0x0A, 0x0D, 0x67, 0x71, 0x78, 0x80, 0x80, 0x85, 0x8E, 0x95,
    0x13, 0x13, 0x15, 0x15, 0x15, 0x16, 0x16, 0x16, 0x46, 0x42, 0x41, 0x45, 0x48, 0x46, 0x46, 0x48,
    0x0F, 0x0F, 0x11, 0x12, 0x12, 0x13, 0x15, 0x15, 0x9D, 0x9D, 0x9D, 0x95, 0x86, 0x85, 0x85, 0x85,
    0x16, 0x15, 0x15, 0x17, 0x15, 0x15, 0x16, 0x15, 0x46, 0x48, 0x41, 0x47, 0x48, 0x47, 0x46, 0x48,
    0x15, 0x1A, 0x18, 0x1C, 0x21, 0x23, 0x27, 0x28, 0x80, 0x8F, 0x9D, 0x9F, 0xB0, 0xB6, 0xC6, 0xCC,
    0x17, 0x1A, 0x1A, 0x1D, 0x20, 0x21, 0x23, 0x25, 0x48, 0x45, 0x46, 0x41, 0x41, 0x41, 0x41, 0x3F,
    0x33, 0x3D, 0x41, 0x48, 0x4A, 0x5D, 0x80, 0x85, 0xD0, 0xD2, 0xD8, 0xDE, 0xE2, 0xCA, 0x6A, 0x55,
    0x25, 0x28, 0x2E, 0x33, 0x6A, 0xD2, 0x12, 0x1B, 0x3F, 0x3F, 0x40, 0x33, 0x50, 0xE3, 0x41, 0x8F,
    0xA6, 0xBD, 0xC1, 0xC1, 0x03, 0x02, 0x02, 0x02, 0x60, 0x6F, 0x7E, 0xB0, 0x23, 0x1B, 0x1D, 0x23,
    0x25, 0x25, 0x25, 0x20, 0x1C, 0x21, 0x25, 0x23, 0xA5, 0x9F, 0xA5, 0x9F, 0xA6, 0xA6, 0xA4, 0xA6,
    0x02, 0x02, 0x02, 0x02, 0x02, 0x02, 0x02, 0x02, 0x23, 0x23, 0x23, 0x23, 0x26, 0x26, 0x25, 0x23,
    0x25, 0x23, 0x23, 0x25, 0x25, 0x23, 0x23, 0x20, 0xA4, 0xA5, 0xA6, 0xA5, 0xA5, 0xA6, 0xA5, 0xA5,
    0x00, 0x00, 0x00, 0x02, 0x02, 0x02, 0x02, 0x00, 0x18, 0x16, 0x18, 0x15, 0x15, 0x13, 0x15, 0x1D,
    0x2E, 0x33, 0x38, 0x33, 0x33, 0x33, 0x33, 0x23, 0xAC, 0xAC, 0xAC, 0xAC, 0xAC, 0xA6, 0xAC, 0xB1,
    0x00, 0x00, 0x00, 0x00, 0x00, 0x00, 0x00, 0x00, 0x1D, 0x1B, 0x18, 0x18, 0x1B, 0x1B, 0x18, 0x1F,
    0x28, 0x2E, 0x26, 0x28, 0x4A, 0x38, 0x1B, 0x21, 0xB0, 0xB1, 0xAC, 0xA8, 0xBD, 0x55, 0x1D, 0x21,
    0x00, 0x00, 0x00, 0x00, 0x00, 0x00, 0x00, 0x00, 0x00, 0x00, 0x00, 0x00, 0x00, 0x00, 0x00, 0x00,
    0x00, 0x00, 0x00, 0x00, 0x00, 0x00, 0x00, 0x00, 0x00, 0x00, 0x00, 0x00, 0x00, 0x00, 0x00, 0x00,
    0x00, 0x00, 0x00, 0x00, 0x00, 0x00, 0x00, 0x00, 0x00, 0x00, 0x00, 0x00, 0x00, 0x00, 0x00, 0x00,
    0x00, 0x00, 0x00, 0x00, 0x00, 0x00, 0x00, 0x00, 0x00, 0x00, 0x00, 0x00, 0x00, 0x00, 0x00, 0x00,
    0x00, 0x00, 0x02, 0x15, 0x23, 0x4E, 0x57, 0x51, 0x00, 0x00, 0x00, 0x04, 0x15, 0x21, 0x3D, 0x4C,
    0x00, 0x00, 0x00, 0x00, 0x03, 0x12, 0x15, 0x12, 0x00, 0x00, 0x00, 0x00, 0x00, 0x02, 0x03, 0x0D,
    0x50, 0x51, 0x51, 0x59, 0x59, 0x5C, 0x38, 0x26, 0x53, 0x58, 0x5D, 0x5D, 0x5D, 0x5D, 0x4E, 0x23,
    0x21, 0x26, 0x33, 0x49, 0x52, 0x5E, 0x67, 0x3D, 0x0E, 0x15, 0x18, 0x15, 0x15, 0x1B, 0x27, 0x2E,
    0x3F, 0x4E, 0x49, 0x48, 0x48, 0x41, 0x48, 0x48, 0x26, 0x4C, 0x49, 0x48, 0x48, 0x48, 0x48, 0x48,
    0x1B, 0x3D, 0x48, 0x48, 0x48, 0x41, 0x48, 0x49, 0x1B, 0x1D, 0x41, 0x48, 0x41, 0x41, 0x41, 0x48,
    0x48, 0x49, 0x49, 0x4C, 0x4C, 0x4E, 0x4E, 0x4E, 0x48, 0x4C, 0x49, 0x4C, 0x4C, 0x4E, 0x50, 0x51,
    0x48, 0x49, 0x49, 0x4C, 0x4C, 0x4E, 0x4E, 0x52, 0x48, 0x48, 0x4C, 0x49, 0x4C, 0x4E, 0x4E, 0x51,
    0x4B, 0xD7, 0x65, 0x2E, 0xFC, 0xF8, 0xF4, 0xF6, 0x4C, 0xCA, 0x62, 0x28, 0xFD, 0xF5, 0xEF, 0xF1,
    0x4B, 0xC9, 0x62, 0x28, 0xFC, 0xFA, 0xED, 0xEF, 0x4C, 0xCA, 0x5E, 0x51, 0xEB, 0xFD, 0xFC, 0xFC,
    0xF5, 0xF6, 0xF6, 0xF6, 0xF6, 0xF7, 0xFB, 0xFB, 0xF2, 0xF1, 0xF1, 0xF3, 0xF2, 0xF6, 0xFA, 0xFA,
    0xEF, 0xEF, 0xEF, 0xEF, 0xEF, 0xF4, 0xFB, 0xF8, 0xFC, 0xFC, 0xFC, 0xFC, 0xFC, 0xFC, 0xFC, 0xDD,
    0x73, 0xC1, 0x52, 0x52, 0x55, 0x55, 0x53, 0x52, 0x62, 0xB0, 0x52, 0x55, 0x55, 0x53, 0x53, 0x52,
    0x60, 0xA5, 0x51, 0x52, 0x53, 0x53, 0x53, 0x55, 0x97, 0x9F, 0x4E, 0x51, 0x55, 0x51, 0x55, 0x55,
    0x55, 0x55, 0x55, 0x59, 0x59, 0x57, 0x59, 0x59, 0x55, 0x55, 0x55, 0x55, 0x57, 0x55, 0x57, 0x59,
    0x55, 0x55, 0x57, 0x55, 0x57, 0x55, 0x55, 0x59, 0x57, 0x55, 0x55, 0x55, 0x57, 0x57, 0x59, 0x55,
    0x59, 0x57, 0x51, 0x4E, 0x23, 0x2C, 0x3F, 0x33, 0x59, 0x53, 0x51, 0x3D, 0x15, 0x4C, 0x2E, 0x38,
    0x53, 0x51, 0x4E, 0x23, 0x33, 0x3F, 0x33, 0x33, 0x51, 0x51, 0x3F, 0x21, 0x48, 0x2C, 0x33, 0x33,
    0x38, 0x38, 0x33, 0x38, 0x38, 0x33, 0x38, 0x38, 0x33, 0x33, 0x33, 0x33, 0x2C, 0x33, 0x33, 0x2C,
    0x33, 0x2C, 0x33, 0x33, 0x2C, 0x2C, 0x2C, 0x28, 0x33, 0x33, 0x33, 0x2C, 0x2C, 0x28, 0x28, 0x28,
    0x33, 0x38, 0x33, 0x38, 0x33, 0x33, 0x38, 0x38, 0x2C, 0x2C, 0x2C, 0x33, 0x2C, 0x2C, 0x2C, 0x33,
    0x28, 0x28, 0x28, 0x28, 0x28, 0x28, 0x28, 0x28, 0x26, 0x26, 0x26, 0x26, 0x25, 0x26, 0x26, 0x25,
    0x38, 0x3F, 0x3F, 0x3F, 0x41, 0x41, 0x49, 0x4C, 0x2C, 0x33, 0x33, 0x38, 0x3F, 0x3F, 0x41, 0x41,
    0x2E, 0x28, 0x2C, 0x2C, 0x33, 0x3D, 0x38, 0x3D, 0x25, 0x26, 0x26, 0x28, 0x28, 0x2C, 0x33, 0x33,
    0x4D, 0x4E, 0x4E, 0x51, 0x55, 0x55, 0x59, 0x5E, 0x48, 0x49, 0x4C, 0x4C, 0x50, 0x51, 0x55, 0x59,
    0x41, 0x41, 0x48, 0x4C, 0x4C, 0x4E, 0x50, 0x55, 0x3D, 0x3D, 0x3F, 0x41, 0x48, 0x49, 0x4C, 0x4E,
    0x62, 0x65, 0x71, 0x85, 0xA4, 0xB6, 0xCC, 0x00, 0x5B, 0x60, 0x67, 0x78, 0x8F, 0xB0, 0xB2, 0x05,
    0x59, 0x59, 0x5E, 0x6C, 0x80, 0xA4, 0xB0, 0x50, 0x52, 0x59, 0x59, 0x5E, 0x71, 0x97, 0xB0, 0xA4,
    0x02, 0x3F, 0x33, 0x28, 0x38, 0x5D, 0x60, 0x5E, 0x02, 0x3F, 0x33, 0x33, 0x3D, 0x5E, 0x60, 0x60,
    0x02, 0x3F, 0x38, 0x28, 0x40, 0x5E, 0x63, 0x60, 0x02, 0x3F, 0x2C, 0x25, 0x41, 0x60, 0x63, 0x63,
    0x5E, 0x5D, 0x60, 0x60, 0x60, 0x63, 0x62, 0x63, 0x5E, 0x60, 0x60, 0x62, 0x63, 0x63, 0x63, 0x63,
    0x60, 0x60, 0x63, 0x63, 0x63, 0x65, 0x67, 0x63, 0x63, 0x63, 0x63, 0x63, 0x63, 0x63, 0x67, 0x65,
    0x63, 0x63, 0x63, 0x63, 0x63, 0x63, 0x63, 0x67, 0x63, 0x67, 0x63, 0x63, 0x67, 0x67, 0x67, 0x6A,
    0x63, 0x65, 0x67, 0x63, 0x6A, 0x67, 0x6A, 0x6C, 0x67, 0x67, 0x6C, 0x67, 0x6A, 0x6A, 0x6F, 0x6C,
    0x67, 0x66, 0x6A, 0x67, 0x67, 0x67, 0x67, 0x6C, 0x67, 0x67, 0x67, 0x6C, 0x6C, 0x6F, 0x6F, 0x6C,
    0x6A, 0x6A, 0x6C, 0x6C, 0x6F, 0x6F, 0x6F, 0x6F, 0x71, 0x6F, 0x6C, 0x6F, 0x71, 0x71, 0x73, 0x73,
    0x67, 0x57, 0xEB, 0xE3, 0x97, 0xA5, 0x9D, 0x95, 0x67, 0x53, 0xEC, 0xEA, 0x6C, 0x86, 0x7E, 0x7E,
    0x6C, 0x53, 0xEB, 0xEA, 0x5D, 0x71, 0x6F, 0x6A, 0x6C, 0x4E, 0xEB, 0xEF, 0xB0, 0xCE, 0xB6, 0xB6,
    0x9D, 0x96, 0x95, 0x97, 0x9D, 0x9D, 0x9D, 0x9D, 0x78, 0x7E, 0x7E, 0x7E, 0x7E, 0x7E, 0x82, 0x82,
    0x6A, 0x6A, 0x6C, 0x6C, 0x6C, 0x6C, 0x6C, 0x6B, 0xBC, 0xBC, 0xBD, 0xB6, 0xC6, 0xC6, 0xBC, 0xC6,
    0x9F, 0x9F, 0xA4, 0xA4, 0xA4, 0xA5, 0xA5, 0xA5, 0x82, 0x85, 0x85, 0x82, 0x85, 0x8F, 0x85, 0x8F,
    0x6F, 0x6F, 0x6C, 0x71, 0x71, 0x71, 0x73, 0x76, 0xC6, 0xC6, 0xC6, 0xC6, 0xC6, 0xC8, 0xC9, 0xC9,
    0xA5, 0xA5, 0xA4, 0xA5, 0xA5, 0xA8, 0xA5, 0xAC, 0x8F, 0x8F, 0x8F, 0x8F, 0x8F, 0x8F, 0x95, 0x97,
    0x78, 0x78, 0x78, 0x78, 0x78, 0x78, 0x78, 0x78, 0xCA, 0xCA, 0xCA, 0xCA, 0xCA, 0xCA, 0xC9, 0xCC,
    0xA5, 0xA6, 0xAC, 0xAC, 0xAC, 0xAC, 0xAC, 0xAC, 0x97, 0x8F, 0x97, 0x97, 0x97, 0x97, 0x97, 0x97,
    0x78, 0x78, 0x76, 0x78, 0x78, 0x78, 0x80, 0x78, 0xCA, 0xC6, 0xC9, 0xC9, 0xCA, 0xCA, 0xCC, 0xCA,
    0xB1, 0xAC, 0xB1, 0xAC, 0xAC, 0xAA, 0xAC, 0xB1, 0x97, 0x9F, 0x97, 0x97, 0x97, 0x9F, 0x97, 0x9F,
    0x80, 0x78, 0x78, 0x80, 0x80, 0x7B, 0x80, 0x80, 0xCC, 0xCA, 0xCA, 0xCC, 0xCC, 0xCC, 0xCA, 0xCA,
    0xB1, 0xB1, 0xB1, 0xB1, 0xB1, 0xB1, 0xB0, 0xB1, 0x9F, 0x9F, 0x9F, 0x97, 0x9F, 0x9F, 0x9F, 0x9F,
    0x82, 0x80, 0x7E, 0x80, 0x80, 0x80, 0x80, 0x7E, 0xCC, 0xC9, 0xD0, 0xCC, 0xC1, 0xC9, 0xC9, 0xC9,
    0xB1, 0xB6, 0xB6, 0xA5, 0xD7, 0xEA, 0x2E, 0x84, 0x9F, 0x9F, 0x9F, 0x78, 0xDC, 0xED, 0x27, 0x97,
    0x80, 0x80, 0x78, 0x63, 0xDE, 0xEB, 0x27, 0x99, 0xC9, 0xC9, 0xD0, 0xB1, 0xEA, 0xEC, 0x25, 0x9F,
    0x97, 0x8F, 0x91, 0x97, 0x91, 0x97, 0x95, 0x97, 0x9F, 0x97, 0x9F, 0x9F, 0x97, 0x9F, 0x9F, 0x97,
    0x9F, 0x97, 0x9F, 0x97, 0x9F, 0x9F, 0x9F, 0x99, 0x9F, 0x9F, 0x9F, 0x9F, 0x9F, 0x9F, 0x9F, 0x9F,
    0x97, 0x8F, 0x97, 0x97, 0x97, 0x97, 0x97, 0x97, 0x99, 0x99, 0x97, 0x9F, 0x9F, 0x97, 0x9F, 0x9F,
    0x9F, 0x9F, 0x9F, 0x9F, 0x9F, 0x9F, 0x9F, 0x9F, 0x9F, 0x9F, 0x9F, 0x9F, 0x9F, 0x9F, 0x9F, 0x9F,
    0x97, 0x97, 0x97, 0x97, 0x8F, 0x97, 0x97, 0x97, 0x99, 0x9F, 0x9F, 0x97, 0x9F, 0x9F, 0x9F, 0x97,
    0x9F, 0x9F, 0x9F, 0x9F, 0x97, 0x9F, 0x9F, 0x9F, 0xA4, 0x9F, 0x9F, 0x9F, 0x9F, 0x9F, 0x9F, 0x9F,
    0x97, 0x97, 0x97, 0x97, 0xAC, 0xCC, 0x31, 0x1F, 0x9F, 0x97, 0x97, 0x97, 0xC1, 0xD1, 0x4F, 0x1F,
    0x9F, 0x9F, 0x9F, 0x99, 0xBD, 0xD9, 0x98, 0x23, 0x9F, 0x9F, 0x9F, 0xA5, 0xB2, 0xE1, 0xD8, 0x21,
    0x00, 0x00, 0x00, 0x00, 0x00, 0x00, 0x00, 0x00, 0x00, 0x00, 0x00, 0x00, 0x00, 0x00, 0x00, 0x00,
    0x00, 0x00, 0x00, 0x00, 0x00, 0x00, 0x00, 0x00, 0x00, 0x00, 0x00, 0x00, 0x00, 0x00, 0x00, 0x00,
    0x00, 0x00, 0x00, 0x00, 0x00, 0x00, 0x00, 0x00, 0x00, 0x00, 0x00, 0x00, 0x00, 0x00, 0x00, 0x00,
    0x00, 0x00, 0x00, 0x00, 0x00, 0x00, 0x00, 0x00, 0x00, 0x00, 0x00, 0x00, 0x00, 0x00, 0x00, 0x00,
    0x00, 0x00, 0x00, 0x00, 0x00, 0x00, 0x00, 0x00, 0x00, 0x00, 0x00, 0x00, 0x00, 0x00, 0x00, 0x00,
    0x00, 0x00, 0x00, 0x00, 0x00, 0x00, 0x00, 0x00, 0x00, 0x00, 0x00, 0x00, 0x00, 0x00, 0x00, 0x00,
    0x00, 0x02, 0x03, 0x04, 0x07, 0x0F, 0x18, 0x15, 0x00, 0x00, 0x00, 0x00, 0x00, 0x00, 0x02, 0x03,
    0x00, 0x00, 0x00, 0x00, 0x00, 0x00, 0x00, 0x00, 0x00, 0x00, 0x00, 0x00, 0x00, 0x00, 0x00, 0x00,
    0x0D, 0x15, 0x25, 0x48, 0x41, 0x41, 0x41, 0x48, 0x12, 0x15, 0x15, 0x2C, 0x49, 0x48, 0x41, 0x41,
    0x00, 0x0F, 0x15, 0x18, 0x38, 0x48, 0x48, 0x48, 0x00, 0x02, 0x16, 0x15, 0x18, 0x38, 0x48, 0x49,
    0x48, 0x4C, 0x49, 0x4C, 0x4C, 0x4E, 0x4C, 0x4E, 0x48, 0x49, 0x49, 0x49, 0x4E, 0x4E, 0x4E, 0x4E,
    0x48, 0x48, 0x4C, 0x4C, 0x4C, 0x4C, 0x4C, 0x49, 0x49, 0x48, 0x49, 0x49, 0x49, 0x49, 0x49, 0x4C,
    0x4B, 0xC9, 0x5E, 0x6F, 0x23, 0xD1, 0xE8, 0xEA, 0x48, 0xCA, 0x5E, 0x62, 0x5E, 0x28, 0x1A, 0x12,
    0x47, 0xCA, 0x5E, 0x63, 0x62, 0x63, 0x62, 0xB1, 0x48, 0xC9, 0x62, 0x63, 0x62, 0x63, 0x62, 0xCC,
    0xEA, 0xEA, 0xEA, 0xEA, 0xEB, 0xEA, 0xCE, 0x5D, 0x15, 0x18, 0x18, 0x19, 0x21, 0x27, 0x4D, 0x85,
    0x5E, 0x60, 0x61, 0x60, 0x5E, 0x71, 0x85, 0x8F, 0xDC, 0x89, 0x8F, 0xBD, 0x65, 0x71, 0x85, 0x85,
    0x9F, 0x9F, 0x4E, 0x51, 0x53, 0x53, 0x53, 0x52, 0x97, 0x9F, 0x4E, 0x51, 0x51, 0x52, 0x52, 0x51,
    0x97, 0x9F, 0x4D, 0x52, 0x51, 0x51, 0x52, 0x53, 0x85, 0x97, 0x4E, 0x51, 0x51, 0x51, 0x51, 0x52,
    0x53, 0x55, 0x53, 0x59, 0x55, 0x55, 0x55, 0x51, 0x53, 0x52, 0x55, 0x55, 0x55, 0x53, 0x51, 0x50,
    0x53, 0x53, 0x55, 0x53, 0x55, 0x51, 0x4E, 0x4C, 0x53, 0x53, 0x55, 0x52, 0x51, 0x4E, 0x4C, 0x3D,
    0x50, 0x48, 0x1B, 0x3F, 0x3D, 0x38, 0x38, 0x33, 0x4C, 0x23, 0x28, 0x4A, 0x38, 0x38, 0x33, 0x38,
    0x33, 0x27, 0x51, 0x3F, 0x3D, 0x3D, 0x3D, 0x3D, 0x23, 0x4E, 0x48, 0x41, 0x3F, 0x41, 0x3F, 0x3D,
    0x2C, 0x2C, 0x2C, 0x2C, 0x28, 0x26, 0x28, 0x26, 0x33, 0x2C, 0x2C, 0x28, 0x2C, 0x28, 0x26, 0x26,
    0x33, 0x33, 0x33, 0x28, 0x2C, 0x2C, 0x26, 0x25, 0x38, 0x38, 0x33, 0x2C, 0x28, 0x28, 0x26, 0x26,
    0x26, 0x26, 0x25, 0x25, 0x25, 0x23, 0x23, 0x23, 0x26, 0x25, 0x23, 0x23, 0x1D, 0x21, 0x1D, 0x1D,
    0x25, 0x23, 0x21, 0x21, 0x1D, 0x1D, 0x1D, 0x1D, 0x25, 0x25, 0x21, 0x1D, 0x1D, 0x1D, 0x1B, 0x1B,
    0x23, 0x21, 0x25, 0x25, 0x26, 0x26, 0x28, 0x28, 0x21, 0x21, 0x21, 0x21, 0x25, 0x21, 0x25, 0x26,
    0x1D, 0x1D, 0x1B, 0x1D, 0x1D, 0x1D, 0x21, 0x21, 0x18, 0x1B, 0x1B, 0x1B, 0x1B, 0x1B, 0x1B, 0x1D,
    0x2C, 0x2C, 0x33, 0x3D, 0x3F, 0x41, 0x48, 0x49, 0x26, 0x26, 0x2C, 0x2C, 0x33, 0x3D, 0x3F, 0x41,
    0x23, 0x25, 0x25, 0x28, 0x28, 0x2C, 0x2C, 0x3D, 0x1D, 0x21, 0x21, 0x23, 0x25, 0x25, 0x28, 0x2C,
    0x4E, 0x51, 0x55, 0x59, 0x63, 0x85, 0x9F, 0xB2, 0x48, 0x49, 0x50, 0x53, 0x5D, 0x78, 0x8F, 0xA6,
    0x3F, 0x41, 0x49, 0x4C, 0x55, 0x6A, 0x85, 0x9F, 0x33, 0x38, 0x41, 0x48, 0x4E, 0x5E, 0x73, 0x9F,
    0x02, 0x3F, 0x33, 0x25, 0x46, 0x5E, 0x63, 0x62, 0x03, 0x48, 0x38, 0x2C, 0x41, 0x63, 0x67, 0x63,
    0x03, 0x52, 0x62, 0x7E, 0xC1, 0xDE, 0xDA, 0xDC, 0x03, 0x59, 0x65, 0x5E, 0xD9, 0x53, 0x57, 0x55,
    0x60, 0x60, 0x63, 0x61, 0x65, 0x62, 0x63, 0x63, 0x63, 0x63, 0x67, 0x65, 0x67, 0x67, 0x67, 0x67,
    0xDC, 0xDC, 0xDC, 0xDC, 0xDC, 0xDE, 0xDD, 0xDE, 0x57, 0x57, 0x57, 0x57, 0x59, 0x5B, 0x5B, 0x5B,
    0x63, 0x66, 0x65, 0x67, 0x67, 0x67, 0x67, 0x6F, 0x6A, 0x6C, 0x6F, 0x6F, 0x73, 0x73, 0x6F, 0x70,
    0xDE, 0xDE, 0xDE, 0xDE, 0xDE, 0xDE, 0xDE, 0xDE, 0x5A, 0x5E, 0x5E, 0x5E, 0x5D, 0x5B, 0x5B, 0x5D,
    0x71, 0x6F, 0x6F, 0x6F, 0x6F, 0x6F, 0x6F, 0x6F, 0x73, 0x71, 0x71, 0x6F, 0x73, 0x73, 0x71, 0x73,
    0xDE, 0xDE, 0xDE, 0xE1, 0xE1, 0xDE, 0xDE, 0xE1, 0x60, 0x60, 0x5E, 0x60, 0x60, 0x5E, 0x60, 0x53,
    0x71, 0x4C, 0xEA, 0xFD, 0xFB, 0xF8, 0xFA, 0xFA, 0x6F, 0x53, 0xDC, 0xFA, 0xF7, 0xEF, 0xF7, 0xF5,
    0xE3, 0x9D, 0xCC, 0x7E, 0x49, 0x50, 0x25, 0x1C, 0x9F, 0xE1, 0xC9, 0xDA, 0xB2, 0x78, 0xD9, 0xE8,
    0xFA, 0xFA, 0xFA, 0xFA, 0xF9, 0xF9, 0xFA, 0xFA, 0xF4, 0xF4, 0xF4, 0xF5, 0xF1, 0xF2, 0xF6, 0xF3,
    0x23, 0x23, 0x24, 0x21, 0x25, 0x25, 0x22, 0x25, 0xE5, 0xE4, 0xE4, 0xE4, 0xE4, 0xE5, 0xE5, 0xE5,
    0xF9, 0xF9, 0xF9, 0xF9, 0xF9, 0xF9, 0xF9, 0xF9, 0xF2, 0xF2, 0xF2, 0xF2, 0xF2, 0xF2, 0xF2, 0xF2,
    0x25, 0x27, 0x25, 0x25, 0x25, 0x25, 0x25, 0x26, 0xE5, 0xE5, 0xE5, 0xE6, 0xE6, 0xE5, 0xE6, 0xE6,
    0xF9, 0xF9, 0xF9, 0xFA, 0xFA, 0xFA, 0xFA, 0xF9, 0xF2, 0xF2, 0xF2, 0xF2, 0xF2, 0xF2, 0xF4, 0xEF,
    0x25, 0x25, 0x26, 0x25, 0x25, 0x25, 0x25, 0x28, 0xE6, 0xE6, 0xE6, 0xE6, 0xE6, 0xE6, 0xE6, 0xE6,
    0xFA, 0xFB, 0xFA, 0xFA, 0xFA, 0xFA, 0xFA, 0xFA, 0xF1, 0xF6, 0xF3, 0xF2, 0xF2, 0xF2, 0xF2, 0xF2,
    0x25, 0x21, 0x25, 0x25, 0x25, 0x25, 0x25, 0x25, 0xE8, 0xE8, 0xE8, 0xE8, 0xE8, 0xE8, 0xE8, 0xE8,
    0xFA, 0xFA, 0xFA, 0xFA, 0xFA, 0xFA, 0xFA, 0xFA, 0xF2, 0xF2, 0xF2, 0xF2, 0xF2, 0xF1, 0xF2, 0xF2,
    0x25, 0x25, 0x25, 0x1A, 0x86, 0xBD, 0xD5, 0xCC, 0xE8, 0xE8, 0xE8, 0xE6, 0xEC, 0xEE, 0xEF, 0xEE,
    0xFA, 0xFA, 0xF9, 0xFA, 0xFB, 0xFA, 0xFA, 0xFA, 0xF1, 0xF4, 0xEF, 0xF1, 0xF7, 0xF5, 0xF4, 0xF4,
    0xD2, 0xD2, 0xD7, 0xCC, 0x21, 0x23, 0x25, 0x27, 0xEF, 0xED, 0xEE, 0xEE, 0xE6, 0xE6, 0xE6, 0xE6,
    0xFA, 0xFA, 0xF8, 0xFA, 0xFC, 0xED, 0x20, 0xA5, 0xF5, 0xF4, 0xEE, 0xF6, 0xF9, 0xD8, 0x38, 0xA5,
    0x23, 0x28, 0x52, 0x4A, 0x57, 0x52, 0x55, 0xA5, 0xE8, 0xE1, 0x85, 0xB0, 0xD0, 0x6A, 0x52, 0xAC,
    0x9F, 0x9F, 0x9F, 0x9F, 0x9F, 0x9F, 0x9F, 0x9F, 0xA4, 0xA4, 0xA4, 0xA5, 0x9F, 0x9F, 0x9F, 0x9F,
    0xA5, 0xA1, 0xA5, 0xA5, 0xA4, 0xA4, 0x9F, 0x9F, 0xA5, 0xA5, 0xA5, 0xA1, 0xA4, 0xA5, 0xA5, 0xA4,
    0x9F, 0x9F, 0xA5, 0xA5, 0x9F, 0x9F, 0x9F, 0xA5, 0x9F, 0xA4, 0xA5, 0xA5, 0xA4, 0xA5, 0x9F, 0xA5,
    0x9F, 0xA4, 0xA6, 0xA6, 0xA5, 0xA5, 0xA5, 0xA6, 0xA5, 0xA6, 0xA5, 0xA6, 0xAC, 0xA5, 0xA6, 0xA6,
    0xA5, 0xA5, 0x9F, 0x9F, 0x9F, 0x9F, 0x9F, 0x9F, 0xA6, 0xA4, 0x9F, 0xA4, 0x9F, 0x9F, 0x9F, 0x9F,
    0xA5, 0xA5, 0x9F, 0xA4, 0x9F, 0xA1, 0xA1, 0x9F, 0xA5, 0xA5, 0xA5, 0xA4, 0xA4, 0xA5, 0x9F, 0xA5,
    0x9F, 0x9F, 0x9F, 0xA6, 0xB1, 0xE1, 0xD5, 0x21, 0xA1, 0xA5, 0x9F, 0xA5, 0xB1, 0xE1, 0xD4, 0x21,
    0xA5, 0xA5, 0xA4, 0xA6, 0xB1, 0xE1, 0xDC, 0x23, 0xA5, 0xA6, 0xA4, 0xB0, 0xB6, 0xE1, 0xDD, 0x25,
    0x00, 0x00, 0x00, 0x00, 0x00, 0x00, 0x00, 0x00, 0x00, 0x00, 0x00, 0x00, 0x00, 0x00, 0x00, 0x00,
    0x00, 0x00, 0x00, 0x00, 0x00, 0x00, 0x00, 0x00, 0x00, 0x00, 0x00, 0x00, 0x00, 0x00, 0x00, 0x00,
    0x00, 0x00, 0x00, 0x00, 0x00, 0x00, 0x00, 0x00, 0x00, 0x00, 0x00, 0x00, 0x00, 0x00, 0x00, 0x00,
    0x00, 0x00, 0x00, 0x00, 0x00, 0x00, 0x00, 0x00, 0x00, 0x00, 0x00, 0x00, 0x00, 0x00, 0x00, 0x00,
    0x00, 0x00, 0x00, 0x00, 0x00, 0x00, 0x00, 0x00, 0x00, 0x00, 0x00, 0x00, 0x00, 0x00, 0x00, 0x00,
    0x00, 0x00, 0x00, 0x00, 0x00, 0x00, 0x00, 0x00, 0x00, 0x00, 0x00, 0x00, 0x00, 0x00, 0x00, 0x00,
    0x00, 0x00, 0x00, 0x00, 0x00, 0x00, 0x00, 0x00, 0x00, 0x00, 0x00, 0x00, 0x00, 0x00, 0x00, 0x00,
    0x00, 0x00, 0x00, 0x00, 0x00, 0x00, 0x00, 0x00, 0x00, 0x00, 0x00, 0x00, 0x00, 0x00, 0x00, 0x00,
    0x00, 0x00, 0x02, 0x12, 0x15, 0x18, 0x3F, 0x4C, 0x00, 0x00, 0x00, 0x02, 0x18, 0x15, 0x1B, 0x3D,
    0x00, 0x00, 0x00, 0x00, 0x02, 0x0F, 0x0F, 0x18, 0x00, 0x00, 0x00, 0x00, 0x00, 0x02, 0x15, 0x15,
    0x49, 0x48, 0x48, 0x4A, 0x48, 0x48, 0x48, 0x49, 0x49, 0x4C, 0x48, 0x48, 0x41, 0x48, 0x41, 0x41,
    0x2C, 0x4C, 0x49, 0x49, 0x48, 0x41, 0x3F, 0x3F, 0x15, 0x25, 0x41, 0x4C, 0x41, 0x41, 0x41, 0x41,
    0x41, 0xC6, 0x62, 0x63, 0x62, 0x62, 0x62, 0x55, 0x41, 0xCC, 0x5B, 0x5B, 0x5B, 0x5D, 0x5B, 0x5B,
    0x3F, 0x73, 0xCE, 0x9E, 0x86, 0x8F, 0x95, 0x95, 0x3F, 0x33, 0xA4, 0xA4, 0x86, 0x86, 0x86, 0x8F,
    0xC6, 0xD4, 0xB0, 0x6F, 0x63, 0x71, 0x78, 0x85, 0x48, 0x6F, 0x62, 0x4E, 0x5D, 0x60, 0x6C, 0x71,
    0x95, 0x82, 0x95, 0xA4, 0xA6, 0xAC, 0xB1, 0xB6, 0x95, 0x9D, 0xA4, 0xA4, 0xA5, 0xA4, 0xA4, 0xA4,
    0x85, 0x8C, 0x4F, 0x51, 0x51, 0x51, 0x51, 0x51, 0x71, 0x78, 0x51, 0x4E, 0x51, 0x50, 0x51, 0x51,
    0xC1, 0xC6, 0x52, 0x4E, 0x4E, 0x50, 0x52, 0x50, 0xA6, 0x86, 0x4E, 0x4E, 0x51, 0x4E, 0x50, 0x4E,
    0x55, 0x55, 0x53, 0x4E, 0x4E, 0x4C, 0x3D, 0x25, 0x51, 0x51, 0x4E, 0x4E, 0x4C, 0x33, 0x28, 0x4E,
    0x4E, 0x4E, 0x4E, 0x48, 0x33, 0x33, 0x52, 0x57, 0x4E, 0x4C, 0x41, 0x28, 0x3D, 0x5D, 0x5E, 0x52,
    0x4C, 0x4E, 0x48, 0x48, 0x41, 0x41, 0x3F, 0x41, 0x55, 0x4C, 0x49, 0x4C, 0x48, 0x48, 0x41, 0x41,
    0x4C, 0x4E, 0x4D, 0x4E, 0x4C, 0x4C, 0x48, 0x48, 0x51, 0x51, 0x51, 0x4E, 0x4C, 0x4C, 0x49, 0x49,
    0x3F, 0x38, 0x33, 0x33, 0x2C, 0x28, 0x28, 0x25, 0x41, 0x3D, 0x3D, 0x33, 0x33, 0x28, 0x28, 0x26,
    0x3F, 0x41, 0x3F, 0x38, 0x33, 0x2C, 0x2C, 0x28, 0x41, 0x41, 0x3F, 0x3D, 0x38, 0x38, 0x2C, 0x2C,
    0x25, 0x23, 0x23, 0x21, 0x1B, 0x1B, 0x1D, 0x1B, 0x25, 0x25, 0x21, 0x21, 0x1D, 0x1D, 0x1B, 0x1B,
    0x26, 0x26, 0x23, 0x23, 0x21, 0x21, 0x1B, 0x1B, 0x28, 0x26, 0x25, 0x25, 0x21, 0x21, 0x1D, 0x1D,
    0x18, 0x1B, 0x18, 0x1B, 0x18, 0x18, 0x18, 0x18, 0x1B, 0x18, 0x18, 0x18, 0x18, 0x18, 0x18, 0x18,
    0x18, 0x18, 0x18, 0x18, 0x18, 0x18, 0x18, 0x18, 0x1B, 0x18, 0x18, 0x18, 0x18, 0x18, 0x18, 0x18,
    0x1B, 0x1B, 0x1D, 0x1D, 0x1D, 0x21, 0x25, 0x26, 0x18, 0x18, 0x18, 0x18, 0x1B, 0x1B, 0x1D, 0x21,
    0x18, 0x18, 0x18, 0x18, 0x18, 0x18, 0x1B, 0x18, 0x18, 0x18, 0x18, 0x18, 0x18, 0x18, 0x18, 0x1B,
    0x28, 0x28, 0x3D, 0x41, 0x48, 0x57, 0x67, 0x8F, 0x23, 0x25, 0x2C, 0x33, 0x41, 0x51, 0x60, 0x67,
    0x1D, 0x21, 0x26, 0x26, 0x38, 0x4E, 0x5D, 0x23, 0x18, 0x1D, 0x25, 0x25, 0x33, 0x41, 0x5B, 0x03,
    0x03, 0x5E, 0x6A, 0x59, 0xC1, 0x62, 0x7E, 0x78, 0x03, 0x67, 0x6A, 0x59, 0xBD, 0x63, 0x73, 0x6F,
    0x04, 0x67, 0x65, 0x5B, 0xC1, 0x63, 0x73, 0x73, 0x08, 0x62, 0x65, 0x5E, 0xC1, 0x65, 0x78, 0x73,
    0x78, 0x7E, 0x7E, 0x80, 0x7E, 0x7E, 0x82, 0x80, 0x71, 0x73, 0x73, 0x78, 0x7E, 0x7E, 0x7E, 0x82,
    0x73, 0x73, 0x78, 0x7E, 0x7E, 0x80, 0x82, 0x80, 0x73, 0x7E, 0x80, 0x7E, 0x80, 0x82, 0x82, 0x82,
    0x82, 0x86, 0x86, 0x86, 0x8F, 0x8F, 0x8C, 0x8F, 0x82, 0x82, 0x82, 0x82, 0x82, 0x86, 0x86, 0x85,
    0x80, 0x85, 0x85, 0x85, 0x85, 0x86, 0x86, 0x8F, 0x82, 0x86, 0x8F, 0x85, 0x8F, 0x8F, 0x8F, 0x8F,
    0x97, 0x97, 0x95, 0x97, 0x97, 0x9D, 0x97, 0x8F, 0x86, 0x86, 0x8F, 0x8F, 0x8F, 0x8F, 0x97, 0x8F,
    0x8F, 0x8F, 0x8F, 0x8F, 0x97, 0x91, 0x97, 0x8F, 0x97, 0x97, 0x8F, 0x97, 0x97, 0x97, 0xA5, 0x3F,
    0xAC, 0xD7, 0xC9, 0xDA, 0x73, 0xD9, 0xF9, 0xF5, 0x97, 0xD1, 0xB2, 0xDB, 0x7E, 0xE2, 0xF1, 0xE3,
    0xB1, 0xDC, 0xD9, 0xDD, 0x86, 0xDA, 0xEA, 0xD5, 0xF3, 0xF7, 0xDA, 0xE4, 0x95, 0xD9, 0xE8, 0xD4,
    0xF3, 0xF2, 0xF2, 0xF2, 0xF2, 0xF2, 0xF2, 0xF2, 0xE1, 0xDE, 0xE1, 0xE1, 0xDE, 0xDE, 0xE1, 0xE1,
    0xDE, 0xDE, 0xD7, 0xD8, 0xDE, 0xD9, 0xD9, 0xDA, 0xD9, 0xDA, 0xE1, 0xDC, 0xDC, 0xDE, 0xDE, 0xDC,
    0xF2, 0xF2, 0xF2, 0xF2, 0xF2, 0xF2, 0xF2, 0xF2, 0xE1, 0xE1, 0xE1, 0xE1, 0xE1, 0xE1, 0xE1, 0xE1,
    0xD9, 0xD7, 0xDB, 0xDC, 0xD9, 0xD8, 0xDB, 0xD9, 0xDE, 0xD5, 0xD7, 0xDD, 0xE1, 0xDE, 0xE1, 0xDB,
    0xF2, 0xF2, 0xF2, 0xF2, 0xF2, 0xF2, 0xF3, 0xF2, 0xE2, 0xE1, 0xE2, 0xE1, 0xE2, 0xE1, 0xE2, 0xE1,
    0xD2, 0xD2, 0xD4, 0xD4, 0xD4, 0xD4, 0xD4, 0xD5, 0xD0, 0xD0, 0xD0, 0xD0, 0xD0, 0xD0, 0xD0, 0xD1,
    0xF2, 0xF3, 0xF2, 0xF3, 0xF3, 0xF3, 0xF3, 0xF2, 0xE2, 0xE1, 0xE2, 0xE2, 0xE1, 0xE1, 0xE1, 0xE1,
    0xD4, 0xD5, 0xD5, 0xD5, 0xD4, 0xD4, 0xD4, 0xD4, 0xD0, 0xD0, 0xD0, 0xD0, 0xD0, 0xD0, 0xD0, 0xD0,
    0xF2, 0xF2, 0xF3, 0xF3, 0xF2, 0xF2, 0xF2, 0xF2, 0xE1, 0xE1, 0xD4, 0xD5, 0xD7, 0xD8, 0xD8, 0xD9,
    0xD0, 0xD5, 0xF1, 0xEE, 0xED, 0xEC, 0xED, 0xED, 0xB6, 0xE2, 0xFE, 0xFF, 0xFF, 0xFF, 0xFF, 0xFE,
    0xF2, 0xF2, 0xF2, 0xF2, 0xF3, 0xF3, 0xF3, 0xF4, 0xD9, 0xDA, 0xD9, 0xDA, 0xDA, 0xD9, 0xDD, 0xE4,
    0xED, 0xEC, 0xED, 0xEC, 0xEB, 0xEE, 0xEC, 0xD1, 0xFE, 0xFF, 0xFF, 0xFF, 0xFD, 0xFD, 0xF4, 0x95,
    0xF5, 0xF8, 0xE2, 0x70, 0xD0, 0x62, 0x59, 0xB0, 0xE4, 0xEC, 0xE3, 0x7E, 0xD2, 0x5E, 0x5E, 0xB1,
    0xD8, 0xE2, 0xD5, 0x9F, 0xD2, 0x5B, 0x63, 0xB4, 0xD7, 0xDE, 0xD1, 0xA5, 0xD2, 0x55, 0x6A, 0xB1,
    0xA6, 0xA5, 0xAC, 0xAC, 0xA5, 0xA5, 0xA5, 0xA5, 0xA6, 0xAC, 0xAC, 0xAC, 0xAC, 0xAC, 0xA4, 0xA6,
    0xAC, 0xAC, 0xB0, 0xB0, 0xAC, 0xAC, 0xA6, 0xA6, 0xAC, 0xA6, 0xB0, 0xB2, 0xB0, 0xB0, 0xB0, 0xB0,
    0xA5, 0xA5, 0xA6, 0xAC, 0xAC, 0xA6, 0xAC, 0xB0, 0xA5, 0xA5, 0xAC, 0xB0, 0xA6, 0xA6, 0xAC, 0xAC,
    0xA6, 0xAC, 0xB0, 0xB0, 0xB1, 0xB0, 0xB2, 0xAC, 0x95, 0x76, 0x80, 0x84, 0x82, 0x80, 0x80, 0x80,
    0xA6, 0xA6, 0xA6, 0xA4, 0xA5, 0xA5, 0xA6, 0xAC, 0xA6, 0xB0, 0xA5, 0xAC, 0xA5, 0x9F, 0xAC, 0xAC,
    0xAC, 0xB0, 0xB0, 0xB0, 0xAC, 0xA5, 0xAC, 0xAC, 0x7B, 0x78, 0x97, 0xB6, 0xB2, 0xB0, 0xA6, 0xB1,
    0xAC, 0xAC, 0xA6, 0xB0, 0xB2, 0xE1, 0xE1, 0x2C, 0xAC, 0xAC, 0xAC, 0xB2, 0xB2, 0xDE, 0xE1, 0x41,
    0xAC, 0xAC, 0xB0, 0xB1, 0xB6, 0xDE, 0xE1, 0x5D, 0xB1, 0xB0, 0xB0, 0xB1, 0xB6, 0xDD, 0xE2, 0x67,
    0x00, 0x00, 0x00, 0x00, 0x00, 0x00, 0x00, 0x00, 0x00, 0x00, 0x00, 0x00, 0x00, 0x00, 0x00, 0x00,
    0x00, 0x00, 0x00, 0x00, 0x00, 0x00, 0x00, 0x00, 0x00, 0x00, 0x00, 0x00, 0x00, 0x00, 0x00, 0x00,
    0x00, 0x00, 0x00, 0x00, 0x00, 0x00, 0x00, 0x00, 0x00, 0x00, 0x00, 0x00, 0x00, 0x00, 0x00, 0x00,
    0x00, 0x00, 0x00, 0x00, 0x00, 0x00, 0x00, 0x00, 0x00, 0x00, 0x00, 0x00, 0x00, 0x00, 0x00, 0x00,
    0x00, 0x00, 0x00, 0x00, 0x00, 0x00, 0x00, 0x00, 0x00, 0x00, 0x00, 0x00, 0x00, 0x00, 0x00, 0x00,
    0x00, 0x00, 0x00, 0x00, 0x00, 0x00, 0x00, 0x00, 0x00, 0x00, 0x00, 0x00, 0x00, 0x00, 0x00, 0x00,
    0x00, 0x00, 0x00, 0x00, 0x00, 0x00, 0x00, 0x00, 0x00, 0x00, 0x00, 0x00, 0x00, 0x00, 0x00, 0x00,
    0x00, 0x00, 0x00, 0x00, 0x00, 0x00, 0x00, 0x00, 0x00, 0x00, 0x00, 0x00, 0x00, 0x00, 0x00, 0x00,
    0x00, 0x00, 0x00, 0x00, 0x00, 0x00, 0x02, 0x07, 0x00, 0x00, 0x00, 0x00, 0x00, 0x00, 0x00, 0x00,
    0x00, 0x00, 0x00, 0x00, 0x00, 0x00, 0x00, 0x00, 0x00, 0x00, 0x00, 0x00, 0x00, 0x00, 0x00, 0x00,
    0x07, 0x15, 0x1B, 0x33, 0x41, 0x49, 0x41, 0x41, 0x0F, 0x0F, 0x15, 0x15, 0x21, 0x33, 0x41, 0x48,
    0x00, 0x02, 0x07, 0x18, 0x13, 0x15, 0x20, 0x28, 0x00, 0x00, 0x00, 0x02, 0x07, 0x18, 0x12, 0x0C,
    0x41, 0x3F, 0x2E, 0x33, 0x3D, 0x3D, 0x38, 0x38, 0x48, 0x41, 0x41, 0x41, 0x48, 0x41, 0x48, 0x48,
    0x3F, 0x48, 0x49, 0x48, 0x41, 0x41, 0x41, 0x41, 0x1B, 0x23, 0x2C, 0x3D, 0x41, 0x49, 0x48, 0x49,
    0x38, 0x38, 0x3D, 0x3D, 0x3D, 0x3D, 0x3F, 0x3D, 0x48, 0x49, 0x49, 0x4C, 0x4C, 0x49, 0x4C, 0x49,
    0x48, 0x48, 0x48, 0x48, 0x49, 0x49, 0x4C, 0x49, 0x48, 0x48, 0x48, 0x49, 0x49, 0x4C, 0x4C, 0x48,
    0x3D, 0x3F, 0x4E, 0x4E, 0x4E, 0x4E, 0x4E, 0x4C, 0x4C, 0x4C, 0x4C, 0x4E, 0x4E, 0x4C, 0x49, 0x38,
    0x4C, 0x4E, 0x4C, 0x4C, 0x48, 0x38, 0x2C, 0x3D, 0x48, 0x48, 0x3D, 0x2C, 0x2E, 0x38, 0x49, 0x59,
    0x48, 0x38, 0x2E, 0x4A, 0x62, 0x5D, 0x55, 0x59, 0x2C, 0x3D, 0x53, 0x67, 0x5D, 0x59, 0x59, 0x59,
    0x4D, 0x5E, 0x63, 0x59, 0x59, 0x5D, 0x59, 0x59, 0x62, 0x5D, 0x59, 0x59, 0x59, 0x59, 0x59, 0x5B,
    0x53, 0x55, 0x51, 0x50, 0x50, 0x4E, 0x4C, 0x4C, 0x57, 0x57, 0x55, 0x53, 0x51, 0x51, 0x4E, 0x4E,
    0x59, 0x59, 0x59, 0x57, 0x51, 0x52, 0x4E, 0x4E, 0x59, 0x5B, 0x55, 0x59, 0x55, 0x55, 0x51, 0x4E,
    0x48, 0x48, 0x41, 0x3F, 0x3D, 0x38, 0x33, 0x33, 0x4E, 0x49, 0x48, 0x41, 0x3F, 0x3D, 0x3D, 0x33,
    0x4C, 0x4C, 0x49, 0x41, 0x41, 0x3F, 0x3D, 0x3D, 0x4E, 0x4E, 0x4C, 0x48, 0x41, 0x3F, 0x3F, 0x3F,
    0x2C, 0x28, 0x25, 0x26, 0x23, 0x21, 0x21, 0x1D, 0x33, 0x2C, 0x28, 0x26, 0x25, 0x25, 0x23, 0x21,
    0x33, 0x33, 0x2C, 0x2C, 0x28, 0x26, 0x26, 0x25, 0x3D, 0x38, 0x2C, 0x33, 0x2C, 0x2C, 0x28, 0x26,
    0x1B, 0x18, 0x1B, 0x18, 0x18, 0x18, 0x18, 0x18, 0x21, 0x1D, 0x1B, 0x1B, 0x18, 0x18, 0x18, 0x18,
    0x23, 0x21, 0x21, 0x1B, 0x1B, 0x18, 0x18, 0x18, 0x26, 0x25, 0x23, 0x23, 0x1D, 0x1D, 0x18, 0x18,
    0x18, 0x18, 0x18, 0x18, 0x18, 0x18, 0x18, 0x18, 0x18, 0x18, 0x18, 0x18, 0x18, 0x18, 0x18, 0x18,
    0x18, 0x18, 0x18, 0x18, 0x18, 0x18, 0x18, 0x18, 0x15, 0x18, 0x1B, 0x18, 0x18, 0x18, 0x18, 0x1B,
    0x1B, 0x1B, 0x23, 0x25, 0x33, 0x48, 0x6F, 0x00, 0x18, 0x1D, 0x1D, 0x25, 0x33, 0x4C, 0x27, 0x00,
    0x18, 0x18, 0x1D, 0x28, 0x33, 0x51, 0x05, 0x00, 0x1B, 0x1B, 0x23, 0x26, 0x3D, 0x4D, 0x02, 0x00,
    0x05, 0x6C, 0x6A, 0x62, 0xC1, 0x67, 0x7E, 0x7E, 0x05, 0x6F, 0x6A, 0x65, 0xBD, 0x65, 0x78, 0x78,
    0x08, 0x7B, 0x6A, 0x6F, 0xC1, 0x86, 0x9E, 0x97, 0x1F, 0xD5, 0xD7, 0xDA, 0xD1, 0xD0, 0xD0, 0xD0,
    0x7E, 0x78, 0x73, 0x80, 0x80, 0x7E, 0x82, 0x82, 0x7E, 0x73, 0x78, 0x7E, 0x7E, 0x7E, 0x80, 0x80,
    0x9F, 0xA4, 0x9F, 0x9F, 0xA4, 0x9F, 0xA5, 0xA5, 0xD1, 0xD1, 0xD0, 0xD1, 0xD1, 0xD1, 0xD1, 0xD1,
    0x82, 0x86, 0x8F, 0x86, 0x8F, 0x8F, 0x8F, 0x95, 0x80, 0x86, 0x85, 0x80, 0x85, 0x85, 0x85, 0x86,
    0xA5, 0xAC, 0xAC, 0xAC, 0xA8, 0xAC, 0xAC, 0xAC, 0xD1, 0xD1, 0xD1, 0xD1, 0xD2, 0xD2, 0xD2, 0xD4,
    0x8F, 0x97, 0x97, 0x97, 0x97, 0xA5, 0x6F, 0x3F, 0x86, 0x8F, 0x8F, 0x8F, 0x8F, 0x97, 0x95, 0x57,
    0xAC, 0xB1, 0xB1, 0xB1, 0xB6, 0xAC, 0xCC, 0xA5, 0xD4, 0xD4, 0xD2, 0xD5, 0xD2, 0xD4, 0xD2, 0xD1,
    0xF6, 0xF7, 0x47, 0xE1, 0xB2, 0xDA, 0xE6, 0xD1, 0xF4, 0xF6, 0x8F, 0xE1, 0xB0, 0xD9, 0xE6, 0xD4,
    0xF2, 0xF5, 0xC1, 0xE6, 0xD0, 0xDE, 0xE6, 0xD2, 0xD7, 0xE1, 0xEC, 0xEF, 0xE6, 0xE8, 0xE6, 0xD1,
    0xDA, 0xDC, 0xDC, 0xD5, 0xDA, 0xD5, 0xDA, 0xD8, 0xD4, 0xD1, 0xD1, 0xD0, 0xD0, 0xD0, 0xD0, 0xCC,
    0xD5, 0xD1, 0xCE, 0xCC, 0xD0, 0xCC, 0xCA, 0xCC, 0xDA, 0xDC, 0xDA, 0xD9, 0xD9, 0xDC, 0xDB, 0xDA,
    0xD7, 0xDB, 0xDD, 0xD0, 0xCA, 0xCC, 0xCA, 0xCC, 0xCC, 0xD0, 0xD0, 0xC9, 0xC9, 0xCA, 0xCA, 0xCA,
    0xD0, 0xC9, 0xD0, 0xD0, 0xD0, 0xCE, 0xD0, 0xD0, 0xD9, 0xDB, 0xD9, 0xD8, 0xDC, 0xD9, 0xDD, 0xDB,
    0xCC, 0xD0, 0xD0, 0xCC, 0xCC, 0xCC, 0xD0, 0xD0, 0xCA, 0xCA, 0xCC, 0xCC, 0xCC, 0xD0, 0xCC, 0xD0,
    0xD0, 0xD0, 0xD0, 0xD0, 0xD0, 0xD0, 0xD0, 0xCC, 0xD9, 0xDB, 0xDA, 0xD8, 0xDB, 0xD2, 0xCA, 0xCC,
    0xD0, 0xD0, 0xD0, 0xD0, 0xD0, 0xD0, 0xD0, 0xD0, 0xCC, 0xD0, 0xD0, 0xD0, 0xD0, 0xD0, 0xD0, 0xD0,
    0xD0, 0xCC, 0xD0, 0xD0, 0xD0, 0xD0, 0xD0, 0xD0, 0xD0, 0xD0, 0xCC, 0xD0, 0xCC, 0xCC, 0xCC, 0xD0,
    0xBC, 0xDE, 0xFC, 0xFF, 0xFC, 0xFC, 0xFC, 0xFC, 0xB2, 0xE6, 0xFC, 0xFE, 0xFC, 0xFC, 0xFC, 0xFC,
    0xD0, 0xC9, 0xCC, 0xF6, 0xFE, 0xFB, 0xFB, 0xFC, 0xD0, 0xCC, 0x95, 0xD0, 0xEB, 0xE5, 0xE6, 0xE8,
    0xFC, 0xFC, 0xFC, 0xFC, 0xFB, 0xFC, 0xEC, 0x7E, 0xFB, 0xFC, 0xFC, 0xFC, 0xFC, 0xFC, 0xF8, 0xA4,
    0xFC, 0xFC, 0xFB, 0xFC, 0xFB, 0xE1, 0xC1, 0xCC, 0xD0, 0xDA, 0xEA, 0xEB, 0xE2, 0x7E, 0xC6, 0xD2,
    0xD7, 0xDE, 0xD1, 0xA6, 0xD1, 0x52, 0x71, 0xB0, 0xD2, 0xDD, 0xD0, 0xA6, 0xCC, 0x4C, 0x73, 0xA5,
    0xD4, 0xDC, 0xD1, 0xA4, 0xD0, 0x55, 0x82, 0xAC, 0xD2, 0xDB, 0xDC, 0xDA, 0xE6, 0xC1, 0xB1, 0xCE,
    0xA6, 0xAC, 0xB2, 0xB0, 0xB1, 0xB1, 0xB1, 0x97, 0x97, 0x9F, 0x9F, 0xA5, 0xA4, 0xA4, 0xA6, 0x67,
    0xAC, 0xAC, 0xAC, 0xAC, 0xAC, 0xB0, 0xB1, 0x84, 0xCE, 0xCE, 0xCE, 0xCC, 0xCC, 0xCC, 0xCE, 0xB6,
    0xC7, 0xDE, 0xD8, 0xD1, 0xD0, 0xD0, 0xD0, 0xD0, 0xEC, 0xEF, 0xF2, 0xF9, 0xF8, 0xF8, 0xF8, 0xF8,
    0xEC, 0xEF, 0xFC, 0xFF, 0xFF, 0xFF, 0xFF, 0xFF, 0xEB, 0xEF, 0xFC, 0xFE, 0xFE, 0xFE, 0xFD, 0xFE,
    0xD5, 0xDC, 0xC6, 0x9F, 0xB6, 0xB2, 0xB0, 0xAC, 0xF2, 0xEF, 0xEB, 0x71, 0xA6, 0xA4, 0x9F, 0xA5,
    0xFB, 0xEF, 0xEB, 0x80, 0xA6, 0xAC, 0xAC, 0xAC, 0xFC, 0xEE, 0xEC, 0xC9, 0xD4, 0xD7, 0xD8, 0xD9,
    0xB0, 0xB1, 0xAC, 0xB0, 0xB6, 0xDC, 0xE3, 0x6F, 0xA5, 0xA4, 0xA1, 0xA5, 0xB0, 0xD9, 0xE4, 0x8F,
    0xAC, 0xAC, 0xAC, 0xB0, 0xBD, 0xDA, 0xE5, 0xA4, 0xDA, 0xDB, 0xDB, 0xDC, 0xE1, 0xEA, 0xEF, 0x6F,
    0x00, 0x00, 0x00, 0x00, 0x00, 0x00, 0x00, 0x00, 0x00, 0x00, 0x00, 0x00, 0x00, 0x00, 0x00, 0x00,
    0x00, 0x00, 0x00, 0x00, 0x00, 0x00, 0x00, 0x00, 0x00, 0x00, 0x00, 0x00, 0x00, 0x00, 0x00, 0x00,
    0x00, 0x00, 0x00, 0x00, 0x00, 0x00, 0x00, 0x00, 0x00, 0x00, 0x00, 0x00, 0x00, 0x00, 0x00, 0x00,
    0x00, 0x00, 0x00, 0x00, 0x00, 0x00, 0x00, 0x00, 0x00, 0x00, 0x00, 0x00, 0x00, 0x00, 0x00, 0x00,
    0x00, 0x00, 0x00, 0x00, 0x00, 0x00, 0x00, 0x00, 0x00, 0x00, 0x00, 0x00, 0x00, 0x00, 0x00, 0x00,
    0x00, 0x00, 0x00, 0x00, 0x00, 0x00, 0x00, 0x00, 0x00, 0x00, 0x00, 0x00, 0x00, 0x00, 0x00, 0x00,
    0x00, 0x00, 0x00, 0x00, 0x00, 0x00, 0x00, 0x00, 0x00, 0x00, 0x00, 0x00, 0x00, 0x00, 0x00, 0x00,
    0x00, 0x00, 0x00, 0x00, 0x00, 0x00, 0x00, 0x00, 0x00, 0x00, 0x00, 0x00, 0x00, 0x00, 0x00, 0x00,
    0x00, 0x00, 0x00, 0x00, 0x00, 0x00, 0x00, 0x00, 0x00, 0x00, 0x00, 0x00, 0x00, 0x00, 0x00, 0x00,
    0x00, 0x00, 0x00, 0x00, 0x00, 0x00, 0x00, 0x00, 0x00, 0x00, 0x00, 0x00, 0x00, 0x00, 0x00, 0x00,
    0x00, 0x00, 0x00, 0x00, 0x00, 0x02, 0x07, 0x3D, 0x00, 0x00, 0x00, 0x00, 0x00, 0x00, 0x00, 0x00,
    0x00, 0x00, 0x00, 0x00, 0x00, 0x00, 0x00, 0x00, 0x00, 0x00, 0x00, 0x00, 0x00, 0x00, 0x00, 0x00,
    0x12, 0x12, 0x15, 0x18, 0x1D, 0x25, 0x2C, 0x33, 0x03, 0x05, 0x0D, 0x15, 0x12, 0x12, 0x12, 0x13,
    0x00, 0x00, 0x00, 0x03, 0x07, 0x05, 0x15, 0x26, 0x00, 0x00, 0x00, 0x00, 0x00, 0x00, 0x00, 0x02,
    0x3D, 0x3D, 0x3D, 0x3F, 0x3F, 0x38, 0x33, 0x28, 0x15, 0x18, 0x1B, 0x1D, 0x23, 0x23, 0x25, 0x28,
    0x26, 0x23, 0x23, 0x28, 0x33, 0x38, 0x3F, 0x48, 0x03, 0x04, 0x0A, 0x16, 0x28, 0x49, 0x48, 0x3D,
    0x28, 0x26, 0x2E, 0x38, 0x4B, 0x55, 0x5E, 0x5D, 0x38, 0x40, 0x4C, 0x51, 0x55, 0x53, 0x53, 0x55,
    0x49, 0x4C, 0x4C, 0x4C, 0x4C, 0x4E, 0x51, 0x55, 0x3D, 0x23, 0x48, 0x48, 0x4C, 0x4E, 0x51, 0x51,
    0x59, 0x59, 0x5B, 0x59, 0x5B, 0x59, 0x5D, 0x5B, 0x57, 0x57, 0x5C, 0x5B, 0x5B, 0x59, 0x59, 0x59,
    0x59, 0x59, 0x59, 0x5B, 0x5D, 0x5B, 0x59, 0x59, 0x57, 0x55, 0x55, 0x55, 0x55, 0x57, 0x57, 0x55,
    0x59, 0x59, 0x59, 0x59, 0x55, 0x55, 0x52, 0x52, 0x5B, 0x59, 0x59, 0x59, 0x57, 0x55, 0x52, 0x52,
    0x59, 0x59, 0x59, 0x57, 0x55, 0x55, 0x51, 0x52, 0x57, 0x55, 0x59, 0x55, 0x51, 0x53, 0x50, 0x51,
    0x4E, 0x4E, 0x4C, 0x4C, 0x49, 0x48, 0x41, 0x41, 0x4E, 0x4E, 0x4E, 0x4C, 0x4C, 0x49, 0x48, 0x41,
    0x4E, 0x4E, 0x4E, 0x4E, 0x4C, 0x49, 0x49, 0x48, 0x51, 0x4E, 0x4E, 0x4E, 0x4C, 0x4C, 0x4C, 0x48,
    0x3F, 0x3D, 0x38, 0x38, 0x33, 0x2C, 0x2C, 0x28, 0x41, 0x3F, 0x3F, 0x3D, 0x38, 0x33, 0x33, 0x33,
    0x41, 0x41, 0x41, 0x41, 0x3D, 0x3F, 0x3D, 0x38, 0x48, 0x41, 0x41, 0x41, 0x41, 0x3F, 0x3F, 0x3F,
    0x28, 0x26, 0x26, 0x25, 0x23, 0x25, 0x21, 0x1D, 0x2C, 0x28, 0x28, 0x28, 0x26, 0x26, 0x25, 0x23,
    0x33, 0x33, 0x2C, 0x33, 0x2C, 0x28, 0x28, 0x28, 0x3D, 0x3D, 0x38, 0x33, 0x33, 0x33, 0x2C, 0x2C,
    0x1B, 0x1D, 0x1D, 0x1B, 0x1B, 0x1B, 0x1B, 0x1B, 0x23, 0x21, 0x21, 0x1B, 0x21, 0x21, 0x21, 0x23,
    0x25, 0x25, 0x23, 0x21, 0x23, 0x25, 0x23, 0x23, 0x28, 0x28, 0x26, 0x26, 0x26, 0x26, 0x28, 0x2C,
    0x1D, 0x23, 0x25, 0x2C, 0x4C, 0x04, 0x00, 0x00, 0x23, 0x25, 0x28, 0x45, 0x2E, 0x00, 0x00, 0x00,
    0x28, 0x2C, 0x3F, 0x52, 0x03, 0x00, 0x00, 0x00, 0x33, 0x3F, 0x59, 0x04, 0x00, 0x00, 0x00, 0x00,
    0x05, 0x81, 0x7E, 0x95, 0xE4, 0xD5, 0xD7, 0xD8, 0x02, 0xA1, 0x77, 0x93, 0xDC, 0xE8, 0xE4, 0xE5,
    0x00, 0x81, 0xBC, 0xE1, 0xE8, 0xF1, 0xF1, 0xF1, 0x00, 0x00, 0x00, 0x00, 0x03, 0xEB, 0xF1, 0xEF,
    0xD9, 0xD8, 0xD9, 0xD9, 0xD9, 0xD9, 0xDA, 0xDA, 0xE5, 0xE5, 0xE5, 0xE5, 0xE5, 0xE5, 0xE6, 0xE6,
    0xF2, 0xF2, 0xF2, 0xF2, 0xF2, 0xF3, 0xF3, 0xF3, 0xEF, 0xEF, 0xEF, 0xEF, 0xEF, 0xEF, 0xEF, 0xEF,
    0xDA, 0xDA, 0xDA, 0xDB, 0xDB, 0xDC, 0xDC, 0xDC, 0xE6, 0xE6, 0xE6, 0xE6, 0xE6, 0xE6, 0xE6, 0xE6,
    0xF3, 0xF3, 0xF3, 0xF3, 0xF3, 0xF3, 0xF3, 0xF3, 0xEF, 0xEF, 0xEF, 0xEF, 0xEF, 0xEF, 0xEF, 0xEF,
    0xDC, 0xDB, 0xDC, 0xDD, 0xDD, 0xDD, 0xDE, 0xDD, 0xE6, 0xE6, 0xE6, 0xE6, 0xE6, 0xE6, 0xE5, 0xE8,
    0xF3, 0xF3, 0xF3, 0xF3, 0xF3, 0xF3, 0xF3, 0xF3, 0xEF, 0xEF, 0xEF, 0xEF, 0xEF, 0xEF, 0xEF, 0xEF,
    0xE1, 0xD1, 0xD4, 0xE8, 0xD1, 0xDE, 0xE8, 0xD4, 0xE3, 0xD0, 0xEA, 0xEB, 0xD5, 0xDD, 0xE8, 0xD1,
    0xF4, 0xF6, 0xF5, 0xE3, 0xD2, 0xC6, 0xC8, 0x9D, 0xEF, 0xEF, 0xE8, 0xD1, 0xC6, 0xC6, 0x95, 0x86,
    0xCC, 0xC9, 0xC6, 0xC6, 0xC6, 0xC1, 0xC1, 0xC6, 0xCC, 0xC9, 0xC1, 0xBD, 0xC1, 0xC1, 0xC1, 0xC1,
    0x7E, 0x71, 0x6D, 0x6C, 0x6C, 0x6C, 0x6C, 0x6C, 0x86, 0x86, 0x95, 0x95, 0x8E, 0x86, 0x95, 0x86,
    0xC6, 0xC6, 0xC6, 0xC6, 0xC6, 0xC6, 0xC6, 0xC6, 0xC1, 0xC1, 0xC1, 0xC1, 0xC6, 0xC1, 0xC1, 0xC6,
    0x6A, 0x6E, 0x6F, 0x6F, 0x6F, 0x6F, 0x70, 0x71, 0x86, 0x86, 0x95, 0x95, 0x95, 0x8E, 0x95, 0x95,
    0xC6, 0xC9, 0xC9, 0xC9, 0xC6, 0xCA, 0xCA, 0xCA, 0xC6, 0xC1, 0xC6, 0xC6, 0xC6, 0xC6, 0xC6, 0xC9,
    0x6F, 0x71, 0x71, 0x73, 0x77, 0x73, 0x77, 0x73, 0x95, 0x95, 0x95, 0x95, 0x95, 0x95, 0x9D, 0x9D,
    0xCA, 0xCA, 0xCA, 0xCA, 0xCA, 0xCA, 0xCC, 0xCC, 0xC6, 0xC6, 0xC6, 0xC6, 0xC6, 0xC6, 0xC6, 0xC6,
    0x7E, 0x78, 0x78, 0x73, 0x78, 0x77, 0x73, 0x73, 0x9E, 0x9D, 0x9D, 0x95, 0x95, 0x97, 0x95, 0x9D,
    0xCA, 0xCA, 0xD0, 0xC1, 0x73, 0x8E, 0x95, 0x82, 0xC9, 0xC6, 0xC9, 0xC9, 0xCA, 0xCC, 0xCC, 0xCC,
    0x78, 0x73, 0x7E, 0x80, 0x82, 0x82, 0x82, 0x81, 0x9E, 0xA4, 0xA4, 0xA4, 0xA4, 0xA4, 0xA4, 0xA4,
    0x9E, 0x9F, 0x86, 0x7E, 0xA4, 0xD0, 0xD0, 0xD0, 0xCC, 0xCC, 0xCC, 0xD0, 0xCC, 0xCA, 0xCA, 0xCA,
    0x80, 0x85, 0x86, 0x85, 0x86, 0x86, 0x82, 0x86, 0xA6, 0xA6, 0xA6, 0xAC, 0xB1, 0xB0, 0xB0, 0xB0,
    0xD1, 0xDC, 0xD5, 0xCA, 0xDC, 0x52, 0x62, 0x71, 0xD0, 0xD8, 0xCC, 0xD0, 0xDE, 0xD1, 0xD5, 0xD9,
    0x9D, 0x95, 0xB0, 0xD4, 0xD9, 0xEE, 0xF6, 0xF7, 0xB0, 0xB2, 0xCC, 0xD0, 0xD0, 0xE3, 0xEF, 0xF1,
    0x63, 0x63, 0x63, 0x63, 0x63, 0x63, 0x67, 0x45, 0xD4, 0xD2, 0xD1, 0xD2, 0xD2, 0xD2, 0xD2, 0xD1,
    0xF6, 0xF6, 0xF7, 0xF6, 0xF7, 0xF7, 0xF7, 0xF7, 0xF1, 0xF1, 0xF1, 0xF1, 0xF1, 0xF1, 0xF1, 0xF1,
    0xE1, 0xF4, 0xF4, 0xF4, 0xF3, 0xF2, 0xF1, 0xF3, 0xCA, 0xE6, 0xE1, 0xE1, 0xE1, 0xE1, 0xE1, 0xE1,
    0xF6, 0xF4, 0xF4, 0xF4, 0xF4, 0xF4, 0xF4, 0xF4, 0xF1, 0xF2, 0xF2, 0xF2, 0xF2, 0xF2, 0xF2, 0xF2,
    0xF4, 0xF4, 0xE3, 0x33, 0x63, 0x62, 0x62, 0x60, 0xE1, 0xE6, 0xBD, 0xCC, 0xD2, 0xD1, 0xD0, 0xD0,
    0xF4, 0xF4, 0xF6, 0xF7, 0xF6, 0xF7, 0xF7, 0xF7, 0xF2, 0xF2, 0xF1, 0xF2, 0xF2, 0xF2, 0xF3, 0xF3,
    0x5E, 0x5D, 0x5D, 0x60, 0x73, 0xD1, 0xDC, 0x6A, 0xD0, 0xCC, 0xCA, 0xD1, 0xDA, 0xD8, 0xDC, 0xC6,
    0xF6, 0xF5, 0xF5, 0xED, 0xE2, 0xE2, 0xDE, 0xE2, 0xF4, 0xF7, 0xEB, 0x04, 0x00, 0x00, 0x00, 0x00,
    0x00, 0x00, 0x00, 0x00, 0x00, 0x00, 0x00, 0x00, 0x02, 0x00, 0x00, 0x00, 0x00, 0x00, 0x00, 0x00,
    0x02, 0x00, 0x00, 0x00, 0x00, 0x00, 0x00, 0x00, 0x00, 0x00, 0x00, 0x00, 0x00, 0x00, 0x00, 0x00,
    0x00, 0x00, 0x00, 0x00, 0x00, 0x00, 0x00, 0x00, 0x00, 0x00, 0x00, 0x00, 0x00, 0x00, 0x00, 0x00,
    0x00, 0x00, 0x00, 0x00, 0x00, 0x00, 0x00, 0x00, 0x00, 0x00, 0x00, 0x00, 0x00, 0x00, 0x00, 0x00,
    0x00, 0x00, 0x00, 0x00, 0x00, 0x00, 0x00, 0x00, 0x00, 0x00, 0x00, 0x00, 0x00, 0x00, 0x00, 0x00,
    0x00, 0x00, 0x00, 0x00, 0x00, 0x00, 0x00, 0x00, 0x00, 0x00, 0x00, 0x00, 0x00, 0x00, 0x00, 0x00,
    0x00, 0x00, 0x00, 0x00, 0x00, 0x00, 0x00, 0x00, 0x00, 0x00, 0x00, 0x00, 0x00, 0x00, 0x00, 0x00,
    0x00, 0x00, 0x00, 0x00, 0x00, 0x00, 0x00, 0x00, 0x00, 0x00, 0x00, 0x00, 0x00, 0x00, 0x00, 0x00,
    0x00, 0x00, 0x00, 0x00, 0x00, 0x00, 0x00, 0x00, 0x00, 0x00, 0x00, 0x00, 0x00, 0x00, 0x00, 0x00,
    0x00, 0x00, 0x00, 0x00, 0x00, 0x00, 0x00, 0x00, 0x00, 0x00, 0x00, 0x00, 0x00, 0x00, 0x00, 0x00,
    0x00, 0x00, 0x00, 0x00, 0x00, 0x00, 0x00, 0x00, 0x00, 0x00, 0x00, 0x00, 0x00, 0x00, 0x00, 0x00,
    0x00, 0x00, 0x00, 0x00, 0x00, 0x00, 0x00, 0x00, 0x00, 0x00, 0x00, 0x00, 0x00, 0x00, 0x00, 0x00,
    0x00, 0x00, 0x00, 0x00, 0x00, 0x00, 0x00, 0x00, 0x00, 0x00, 0x00, 0x00, 0x00, 0x00, 0x00, 0x00,
    0x00, 0x00, 0x00, 0x00, 0x00, 0x00, 0x00, 0x00, 0x00, 0x00, 0x00, 0x00, 0x00, 0x00, 0x00, 0x00,
    0x00, 0x00, 0x00, 0x00, 0x02, 0x02, 0x03, 0x04, 0x00, 0x00, 0x00, 0x00, 0x00, 0x00, 0x00, 0x00,
    0x00, 0x00, 0x00, 0x00, 0x00, 0x00, 0x00, 0x00, 0x00, 0x00, 0x00, 0x00, 0x00, 0x00, 0x00, 0x00,
    0x0A, 0x48, 0x28, 0x5D, 0x4E, 0x4C, 0x52, 0x51, 0x00, 0x00, 0x00, 0x02, 0x03, 0x04, 0x05, 0x13,
    0x00, 0x00, 0x00, 0x00, 0x00, 0x00, 0x00, 0x00, 0x00, 0x00, 0x00, 0x00, 0x00, 0x00, 0x00, 0x00,
    0x50, 0x53, 0x55, 0x55, 0x55, 0x52, 0x55, 0x51, 0x2E, 0x4E, 0x59, 0x51, 0x57, 0x52, 0x50, 0x52,
    0x00, 0x02, 0x03, 0x03, 0x05, 0x0F, 0x23, 0x40, 0x00, 0x00, 0x00, 0x00, 0x00, 0x00, 0x00, 0x02,
    0x52, 0x52, 0x51, 0x51, 0x4E, 0x4E, 0x4E, 0x4E, 0x4C, 0x52, 0x4E, 0x51, 0x4E, 0x4E, 0x4C, 0x4C,
    0x6C, 0x4B, 0x48, 0x49, 0x48, 0x4E, 0x4C, 0x4E, 0x03, 0x03, 0x07, 0x0D, 0x23, 0x33, 0x49, 0x4C,
    0x4E, 0x4E, 0x4E, 0x4C, 0x4C, 0x4C, 0x49, 0x49, 0x4C, 0x4C, 0x4C, 0x48, 0x49, 0x48, 0x49, 0x48,
    0x4C, 0x4C, 0x49, 0x48, 0x48, 0x41, 0x48, 0x48, 0x3F, 0x49, 0x41, 0x48, 0x48, 0x49, 0x48, 0x48,
    0x48, 0x48, 0x41, 0x41, 0x41, 0x41, 0x3F, 0x41, 0x48, 0x48, 0x41, 0x48, 0x41, 0x48, 0x41, 0x41,
    0x41, 0x41, 0x41, 0x41, 0x41, 0x41, 0x41, 0x41, 0x41, 0x41, 0x41, 0x41, 0x41, 0x41, 0x41, 0x41,
    0x41, 0x41, 0x3F, 0x3D, 0x3D, 0x38, 0x38, 0x33, 0x41, 0x41, 0x41, 0x3F, 0x3F, 0x3F, 0x3D, 0x38,
    0x41, 0x41, 0x41, 0x41, 0x41, 0x41, 0x3F, 0x41, 0x41, 0x41, 0x3F, 0x41, 0x3F, 0x3F, 0x3F, 0x41,
    0x33, 0x2C, 0x2C, 0x2C, 0x2C, 0x2C, 0x38, 0x38, 0x3D, 0x38, 0x3D, 0x38, 0x3D, 0x3F, 0x41, 0x4B,
    0x3F, 0x41, 0x41, 0x41, 0x49, 0x49, 0x4E, 0x59, 0x41, 0x48, 0x4C, 0x4C, 0x4E, 0x4F, 0x31, 0x03,
    0x48, 0x4C, 0x0E, 0x00, 0x00, 0x00, 0x00, 0x00, 0x55, 0x0A, 0x00, 0x00, 0x00, 0x00, 0x00, 0x00,
    0x04, 0x00, 0x00, 0x00, 0x00, 0x00, 0x00, 0x00, 0x00, 0x00, 0x00, 0x00, 0x00, 0x00, 0x00, 0x00,
    0x00, 0x00, 0x00, 0x00, 0x00, 0x81, 0xED, 0xEE, 0x00, 0x00, 0x00, 0x00, 0x00, 0x03, 0x3B, 0x6D,
    0x00, 0x00, 0x00, 0x00, 0x00, 0x00, 0x00, 0x00, 0x00, 0x00, 0x00, 0x00, 0x00, 0x00, 0x00, 0x00,
    0xEC, 0xED, 0xED, 0xED, 0xEE, 0xEF, 0xEE, 0xEF, 0x12, 0x08, 0x08, 0x08, 0x0C, 0xEF, 0xF8, 0xF7,
    0x00, 0x00, 0x00, 0x00, 0x00, 0x0F, 0xE6, 0xF7, 0x00, 0x00, 0x00, 0x00, 0x00, 0x00, 0x02, 0x0C,
    0xEF, 0xEF, 0xEF, 0xEF, 0xEF, 0xEE, 0xEF, 0xEF, 0xF7, 0xF7, 0xF7, 0xF7, 0xF7, 0xF7, 0xF7, 0xF8,
    0xF6, 0xF6, 0xF7, 0xF7, 0xF6, 0xF6, 0xF8, 0xEF, 0x0A, 0x0C, 0x0A, 0x0A, 0x0A, 0x0C, 0x0F, 0x03,
    0xEE, 0xEF, 0xEF, 0xEF, 0xEE, 0xEE, 0xEE, 0xEE, 0xF9, 0x93, 0x08, 0x0A, 0x0A, 0x08, 0x16, 0x31,
    0x4B, 0x00, 0x00, 0x00, 0x00, 0x00, 0x00, 0x00, 0x00, 0x00, 0x00, 0x00, 0x00, 0x00, 0x00, 0x00,
    0xEE, 0xEE, 0xED, 0xED, 0xEC, 0xEC, 0xEC, 0xEC, 0x25, 0x0A, 0x0C, 0x2C, 0x40, 0x16, 0x0A, 0x0A,
    0x00, 0x00, 0x00, 0x00, 0x00, 0x00, 0x00, 0x00, 0x00, 0x00, 0x00, 0x00, 0x00, 0x00, 0x00, 0x00,
    0xEC, 0xEC, 0xEC, 0xEC, 0xEC, 0xEC, 0xEC, 0xED, 0x0A, 0x0A, 0x0A, 0x0A, 0x0A, 0x0A, 0x0A, 0x0A,
    0x00, 0x00, 0x00, 0x00, 0x00, 0x00, 0x00, 0x00, 0x00, 0x00, 0x00, 0x00, 0x00, 0x00, 0x00, 0x00,
    0xED, 0xED, 0xED, 0xED, 0xED, 0xED, 0xED, 0xED, 0x0A, 0x0A, 0x0A, 0x0A, 0x0A, 0x0A, 0x0A, 0x0A,
    0x00, 0x00, 0x00, 0x00, 0x00, 0x00, 0x00, 0x00, 0x00, 0x00, 0x00, 0x00, 0x00, 0x00, 0x00, 0x00,
    0xED, 0xED, 0xED, 0xED, 0xED, 0xED, 0xED, 0xED, 0x0A, 0x0A, 0x0A, 0x0A, 0x0A, 0x0A, 0x0A, 0x0A,
    0x00, 0x00, 0x00, 0x00, 0x00, 0x00, 0x00, 0x00, 0x00, 0x00, 0x00, 0x00, 0x00, 0x00, 0x00, 0x00,
    0xED, 0xED, 0xED, 0xED, 0xED, 0xED, 0xED, 0xED, 0x0A, 0x0A, 0x0A, 0x0A, 0x0A, 0x0A, 0x0A, 0x0A,
    0x00, 0x00, 0x00, 0x00, 0x00, 0x00, 0x00, 0x00, 0x00, 0x00, 0x00, 0x00, 0x00, 0x00, 0x00, 0x00,
    0xED, 0xED, 0xED, 0xED, 0xED, 0xED, 0xED, 0xED, 0x0A, 0x0A, 0x0A, 0x0A, 0x0A, 0x0A, 0x0A, 0x0A,
    0x00, 0x00, 0x00, 0x00, 0x00, 0x00, 0x00, 0x00, 0x00, 0x00, 0x00, 0x00, 0x00, 0x00, 0x00, 0x00,
    0xED, 0xED, 0xED, 0xED, 0xED, 0xED, 0xEE, 0xEE, 0x0A, 0x0A, 0x0A, 0x0A, 0x0A, 0x0A, 0x0A, 0x0A,
    0x00, 0x00, 0x00, 0x00, 0x00, 0x00, 0x00, 0x00, 0x00, 0x00, 0x00, 0x00, 0x00, 0x00, 0x00, 0x00,
    0xEE, 0xED, 0xED, 0xEE, 0xEE, 0xEE, 0xEF, 0xEF, 0x0A, 0x0A, 0x0A, 0x23, 0x5D, 0x3B, 0x0A, 0x0A,
    0x00, 0x00, 0x00, 0x00, 0x00, 0x00, 0x00, 0x00, 0x00, 0x00, 0x00, 0x00, 0x00, 0x00, 0x00, 0x00,
    0xEF, 0xEF, 0xEF, 0xEF, 0xF1, 0xF1, 0xEF, 0xF1, 0x0A, 0x0A, 0x0A, 0x0A, 0x0A, 0x0F, 0xE4, 0xF9,
    0x00, 0x00, 0x00, 0x00, 0x00, 0x00, 0x00, 0x91, 0x00, 0x00, 0x00, 0x00, 0x00, 0x00, 0x00, 0x00,
    0xF1, 0xF1, 0xF1, 0xF1, 0xF1, 0xF1, 0xF1, 0xF1, 0xF9, 0xF9, 0xF9, 0xF9, 0xF9, 0xF9, 0xF9, 0xF8,
    0xF1, 0xF8, 0xF8, 0xF8, 0xF8, 0xF7, 0xF7, 0xF8, 0x04, 0x0C, 0x0A, 0x0A, 0x0A, 0x0C, 0x0A, 0x0A,
    0xF1, 0xEF, 0xEF, 0xEF, 0xEF, 0xEF, 0xEF, 0xEF, 0xF9, 0xF8, 0xF8, 0x69, 0x0A, 0x08, 0x0A, 0x0C,
    0xF8, 0xEE, 0x4B, 0x00, 0x00, 0x00, 0x00, 0x00, 0x0D, 0x03, 0x00, 0x00, 0x00, 0x00, 0x00, 0x00,
    0xEF, 0x54, 0x02, 0x00, 0x00, 0x00, 0x00, 0x00, 0x03, 0x00, 0x00, 0x00, 0x00, 0x00, 0x00, 0x00,
    0x00, 0x00, 0x00, 0x00, 0x00, 0x00, 0x00, 0x00, 0x00, 0x00, 0x00, 0x00, 0x00, 0x00, 0x00, 0x00,
    0x00, 0x00, 0x00, 0x00, 0x00, 0x00, 0x00, 0x00, 0x00, 0x00, 0x00, 0x00, 0x00, 0x00, 0x00, 0x00,
    0x00, 0x00, 0x00, 0x00, 0x00, 0x00, 0x00, 0x00, 0x00, 0x00, 0x00, 0x00, 0x00, 0x00, 0x00, 0x00,
    0x00, 0x00, 0x00, 0x00, 0x00, 0x00, 0x00, 0x00, 0x00, 0x00, 0x00, 0x00, 0x00, 0x00, 0x00, 0x00,
    0x00, 0x00, 0x00, 0x00, 0x00, 0x00, 0x00, 0x00, 0x00, 0x00, 0x00, 0x00, 0x00, 0x00, 0x00, 0x00,
    0x00, 0x00, 0x00, 0x00, 0x00, 0x00, 0x00, 0x00, 0x00, 0x00, 0x00, 0x00, 0x00, 0x00, 0x00, 0x00,
    0x00, 0x00, 0x00, 0x00, 0x00, 0x00, 0x00, 0x00, 0x00, 0x00, 0x00, 0x00, 0x00, 0x00, 0x00, 0x00,
    0x00, 0x00, 0x00, 0x00, 0x00, 0x00, 0x00, 0x00, 0x00, 0x00, 0x00, 0x00, 0x00, 0x00, 0x00, 0x00,
    0x00, 0x00, 0x00, 0x00, 0x00, 0x00, 0x00, 0x00, 0x00, 0x00, 0x00, 0x00, 0x00, 0x00, 0x00, 0x00,
    0x00, 0x00, 0x00, 0x00, 0x00, 0x00, 0x00, 0x00, 0x00, 0x00, 0x00, 0x00, 0x00, 0x00, 0x00, 0x00,
    0x00, 0x00, 0x00, 0x00, 0x00, 0x00, 0x00, 0x00, 0x00, 0x00, 0x00, 0x00, 0x00, 0x00, 0x00, 0x00,
    0x00, 0x00, 0x00, 0x00, 0x00, 0x00, 0x00, 0x00, 0x00, 0x00, 0x00, 0x00, 0x00, 0x00, 0x00, 0x00,
    0x00, 0x00, 0x00, 0x00, 0x00, 0x00, 0x00, 0x00, 0x00, 0x00, 0x00, 0x00, 0x00, 0x00, 0x00, 0x00,
    0x00, 0x00, 0x00, 0x00, 0x00, 0x00, 0x00, 0x00, 0x00, 0x00, 0x00, 0x00, 0x00, 0x00, 0x00, 0x00,
    0x00, 0x00, 0x00, 0x00, 0x00, 0x00, 0x00, 0x00, 0x00, 0x00, 0x00, 0x00, 0x00, 0x00, 0x00, 0x00,
    0x00, 0x00, 0x00, 0x00, 0x00, 0x00, 0x00, 0x00, 0x00, 0x00, 0x00, 0x00, 0x00, 0x00, 0x00, 0x00,
    0x00, 0x00, 0x00, 0x00, 0x00, 0x00, 0x00, 0x00, 0x00, 0x00, 0x00, 0x00, 0x00, 0x00, 0x00, 0x00,
    0x00, 0x00, 0x00, 0x00, 0x00, 0x00, 0x00, 0x00, 0x00, 0x00, 0x00, 0x00, 0x00, 0x00, 0x00, 0x00,
    0x00, 0x00, 0x00, 0x00, 0x00, 0x00, 0x00, 0x00, 0x00, 0x00, 0x00, 0x00, 0x00, 0x00, 0x00, 0x00,
    0x00, 0x00, 0x00, 0x00, 0x00, 0x00, 0x00, 0x00, 0x00, 0x00, 0x00, 0x00, 0x00, 0x00, 0x00, 0x00,
    0x00, 0x00, 0x00, 0x00, 0x00, 0x00, 0x00, 0x00, 0x00, 0x00, 0x00, 0x00, 0x00, 0x00, 0x00, 0x00,
    0x00, 0x00, 0x00, 0x00, 0x00, 0x02, 0x02, 0x04, 0x00, 0x00, 0x00, 0x00, 0x00, 0x00, 0x00, 0x00,
    0x00, 0x00, 0x00, 0x00, 0x00, 0x00, 0x00, 0x00, 0x00, 0x00, 0x00, 0x00, 0x00, 0x00, 0x00, 0x00,
    0x04, 0x08, 0x1D, 0x2E, 0x48, 0x41, 0x48, 0x3D, 0x00, 0x00, 0x00, 0x00, 0x02, 0x03, 0x04, 0x0A,
    0x00, 0x00, 0x00, 0x00, 0x00, 0x00, 0x00, 0x00, 0x00, 0x00, 0x00, 0x00, 0x00, 0x00, 0x00, 0x00,
    0x41, 0x41, 0x41, 0x48, 0x48, 0x41, 0x41, 0x3F, 0x12, 0x23, 0x3D, 0x48, 0x4C, 0x3F, 0x41, 0x48,
    0x00, 0x00, 0x02, 0x03, 0x03, 0x07, 0x0D, 0x23, 0x00, 0x00, 0x00, 0x00, 0x00, 0x00, 0x00, 0x00,
    0x3F, 0x41, 0x3F, 0x3F, 0x3F, 0x3F, 0x3F, 0x41, 0x27, 0x41, 0x41, 0x3F, 0x3F, 0x3F, 0x48, 0x49,
    0x7E, 0x48, 0x49, 0x49, 0x4E, 0x52, 0x33, 0x15, 0x02, 0x03, 0x03, 0x03, 0x03, 0x02, 0x00, 0x00,
    0x49, 0x4C, 0x4C, 0x50, 0x3D, 0x17, 0x02, 0x00, 0x41, 0x51, 0x2C, 0x07, 0x02, 0x00, 0x00, 0x00,
    0x11, 0x03, 0x00, 0x00, 0x00, 0x00, 0x00, 0x00, 0x00, 0x00, 0x00, 0x00, 0x00, 0x00, 0x00, 0x00,
    0x00, 0x00, 0x00, 0x00, 0x00, 0x00, 0x00, 0x00, 0x00, 0x00, 0x00, 0x00, 0x00, 0x00, 0x00, 0x00,
    0x00, 0x00, 0x00, 0x00, 0x00, 0x00, 0x00, 0x00, 0x00, 0x00, 0x00, 0x00, 0x00, 0x00, 0x00, 0x00,
};

u16 int_psx_pal[256] = {
    0xFFFF, 0xFFE9, 0xFFFF, 0xF7BD, 0xEF7B, 0xEF7B, 0xEF79, 0xEF5B,
    0xEB5A, 0xEB5A, 0xEB5A, 0xEB59, 0xEB5A, 0xEB5A, 0xEB5A, 0xEB3A,
    0xE73A, 0xE73A, 0xE739, 0xE739, 0xEB36, 0xE739, 0xE739, 0xE739,
    0xE739, 0xE739, 0xE739, 0xE739, 0xE319, 0xE319, 0xE319, 0xE319,
    0xE319, 0xE318, 0xE318, 0xE318, 0xE318, 0xE318, 0xE318, 0xE318,
    0xE318, 0xE314, 0xE318, 0xE318, 0xE318, 0xE318, 0xE318, 0xE318,
    0xE318, 0xE318, 0xDF18, 0xE2F8, 0xDEF8, 0xDEF8, 0xDEF8, 0xDEF8,
    0xE2F8, 0xDEF8, 0xDEF8, 0xDEF7, 0xDEF8, 0xDEF8, 0xDEF7, 0xDEF7,
    0xDEF7, 0xDEF7, 0xDEF7, 0xDEF7, 0xDF38, 0xDEF7, 0xDEF7, 0xDEF7,
    0xDEF7, 0xDEF7, 0xDEF7, 0xDEF7, 0xDEF7, 0xDEF7, 0xDED7, 0xDED7,
    0xDED7, 0xDED7, 0xDAD7, 0xDAD6, 0xDAD6, 0xDAD6, 0xD2F6, 0xDAD6,
    0xDAD6, 0xDAD6, 0xDAD6, 0xDAD6, 0xDAD6, 0xDAD6, 0xDAD6, 0xDAD6,
    0xDAD6, 0xDAD6, 0xDAD6, 0xDAD6, 0xDAD6, 0xDAD6, 0xDAD6, 0xDAD6,
    0xDAD6, 0xDAD6, 0xDAB6, 0xDAB6, 0xDAB6, 0xDAB6, 0xD6B6, 0xDAB6,
    0xD6B6, 0xD6B6, 0xD6B6, 0xD6B6, 0xD6B5, 0xD6B5, 0xD6B5, 0xD6B5,
    0xD6B5, 0xD6B5, 0xD6B5, 0xD6B5, 0xD6B5, 0xD6B5, 0xD6B5, 0xD6B5,
    0xD6B5, 0xD6B5, 0xD6B5, 0xD6B5, 0xD6B5, 0xD6B5, 0xD6B5, 0xD6B5,
    0xD6B5, 0xD6B5, 0xDAB2, 0xD6B6, 0xD6B5, 0xD6B5, 0xD6B5, 0xD6B5,
    0xD6B5, 0xD6B5, 0xD6B5, 0xD6B5, 0xD6B5, 0xD6B5, 0xD6B5, 0xD6B5,
    0xD6B5, 0xD6B5, 0xD6B5, 0xD6B5, 0xD6B5, 0xD6B5, 0xD6B5, 0xD6B5,
    0xD6B5, 0xD6B5, 0xD6B5, 0xD6B5, 0xD695, 0xD695, 0xD695, 0xD2B6,
    0xD295, 0xD294, 0xD294, 0xD294, 0xD295, 0xD294, 0xD294, 0xD294,
    0xD295, 0xD294, 0xD294, 0xD2B5, 0xD294, 0xD294, 0xD294, 0xD295,
    0xD294, 0xD294, 0xD294, 0xBEB7, 0xD294, 0xD294, 0xD294, 0xD294,
    0xD294, 0xD294, 0xD294, 0xD294, 0xD294, 0xD294, 0xD294, 0xD294,
    0xD294, 0xD274, 0xD274, 0xD294, 0xCE74, 0xCE73, 0xCE73, 0xCE73,
    0xCE73, 0xCE73, 0xCE73, 0xCE73, 0xCE73, 0xCE73, 0xCE52, 0xCE53,
    0xCA52, 0xCA52, 0xCA52, 0xCA52, 0xCA52, 0xCA52, 0xCA52, 0xC652,
    0xCA31, 0xC631, 0xC631, 0xC631, 0xC631, 0xC210, 0xC210, 0xC210,
    0xC210, 0xC20F, 0xBDEF, 0xBDEF, 0xBDCE, 0xB9CE, 0xB5AE, 0xB5AD,
    0xB98C, 0xB18C, 0xAD6C, 0xAD6B, 0xAD6B, 0xA94A, 0xA94A, 0xA529,
    0xA529, 0xA108, 0x9CE7, 0x94A5, 0x8842, 0x8421, 0x8421, 0x8000,
};

Vtx int_psx_v[] = {
    { 1542, 646, -1900, 0, 4064, 32, 0, 127, 0, 255 },
    { -1666, 646, 506, 0, 32, 2848, 0, 127, 0, 255 },
    { 1542, 646, 506, 0, 4064, 2848, 0, 127, 0, 255 },
    { -1666, 646, 506, 0, 8128, 160, 129, 0, 0, 255 },
    { -1666, 5, -1900, 0, 4160, 1056, 129, 0, 0, 255 },
    { -1666, 5, 506, 0, 8128, 1056, 129, 0, 0, 255 },
    { -1666, 646, -1900, 0, 64, 7328, 0, 0, 129, 255 },
    { 1542, 5, -1900, 0, 4000, 8032, 0, 0, 129, 255 },
    { -1666, 5, -1900, 0, 64, 8032, 0, 0, 129, 255 },
    { 1542, 5, 506, 0, 4032, 5664, 0, 129, 0, 255 },
    { -1666, 5, -1900, 0, 64, 3104, 0, 129, 0, 255 },
    { 1542, 5, -1900, 0, 4032, 3104, 0, 129, 0, 255 },
    { 1542, 646, 506, 0, 4032, 6208, 0, 0, 127, 255 },
    { -1666, 5, 506, 0, 32, 6880, 0, 0, 127, 255 },
    { 1542, 5, 506, 0, 4032, 6880, 0, 0, 127, 255 },
    { 1542, 646, -1900, 0, 4160, 160, 127, 0, 0, 255 },
    { 1542, 5, 506, 0, 8128, 1056, 127, 0, 0, 255 },
    { 1542, 5, -1900, 0, 4160, 1056, 127, 0, 0, 255 },
    { -1666, 646, -1900, 0, 32, 32, 0, 127, 0, 255 },
    { -1666, 646, -1900, 0, 4160, 160, 129, 0, 0, 255 },
    { 1542, 646, -1900, 0, 4000, 7328, 0, 0, 129, 255 },
    { -1666, 5, 506, 0, 64, 5664, 0, 129, 0, 255 },
    { -1666, 646, 506, 0, 32, 6208, 0, 0, 127, 255 },
    { 1542, 646, 506, 0, 8128, 160, 127, 0, 0, 255 },
    { -202, 103, 1605, 0, 7113, 3129, 124, 237, 16, 255 },
    { -242, 69, 1743, 0, 7108, 2931, 101, 0, 77, 255 },
    { -241, 37, 1742, 0, 7081, 2910, 93, 199, 65, 255 },
    { -237, 32, 1593, 0, 7073, 2992, 68, 152, 229, 255 },
    { -392, 128, 1382, 0, 7263, 2754, 8, 136, 214, 255 },
    { -186, 157, 1394, 0, 7312, 2989, 100, 179, 244, 255 },
    { -532, 171, 1706, 0, 7377, 2753, 166, 50, 75, 255 },
    { -482, 418, 1457, 0, 7747, 3048, 241, 115, 51, 255 },
    { -576, 416, 1410, 0, 7854, 2941, 189, 94, 53, 255 },
    { -252, 424, 1407, 0, 7608, 3377, 42, 112, 44, 255 },
    { -244, 116, 1746, 0, 7149, 2948, 91, 38, 80, 255 },
    { -174, 425, 1299, 0, 7588, 3594, 88, 90, 16, 255 },
    { -237, 32, 1593, 0, 7073, 2992, 68, 152, 229, 255 },
    { -286, 0, 1712, 0, 6925, 2972, 33, 135, 18, 255 },
    { -539, 37, 1550, 0, 7030, 2640, 188, 152, 229, 255 },
    { -202, 103, 1605, 0, 7113, 3129, 124, 237, 16, 255 },
    { -540, 90, 1698, 0, 7327, 2666, 140, 251, 52, 255 },
    { -597, 185, 1477, 0, 7670, 2659, 131, 240, 14, 255 },
    { -524, 9, 1716, 0, 7222, 2606, 178, 165, 42, 255 },
    { -556, 110, 1394, 0, 7719, 2495, 193, 149, 228, 255 },
    { -539, 37, 1550, 0, 7460, 2513, 188, 152, 229, 255 },
    { -612, 290, 1082, 0, 7568, 2960, 156, 254, 178, 255 },
    { -652, 172, 1191, 0, 7354, 2940, 159, 176, 241, 255 },
    { -656, 290, 1191, 0, 7352, 2933, 130, 253, 240, 255 },
    { -652, 172, 1191, 0, 7400, 2405, 159, 176, 241, 255 },
    { -160, 169, 1184, 0, 7555, 2956, 98, 180, 228, 255 },
    { -392, 128, 1382, 0, 7263, 2754, 8, 136, 214, 255 },
    { -401, 138, 1010, 0, 7678, 2632, 222, 158, 74, 255 },
    { -450, 79, 928, 0, 7756, 2553, 203, 154, 201, 255 },
    { -247, 79, 982, 0, 7756, 2797, 70, 154, 226, 255 },
    { -160, 169, 1184, 0, 7602, 3565, 98, 180, 228, 255 },
    { -177, 262, 1362, 0, 7274, 3619, 126, 0, 13, 255 },
    { -186, 157, 1394, 0, 7213, 3618, 100, 179, 244, 255 },
    { -492, 167, 998, 0, 7665, 2527, 167, 174, 219, 255 },
    { -232, 167, 1073, 0, 7658, 2841, 98, 175, 0, 255 },
    { -344, 168, 1090, 0, 7606, 2721, 248, 133, 31, 255 },
    { -593, 170, 1064, 0, 7559, 2433, 185, 172, 192, 255 },
    { -556, 110, 1394, 0, 7935, 2528, 193, 149, 228, 255 },
    { -638, 261, 1315, 0, 7792, 2709, 135, 238, 34, 255 },
    { -652, 172, 1191, 0, 7685, 2502, 159, 176, 241, 255 },
    { -556, 110, 1394, 0, 7201, 2574, 193, 149, 228, 255 },
    { -652, 172, 1191, 0, 7400, 2405, 159, 176, 241, 255 },
    { -392, 128, 1382, 0, 7263, 2754, 8, 136, 214, 255 },
    { -524, 9, 1716, 0, 6848, 2706, 178, 165, 42, 255 },
    { -539, 37, 1550, 0, 7030, 2640, 188, 152, 229, 255 },
    { -286, 0, 1712, 0, 6925, 2972, 33, 135, 18, 255 },
    { -445, 124, 1793, 0, 7249, 2780, 222, 49, 112, 255 },
    { -339, 418, 1458, 0, 7644, 3217, 14, 113, 56, 255 },
    { -482, 418, 1457, 0, 7747, 3048, 241, 115, 51, 255 },
    { -556, 110, 1394, 0, 7719, 2495, 193, 149, 228, 255 },
    { -616, 251, 1368, 0, 7849, 2687, 136, 241, 37, 255 },
    { -638, 261, 1315, 0, 7933, 2673, 135, 238, 34, 255 },
    { -339, 116, 1803, 0, 7187, 2856, 28, 48, 114, 255 },
    { -242, 69, 1743, 0, 7108, 2931, 101, 0, 77, 255 },
    { -244, 116, 1746, 0, 7149, 2948, 91, 38, 80, 255 },
    { -202, 103, 1605, 0, 7113, 3129, 124, 237, 16, 255 },
    { -177, 262, 1362, 0, 7340, 3500, 126, 0, 13, 255 },
    { -174, 425, 1299, 0, 7588, 3594, 88, 90, 16, 255 },
    { -532, 171, 1706, 0, 7377, 2753, 166, 50, 75, 255 },
    { -597, 185, 1477, 0, 7670, 2659, 131, 240, 14, 255 },
    { -540, 90, 1698, 0, 7327, 2666, 140, 251, 52, 255 },
    { -467, 70, 1788, 0, 7223, 2731, 193, 237, 109, 255 },
    { -270, 373, 1025, 0, 3361, 8015, 91, 87, 17, 255 },
    { -253, 293, 936, 0, 3371, 8156, 87, 182, 201, 255 },
    { -253, 373, 936, 0, 3371, 8156, 87, 74, 201, 255 },
    { -416, 373, 892, 0, 3607, 8156, 210, 74, 164, 255 },
    { -450, 293, 977, 0, 3622, 8015, 169, 170, 221, 255 },
    { -450, 373, 977, 0, 3622, 8015, 169, 86, 221, 255 },
    { -416, 293, 892, 0, 3607, 8156, 210, 182, 164, 255 },
    { -270, 293, 1025, 0, 3361, 8015, 91, 169, 17, 255 },
    { -416, 293, 892, 0, 3607, 8156, 210, 182, 164, 255 },
    { -253, 293, 936, 0, 3371, 8156, 87, 182, 201, 255 },
    { -416, 373, 892, 0, 3607, 8156, 210, 74, 164, 255 },
    { -270, 373, 1025, 0, 3361, 8015, 91, 87, 17, 255 },
    { -253, 373, 936, 0, 3371, 8156, 87, 74, 201, 255 },
    { -270, 203, 1016, 0, 3366, 8029, 90, 88, 18, 255 },
    { -255, 122, 943, 0, 3371, 8144, 88, 181, 204, 255 },
    { -256, 203, 938, 0, 3374, 8152, 87, 72, 198, 255 },
    { -418, 122, 900, 0, 3607, 8144, 207, 180, 167, 255 },
    { -443, 203, 969, 0, 3615, 8029, 169, 87, 225, 255 },
    { -417, 203, 895, 0, 3607, 8152, 209, 72, 162, 255 },
    { -270, 122, 1016, 0, 3366, 8029, 89, 168, 19, 255 },
    { -789, 394, 951, 0, 5255, 5312, 23, 89, 169, 255 },
    { -366, 394, 1430, 0, 6623, 3446, 233, 89, 87, 255 },
    { -274, 394, 1089, 0, 5255, 3446, 23, 89, 169, 255 },
    { -790, 174, 954, 0, 7410, 3210, 23, 166, 170, 255 },
    { -365, 174, 1428, 0, 7834, 2934, 233, 166, 86, 255 },
    { -880, 174, 1290, 0, 7410, 2934, 233, 166, 86, 255 },
    { -241, 37, 1742, 0, 7081, 2910, 93, 199, 65, 255 },
    { -340, 72, 1803, 0, 7163, 2843, 36, 253, 122, 255 },
    { -373, 40, 1813, 0, 7164, 2812, 0, 206, 117, 255 },
    { -186, 157, 1394, 0, 7175, 3448, 100, 179, 244, 255 },
    { -202, 103, 1605, 0, 7113, 3129, 124, 237, 16, 255 },
    { -237, 32, 1593, 0, 6992, 3108, 68, 152, 229, 255 },
    { -524, 9, 1716, 0, 7222, 2606, 178, 165, 42, 255 },
    { -467, 70, 1788, 0, 7223, 2731, 193, 237, 109, 255 },
    { -244, 116, 1746, 0, 7149, 2948, 91, 38, 80, 255 },
    { -339, 418, 1458, 0, 7644, 3217, 14, 113, 56, 255 },
    { -339, 116, 1803, 0, 7187, 2856, 28, 48, 114, 255 },
    { -160, 169, 1184, 0, 7602, 3565, 98, 180, 228, 255 },
    { -236, 270, 1075, 0, 7762, 3375, 120, 1, 215, 255 },
    { -166, 282, 1175, 0, 7616, 3549, 122, 3, 221, 255 },
    { -445, 124, 1793, 0, 7249, 2780, 222, 49, 112, 255 },
    { -339, 116, 1803, 0, 7187, 2856, 28, 48, 114, 255 },
    { -339, 418, 1458, 0, 7644, 3217, 14, 113, 56, 255 },
    { -532, 171, 1706, 0, 7377, 2753, 166, 50, 75, 255 },
    { -482, 418, 1457, 0, 7747, 3048, 241, 115, 51, 255 },
    { -241, 37, 1742, 0, 7081, 2910, 93, 199, 65, 255 },
    { -373, 40, 1813, 0, 7164, 2812, 0, 206, 117, 255 },
    { -286, 0, 1712, 0, 7016, 2864, 33, 135, 18, 255 },
    { -467, 70, 1788, 0, 7223, 2731, 193, 237, 109, 255 },
    { -540, 90, 1698, 0, 7327, 2666, 140, 251, 52, 255 },
    { -524, 9, 1716, 0, 7222, 2606, 178, 165, 42, 255 },
    { -616, 251, 1368, 0, 7849, 2687, 136, 241, 37, 255 },
    { -597, 185, 1477, 0, 7670, 2659, 131, 240, 14, 255 },
    { -576, 416, 1410, 0, 7854, 2941, 189, 94, 53, 255 },
    { -539, 37, 1550, 0, 7460, 2513, 188, 152, 229, 255 },
    { -556, 110, 1394, 0, 7719, 2495, 193, 149, 228, 255 },
    { -445, 275, 909, 0, 7447, 2921, 209, 251, 138, 255 },
    { -492, 167, 998, 0, 7265, 2878, 167, 174, 219, 255 },
    { -495, 277, 1000, 0, 7260, 2874, 162, 0, 170, 255 },
    { -495, 277, 1000, 0, 7772, 3130, 162, 0, 170, 255 },
    { -593, 170, 1064, 0, 7608, 2984, 185, 172, 192, 255 },
    { -612, 290, 1082, 0, 7568, 2960, 156, 254, 178, 255 },
    { -638, 261, 1315, 0, 7137, 3025, 135, 238, 34, 255 },
    { -656, 290, 1191, 0, 7352, 2933, 130, 253, 240, 255 },
    { -652, 172, 1191, 0, 7354, 2940, 159, 176, 241, 255 },
    { -344, 168, 1090, 0, 7606, 2721, 248, 133, 31, 255 },
    { -401, 138, 1010, 0, 7678, 2632, 222, 158, 74, 255 },
    { -247, 79, 982, 0, 7756, 2797, 70, 154, 226, 255 },
    { -593, 170, 1064, 0, 7559, 2433, 185, 172, 192, 255 },
    { -344, 168, 1090, 0, 7606, 2721, 248, 133, 31, 255 },
    { -652, 172, 1191, 0, 7400, 2405, 159, 176, 241, 255 },
    { -392, 128, 1382, 0, 7263, 2754, 8, 136, 214, 255 },
    { -160, 169, 1184, 0, 7555, 2956, 98, 180, 228, 255 },
    { -186, 157, 1394, 0, 7312, 2989, 100, 179, 244, 255 },
    { -539, 37, 1550, 0, 7030, 2640, 188, 152, 229, 255 },
    { -556, 110, 1394, 0, 7201, 2574, 193, 149, 228, 255 },
    { -166, 282, 1175, 0, 7616, 3549, 122, 3, 221, 255 },
    { -234, 426, 1074, 0, 7764, 3378, 75, 99, 229, 255 },
    { -172, 426, 1171, 0, 7619, 3536, 91, 85, 230, 255 },
    { -373, 40, 1813, 0, 7164, 2812, 0, 206, 117, 255 },
    { -524, 9, 1716, 0, 7222, 2606, 178, 165, 42, 255 },
    { -286, 0, 1712, 0, 7016, 2864, 33, 135, 18, 255 },
    { -340, 72, 1803, 0, 7163, 2843, 36, 253, 122, 255 },
    { -467, 70, 1788, 0, 7223, 2731, 193, 237, 109, 255 },
    { -616, 251, 1368, 0, 7849, 2687, 136, 241, 37, 255 },
    { -576, 416, 1410, 0, 7854, 2941, 189, 94, 53, 255 },
    { -639, 419, 1332, 0, 7992, 2895, 167, 81, 39, 255 },
    { -202, 103, 1605, 0, 7113, 3129, 124, 237, 16, 255 },
    { -244, 116, 1746, 0, 7149, 2948, 91, 38, 80, 255 },
    { -242, 69, 1743, 0, 7108, 2931, 101, 0, 77, 255 },
    { -236, 270, 1075, 0, 7762, 3375, 120, 1, 215, 255 },
    { -242, 418, 964, 0, 7959, 3311, 80, 71, 188, 255 },
    { -613, 426, 1080, 0, 7571, 2956, 180, 82, 195, 255 },
    { -656, 290, 1191, 0, 7352, 2933, 130, 253, 240, 255 },
    { -660, 425, 1192, 0, 7348, 2926, 162, 84, 246, 255 },
    { -639, 419, 1332, 0, 7105, 3031, 167, 81, 39, 255 },
    { -445, 124, 1793, 0, 7249, 2780, 222, 49, 112, 255 },
    { -638, 261, 1315, 0, 7933, 2673, 135, 238, 34, 255 },
    { -532, 171, 1706, 0, 7377, 2753, 166, 50, 75, 255 },
    { -339, 116, 1803, 0, 7187, 2856, 28, 48, 114, 255 },
    { -482, 418, 1457, 0, 6822, 3642, 241, 115, 51, 255 },
    { -172, 426, 1171, 0, 5518, 2815, 91, 85, 230, 255 },
    { -613, 426, 1080, 0, 5613, 4463, 180, 82, 195, 255 },
    { -789, 394, 951, 0, 7410, 2985, 23, 89, 169, 255 },
    { -275, 174, 1092, 0, 7834, 3160, 23, 166, 170, 255 },
    { -790, 174, 954, 0, 7410, 3160, 23, 166, 170, 255 },
    { -880, 174, 1290, 0, 7410, 3160, 233, 166, 86, 255 },
    { -366, 394, 1430, 0, 7834, 2985, 233, 89, 87, 255 },
    { -881, 394, 1292, 0, 7410, 2985, 233, 89, 87, 255 },
    { -242, 418, 964, 0, 7959, 3311, 80, 71, 188, 255 },
    { -247, 79, 982, 0, 7923, 3311, 70, 154, 226, 255 },
    { -445, 275, 909, 0, 7959, 2921, 209, 251, 138, 255 },
    { -445, 418, 909, 0, 7447, 2921, 216, 72, 160, 255 },
    { -495, 277, 1000, 0, 7260, 2874, 162, 0, 170, 255 },
    { -489, 424, 996, 0, 7269, 2883, 197, 98, 201, 255 },
    { -242, 275, 964, 0, 7959, 3311, 13, 0, 130, 255 },
    { -232, 167, 1073, 0, 7766, 3381, 98, 175, 0, 255 },
    { -241, 37, 1742, 0, 7081, 2910, 93, 199, 65, 255 },
    { -237, 32, 1593, 0, 6992, 3108, 68, 152, 229, 255 },
    { -202, 103, 1605, 0, 7113, 3129, 124, 237, 16, 255 },
    { -166, 282, 1175, 0, 7616, 3549, 122, 3, 221, 255 },
    { -174, 425, 1299, 0, 7390, 3595, 88, 90, 16, 255 },
    { -177, 262, 1362, 0, 7274, 3619, 126, 0, 13, 255 },
    { -489, 424, 996, 0, 7781, 3139, 197, 98, 201, 255 },
    { -612, 290, 1082, 0, 7568, 2960, 156, 254, 178, 255 },
    { -613, 426, 1080, 0, 7571, 2956, 180, 82, 195, 255 },
    { -317, 424, 1007, 0, 4988, 3458, 1, 127, 248, 255 },
    { -242, 418, 964, 0, 4704, 3244, 80, 71, 188, 255 },
    { -489, 424, 996, 0, 5106, 4046, 197, 98, 201, 255 },
    { -1591, 103, 1233, 0, 7113, 3129, 140, 237, 208, 255 },
    { -1626, 37, 1371, 0, 7081, 2910, 143, 199, 9, 255 },
    { -1626, 69, 1372, 0, 7108, 2931, 130, 0, 16, 255 },
    { -1556, 32, 1239, 0, 7073, 2994, 210, 152, 199, 255 },
    { -1500, 157, 1042, 0, 7312, 2991, 175, 179, 196, 255 },
    { -1316, 128, 1135, 0, 7263, 2756, 13, 136, 216, 255 },
    { -1356, 171, 1485, 0, 7377, 2753, 40, 50, 110, 255 },
    { -1171, 416, 1251, 0, 7854, 2941, 32, 94, 79, 255 },
    { -1275, 418, 1245, 0, 7747, 3048, 243, 115, 53, 255 },
    { -1449, 424, 1086, 0, 7608, 3377, 197, 111, 17, 255 },
    { -1463, 425, 953, 0, 7588, 3594, 171, 90, 226, 255 },
    { -1626, 116, 1376, 0, 7149, 2948, 137, 38, 24, 255 },
    { -1272, 37, 1354, 0, 7030, 2641, 73, 152, 10, 255 },
    { -1572, 0, 1367, 0, 6925, 2974, 219, 135, 255, 255 },
    { -1591, 103, 1233, 0, 7113, 3129, 140, 237, 208, 255 },
    { -1345, 90, 1483, 0, 7327, 2666, 74, 251, 103, 255 },
    { -1368, 9, 1490, 0, 7222, 2606, 47, 165, 75, 255 },
    { -1186, 185, 1319, 0, 7670, 2659, 101, 240, 75, 255 },
    { -1272, 37, 1354, 0, 7460, 2513, 73, 152, 10, 255 },
    { -1179, 110, 1227, 0, 7719, 2495, 69, 149, 7, 255 },
    { -976, 290, 985, 0, 7568, 2945, 126, 254, 238, 255 },
    { -995, 172, 1099, 0, 7354, 2924, 92, 176, 36, 255 },
    { -982, 170, 960, 0, 7608, 2969, 94, 172, 237, 255 },
    { -995, 172, 1099, 0, 7400, 2407, 92, 176, 36, 255 },
    { -1418, 169, 847, 0, 7555, 2958, 185, 180, 183, 255 },
    { -1121, 138, 817, 0, 7678, 2634, 248, 158, 80, 255 },
    { -1241, 79, 716, 0, 7756, 2798, 210, 154, 195, 255 },
    { -1039, 79, 770, 0, 7756, 2555, 73, 154, 235, 255 },
    { -1492, 262, 1010, 0, 7274, 3604, 140, 0, 204, 255 },
    { -1418, 169, 847, 0, 7602, 3550, 185, 180, 183, 255 },
    { -1500, 157, 1042, 0, 7213, 3603, 175, 179, 196, 255 },
    { -1037, 167, 852, 0, 7665, 2528, 96, 174, 13, 255 },
    { -1211, 168, 857, 0, 7606, 2722, 247, 133, 31, 255 },
    { -1299, 167, 787, 0, 7658, 2842, 171, 175, 207, 255 },
    { -982, 170, 960, 0, 7559, 2434, 94, 172, 237, 255 },
    { -1179, 110, 1227, 0, 7920, 2530, 69, 149, 7, 255 },
    { -995, 172, 1099, 0, 7670, 2503, 92, 176, 36, 255 },
    { -1069, 261, 1199, 0, 7777, 2710, 88, 238, 90, 255 },
    { -1179, 110, 1227, 0, 7201, 2575, 69, 149, 7, 255 },
    { -1316, 128, 1135, 0, 7263, 2756, 13, 136, 216, 255 },
    { -995, 172, 1099, 0, 7400, 2407, 92, 176, 36, 255 },
    { -1368, 9, 1490, 0, 6848, 2708, 47, 165, 75, 255 },
    { -1572, 0, 1367, 0, 6925, 2974, 219, 135, 255, 255 },
    { -1272, 37, 1354, 0, 7030, 2641, 73, 152, 10, 255 },
    { -1476, 124, 1517, 0, 7249, 2780, 229, 49, 114, 255 },
    { -1275, 418, 1245, 0, 7747, 3048, 243, 115, 53, 255 },
    { -1399, 418, 1174, 0, 7644, 3217, 215, 113, 42, 255 },
    { -1179, 110, 1227, 0, 7719, 2495, 69, 149, 7, 255 },
    { -1069, 261, 1199, 0, 7933, 2673, 88, 238, 90, 255 },
    { -1114, 251, 1235, 0, 7849, 2687, 86, 241, 93, 255 },
    { -1572, 116, 1472, 0, 7187, 2856, 175, 48, 85, 255 },
    { -1626, 116, 1376, 0, 7149, 2948, 137, 38, 24, 255 },
    { -1626, 69, 1372, 0, 7108, 2931, 130, 0, 16, 255 },
    { -1591, 103, 1233, 0, 7113, 3129, 140, 237, 208, 255 },
    { -1463, 425, 953, 0, 7588, 3594, 171, 90, 226, 255 },
    { -1492, 262, 1010, 0, 7340, 3500, 140, 0, 204, 255 },
    { -1356, 171, 1485, 0, 7377, 2753, 40, 50, 110, 255 },
    { -1345, 90, 1483, 0, 7327, 2666, 74, 251, 103, 255 },
    { -1186, 185, 1319, 0, 7670, 2659, 101, 240, 75, 255 },
    { -1453, 70, 1523, 0, 7223, 2731, 0, 237, 126, 255 },
    { -1243, 373, 764, 0, 3360, 8015, 169, 87, 225, 255 },
    { -1213, 293, 678, 0, 3370, 8156, 208, 182, 165, 255 },
    { -1243, 293, 764, 0, 3360, 8015, 169, 169, 225, 255 },
    { -1050, 373, 722, 0, 3606, 8156, 86, 74, 199, 255 },
    { -1063, 293, 813, 0, 3621, 8015, 92, 170, 13, 255 },
    { -1050, 293, 722, 0, 3606, 8156, 86, 182, 199, 255 },
    { -1213, 373, 678, 0, 3370, 8156, 208, 74, 165, 255 },
    { -1238, 203, 757, 0, 3365, 8029, 169, 88, 227, 255 },
    { -1215, 122, 686, 0, 3370, 8144, 205, 181, 167, 255 },
    { -1238, 122, 757, 0, 3365, 8029, 169, 168, 228, 255 },
    { -1065, 203, 803, 0, 3614, 8029, 91, 87, 17, 255 },
    { -1052, 122, 730, 0, 3606, 8144, 87, 180, 203, 255 },
    { -1050, 203, 725, 0, 3606, 8152, 88, 72, 199, 255 },
    { -1212, 203, 682, 0, 3373, 8152, 210, 72, 163, 255 },
    { -1271, 394, 822, 0, 5255, 7046, 23, 89, 169, 255 },
    { -881, 394, 1292, 0, 6623, 5312, 233, 89, 87, 255 },
    { -789, 394, 951, 0, 5255, 5312, 23, 89, 169, 255 },
    { -1362, 174, 1161, 0, 7014, 2934, 233, 166, 86, 255 },
    { -790, 174, 954, 0, 7410, 3210, 23, 166, 170, 255 },
    { -880, 174, 1290, 0, 7410, 2934, 233, 166, 86, 255 },
    { -1626, 37, 1371, 0, 7081, 2910, 143, 199, 9, 255 },
    { -1572, 72, 1473, 0, 7163, 2843, 164, 253, 88, 255 },
    { -1626, 69, 1372, 0, 7108, 2931, 130, 0, 16, 255 },
    { -1500, 157, 1042, 0, 7175, 3448, 175, 179, 196, 255 },
    { -1591, 103, 1233, 0, 7113, 3129, 140, 237, 208, 255 },
    { -1492, 262, 1010, 0, 7340, 3500, 140, 0, 204, 255 },
    { -1368, 9, 1490, 0, 7222, 2606, 47, 165, 75, 255 },
    { -1453, 70, 1523, 0, 7223, 2731, 0, 237, 126, 255 },
    { -1547, 40, 1498, 0, 7164, 2812, 198, 206, 101, 255 },
    { -1626, 116, 1376, 0, 7149, 2948, 137, 38, 24, 255 },
    { -1399, 418, 1174, 0, 7644, 3217, 215, 113, 42, 255 },
    { -1449, 424, 1086, 0, 7608, 3377, 197, 111, 17, 255 },
    { -1418, 169, 847, 0, 7602, 3550, 185, 180, 183, 255 },
    { -1297, 270, 791, 0, 7762, 3359, 172, 1, 160, 255 },
    { -1299, 167, 787, 0, 7766, 3366, 171, 175, 207, 255 },
    { -1476, 124, 1517, 0, 7249, 2780, 229, 49, 114, 255 },
    { -1572, 116, 1472, 0, 7187, 2856, 175, 48, 85, 255 },
    { -1356, 171, 1485, 0, 7377, 2753, 40, 50, 110, 255 },
    { -1275, 418, 1245, 0, 7747, 3048, 243, 115, 53, 255 },
    { -1626, 37, 1371, 0, 7081, 2910, 143, 199, 9, 255 },
    { -1572, 0, 1367, 0, 7016, 2864, 219, 135, 255, 255 },
    { -1547, 40, 1498, 0, 7164, 2812, 198, 206, 101, 255 },
    { -1453, 70, 1523, 0, 7223, 2731, 0, 237, 126, 255 },
    { -1368, 9, 1490, 0, 7222, 2606, 47, 165, 75, 255 },
    { -1345, 90, 1483, 0, 7327, 2666, 74, 251, 103, 255 },
    { -1114, 251, 1235, 0, 7849, 2687, 86, 241, 93, 255 },
    { -1171, 416, 1251, 0, 7854, 2941, 32, 94, 79, 255 },
    { -1186, 185, 1319, 0, 7670, 2659, 101, 240, 75, 255 },
    { -1272, 37, 1354, 0, 7460, 2513, 73, 152, 10, 255 },
    { -1179, 110, 1227, 0, 7719, 2495, 69, 149, 7, 255 },
    { -1034, 275, 752, 0, 7447, 2906, 100, 251, 178, 255 },
    { -1037, 167, 852, 0, 7265, 2863, 96, 174, 13, 255 },
    { -1039, 79, 770, 0, 7411, 2906, 73, 154, 235, 255 },
    { -1035, 277, 855, 0, 7772, 3115, 124, 0, 229, 255 },
    { -982, 170, 960, 0, 7608, 2969, 94, 172, 237, 255 },
    { -1037, 167, 852, 0, 7777, 3119, 96, 174, 13, 255 },
    { -1069, 261, 1199, 0, 7137, 3010, 88, 238, 90, 255 },
    { -995, 172, 1099, 0, 7354, 2924, 92, 176, 36, 255 },
    { -992, 290, 1101, 0, 7352, 2918, 117, 253, 49, 255 },
    { -1211, 168, 857, 0, 7606, 2722, 247, 133, 31, 255 },
    { -1241, 79, 716, 0, 7756, 2798, 210, 154, 195, 255 },
    { -1121, 138, 817, 0, 7678, 2634, 248, 158, 80, 255 },
    { -982, 170, 960, 0, 7559, 2434, 94, 172, 237, 255 },
    { -995, 172, 1099, 0, 7400, 2407, 92, 176, 36, 255 },
    { -1316, 128, 1135, 0, 7263, 2756, 13, 136, 216, 255 },
    { -1500, 157, 1042, 0, 7312, 2991, 175, 179, 196, 255 },
    { -1418, 169, 847, 0, 7555, 2958, 185, 180, 183, 255 },
    { -1272, 37, 1354, 0, 7030, 2641, 73, 152, 10, 255 },
    { -1179, 110, 1227, 0, 7201, 2575, 69, 149, 7, 255 },
    { -1408, 282, 842, 0, 7616, 3534, 168, 3, 164, 255 },
    { -1298, 426, 789, 0, 7764, 3363, 205, 99, 196, 255 },
    { -1297, 270, 791, 0, 7762, 3359, 172, 1, 160, 255 },
    { -1547, 40, 1498, 0, 7164, 2812, 198, 206, 101, 255 },
    { -1572, 0, 1367, 0, 7016, 2864, 219, 135, 255, 255 },
    { -1368, 9, 1490, 0, 7222, 2606, 47, 165, 75, 255 },
    { -1572, 72, 1473, 0, 7163, 2843, 164, 253, 88, 255 },
    { -1453, 70, 1523, 0, 7223, 2731, 0, 237, 126, 255 },
    { -1114, 251, 1235, 0, 7849, 2687, 86, 241, 93, 255 },
    { -1077, 419, 1215, 0, 7992, 2895, 58, 82, 78, 255 },
    { -1171, 416, 1251, 0, 7854, 2941, 32, 94, 79, 255 },
    { -1591, 103, 1233, 0, 7113, 3129, 140, 237, 208, 255 },
    { -1626, 69, 1372, 0, 7108, 2931, 130, 0, 16, 255 },
    { -1626, 116, 1376, 0, 7149, 2948, 137, 38, 24, 255 },
    { -1236, 418, 697, 0, 7959, 3296, 221, 71, 157, 255 },
    { -973, 426, 984, 0, 7571, 2941, 95, 83, 241, 255 },
    { -992, 290, 1101, 0, 7352, 2918, 117, 253, 49, 255 },
    { -976, 290, 985, 0, 7568, 2945, 126, 254, 238, 255 },
    { -1077, 419, 1215, 0, 7105, 3016, 58, 82, 78, 255 },
    { -1069, 261, 1199, 0, 7137, 3010, 88, 238, 90, 255 },
    { -1476, 124, 1517, 0, 7249, 2780, 229, 49, 114, 255 },
    { -1069, 261, 1199, 0, 7933, 2673, 88, 238, 90, 255 },
    { -1356, 171, 1485, 0, 7377, 2753, 40, 50, 110, 255 },
    { -1572, 116, 1472, 0, 7187, 2856, 175, 48, 85, 255 },
    { -1193, 424, 773, 0, 5090, 7057, 1, 127, 250, 255 },
    { -1449, 424, 1086, 0, 6427, 7662, 197, 111, 17, 255 },
    { -1077, 419, 1215, 0, 6530, 6235, 58, 82, 78, 255 },
    { -790, 174, 954, 0, 7410, 3160, 23, 166, 170, 255 },
    { -1271, 394, 822, 0, 7014, 2985, 23, 89, 169, 255 },
    { -789, 394, 951, 0, 7410, 2985, 23, 89, 169, 255 },
    { -1362, 394, 1163, 0, 7014, 2985, 233, 89, 87, 255 },
    { -880, 174, 1290, 0, 7410, 3160, 233, 166, 86, 255 },
    { -881, 394, 1292, 0, 7410, 2985, 233, 89, 87, 255 },
    { -1034, 275, 752, 0, 7959, 2906, 100, 251, 178, 255 },
    { -1241, 79, 716, 0, 7923, 3296, 210, 154, 195, 255 },
    { -1236, 418, 697, 0, 7959, 3296, 221, 71, 157, 255 },
    { -1034, 418, 752, 0, 7447, 2906, 83, 72, 193, 255 },
    { -1035, 277, 855, 0, 7260, 2859, 124, 0, 229, 255 },
    { -1034, 275, 752, 0, 7447, 2906, 100, 251, 178, 255 },
    { -1299, 167, 787, 0, 7766, 3366, 171, 175, 207, 255 },
    { -1236, 275, 697, 0, 7959, 3296, 52, 0, 140, 255 },
    { -1626, 37, 1371, 0, 7081, 2910, 143, 199, 9, 255 },
    { -1556, 32, 1239, 0, 6992, 3108, 210, 152, 199, 255 },
    { -1572, 0, 1367, 0, 7016, 2864, 219, 135, 255, 255 },
    { -1408, 282, 842, 0, 7616, 3534, 168, 3, 164, 255 },
    { -1463, 425, 953, 0, 7390, 3580, 171, 90, 226, 255 },
    { -1401, 426, 842, 0, 7619, 3521, 191, 85, 188, 255 },
    { -976, 290, 985, 0, 7568, 2945, 126, 254, 238, 255 },
    { -1039, 424, 849, 0, 7781, 3124, 79, 98, 238, 255 },
    { -973, 426, 984, 0, 7571, 2941, 95, 83, 241, 255 },
    { -1193, 424, 773, 0, 4992, 7069, 1, 127, 250, 255 },
    { -1034, 418, 752, 0, 4706, 6535, 83, 72, 193, 255 },
    { -1236, 418, 697, 0, 4706, 7266, 221, 71, 157, 255 },
    { -241, 37, 1742, 0, 7081, 2910, 93, 199, 65, 255 },
    { -242, 69, 1743, 0, 7108, 2931, 101, 0, 77, 255 },
    { -340, 72, 1803, 0, 7163, 2843, 36, 253, 122, 255 },
    { -186, 157, 1394, 0, 7175, 3448, 100, 179, 244, 255 },
    { -177, 262, 1362, 0, 7340, 3500, 126, 0, 13, 255 },
    { -202, 103, 1605, 0, 7113, 3129, 124, 237, 16, 255 },
    { -244, 116, 1746, 0, 7149, 2948, 91, 38, 80, 255 },
    { -252, 424, 1407, 0, 7608, 3377, 42, 112, 44, 255 },
    { -339, 418, 1458, 0, 7644, 3217, 14, 113, 56, 255 },
    { -340, 72, 1803, 0, 7163, 2843, 36, 253, 122, 255 },
    { -339, 116, 1803, 0, 7187, 2856, 28, 48, 114, 255 },
    { -445, 124, 1793, 0, 7249, 2780, 222, 49, 112, 255 },
    { -241, 37, 1742, 0, 7081, 2910, 93, 199, 65, 255 },
    { -286, 0, 1712, 0, 7016, 2864, 33, 135, 18, 255 },
    { -237, 32, 1593, 0, 6992, 3108, 68, 152, 229, 255 },
    { -612, 290, 1082, 0, 7568, 2960, 156, 254, 178, 255 },
    { -593, 170, 1064, 0, 7608, 2984, 185, 172, 192, 255 },
    { -652, 172, 1191, 0, 7354, 2940, 159, 176, 241, 255 },
    { -160, 169, 1184, 0, 7602, 3565, 98, 180, 228, 255 },
    { -166, 282, 1175, 0, 7616, 3549, 122, 3, 221, 255 },
    { -177, 262, 1362, 0, 7274, 3619, 126, 0, 13, 255 },
    { -270, 373, 1025, 0, 3361, 8015, 91, 87, 17, 255 },
    { -270, 293, 1025, 0, 3361, 8015, 91, 169, 17, 255 },
    { -253, 293, 936, 0, 3371, 8156, 87, 182, 201, 255 },
    { -416, 373, 892, 0, 3607, 8156, 210, 74, 164, 255 },
    { -416, 293, 892, 0, 3607, 8156, 210, 182, 164, 255 },
    { -450, 293, 977, 0, 3622, 8015, 169, 170, 221, 255 },
    { -253, 373, 936, 0, 3371, 8156, 87, 74, 201, 255 },
    { -450, 373, 977, 0, 3622, 8015, 169, 86, 221, 255 },
    { -270, 203, 1016, 0, 3366, 8029, 90, 88, 18, 255 },
    { -270, 122, 1016, 0, 3366, 8029, 89, 168, 19, 255 },
    { -255, 122, 943, 0, 3371, 8144, 88, 181, 204, 255 },
    { -418, 122, 900, 0, 3607, 8144, 207, 180, 167, 255 },
    { -443, 122, 969, 0, 3615, 8029, 169, 169, 225, 255 },
    { -443, 203, 969, 0, 3615, 8029, 169, 87, 225, 255 },
    { -417, 203, 895, 0, 3607, 8152, 209, 72, 162, 255 },
    { -256, 203, 938, 0, 3374, 8152, 87, 72, 198, 255 },
    { -789, 394, 951, 0, 5255, 5312, 23, 89, 169, 255 },
    { -881, 394, 1292, 0, 6623, 5312, 233, 89, 87, 255 },
    { -366, 394, 1430, 0, 6623, 3446, 233, 89, 87, 255 },
    { -790, 174, 954, 0, 7410, 3210, 23, 166, 170, 255 },
    { -275, 174, 1092, 0, 7834, 3210, 23, 166, 170, 255 },
    { -365, 174, 1428, 0, 7834, 2934, 233, 166, 86, 255 },
    { -160, 169, 1184, 0, 7602, 3565, 98, 180, 228, 255 },
    { -232, 167, 1073, 0, 7766, 3381, 98, 175, 0, 255 },
    { -236, 270, 1075, 0, 7762, 3375, 120, 1, 215, 255 },
    { -445, 275, 909, 0, 7447, 2921, 209, 251, 138, 255 },
    { -450, 79, 928, 0, 7411, 2921, 203, 154, 201, 255 },
    { -492, 167, 998, 0, 7265, 2878, 167, 174, 219, 255 },
    { -495, 277, 1000, 0, 7772, 3130, 162, 0, 170, 255 },
    { -492, 167, 998, 0, 7777, 3134, 167, 174, 219, 255 },
    { -593, 170, 1064, 0, 7608, 2984, 185, 172, 192, 255 },
    { -392, 128, 1382, 0, 7263, 2754, 8, 136, 214, 255 },
    { -237, 32, 1593, 0, 7073, 2992, 68, 152, 229, 255 },
    { -539, 37, 1550, 0, 7030, 2640, 188, 152, 229, 255 },
    { -166, 282, 1175, 0, 7616, 3549, 122, 3, 221, 255 },
    { -234, 426, 1074, 0, 7764, 3378, 75, 99, 229, 255 },
    { -242, 275, 964, 0, 7959, 3311, 13, 0, 130, 255 },
    { -242, 418, 964, 0, 7959, 3311, 80, 71, 188, 255 },
    { -613, 426, 1080, 0, 7571, 2956, 180, 82, 195, 255 },
    { -612, 290, 1082, 0, 7568, 2960, 156, 254, 178, 255 },
    { -656, 290, 1191, 0, 7352, 2933, 130, 253, 240, 255 },
    { -638, 261, 1315, 0, 7137, 3025, 135, 238, 34, 255 },
    { -639, 419, 1332, 0, 7105, 3031, 167, 81, 39, 255 },
    { -613, 426, 1080, 0, 5613, 4463, 180, 82, 195, 255 },
    { -660, 425, 1192, 0, 6051, 4522, 162, 84, 246, 255 },
    { -639, 419, 1332, 0, 6530, 4316, 167, 81, 39, 255 },
    { -576, 416, 1410, 0, 6746, 4017, 189, 94, 53, 255 },
    { -482, 418, 1457, 0, 6822, 3642, 241, 115, 51, 255 },
    { -339, 418, 1458, 0, 6690, 3135, 14, 113, 56, 255 },
    { -252, 424, 1407, 0, 6426, 2873, 42, 112, 44, 255 },
    { -252, 424, 1407, 0, 6426, 2873, 42, 112, 44, 255 },
    { -174, 425, 1299, 0, 5969, 2700, 88, 90, 16, 255 },
    { -172, 426, 1171, 0, 5518, 2815, 91, 85, 230, 255 },
    { -234, 426, 1074, 0, 5232, 3127, 75, 99, 229, 255 },
    { -317, 424, 1007, 0, 5074, 3485, 1, 127, 248, 255 },
    { -489, 424, 996, 0, 5198, 4103, 197, 98, 201, 255 },
    { -613, 426, 1080, 0, 5613, 4463, 180, 82, 195, 255 },
    { -639, 419, 1332, 0, 6530, 4316, 167, 81, 39, 255 },
    { -482, 418, 1457, 0, 6822, 3642, 241, 115, 51, 255 },
    { -789, 394, 951, 0, 7410, 2985, 23, 89, 169, 255 },
    { -274, 394, 1089, 0, 7834, 2985, 23, 89, 169, 255 },
    { -275, 174, 1092, 0, 7834, 3160, 23, 166, 170, 255 },
    { -880, 174, 1290, 0, 7410, 3160, 233, 166, 86, 255 },
    { -365, 174, 1428, 0, 7834, 3160, 233, 166, 86, 255 },
    { -366, 394, 1430, 0, 7834, 2985, 233, 89, 87, 255 },
    { -445, 275, 909, 0, 7959, 2921, 209, 251, 138, 255 },
    { -445, 418, 909, 0, 7959, 2921, 216, 72, 160, 255 },
    { -242, 418, 964, 0, 7959, 3311, 80, 71, 188, 255 },
    { -242, 275, 964, 0, 7959, 3311, 13, 0, 130, 255 },
    { -247, 79, 982, 0, 7923, 3311, 70, 154, 226, 255 },
    { -450, 79, 928, 0, 7923, 2921, 203, 154, 201, 255 },
    { -445, 418, 909, 0, 7447, 2921, 216, 72, 160, 255 },
    { -445, 275, 909, 0, 7447, 2921, 209, 251, 138, 255 },
    { -495, 277, 1000, 0, 7260, 2874, 162, 0, 170, 255 },
    { -236, 270, 1075, 0, 7762, 3375, 120, 1, 215, 255 },
    { -232, 167, 1073, 0, 7766, 3381, 98, 175, 0, 255 },
    { -166, 282, 1175, 0, 7616, 3549, 122, 3, 221, 255 },
    { -172, 426, 1171, 0, 7619, 3536, 91, 85, 230, 255 },
    { -174, 425, 1299, 0, 7390, 3595, 88, 90, 16, 255 },
    { -489, 424, 996, 0, 7781, 3139, 197, 98, 201, 255 },
    { -495, 277, 1000, 0, 7772, 3130, 162, 0, 170, 255 },
    { -612, 290, 1082, 0, 7568, 2960, 156, 254, 178, 255 },
    { -317, 424, 1007, 0, 4988, 3458, 1, 127, 248, 255 },
    { -234, 426, 1074, 0, 5138, 3118, 75, 99, 229, 255 },
    { -242, 418, 964, 0, 4704, 3244, 80, 71, 188, 255 },
    { -445, 418, 909, 0, 4704, 3975, 216, 72, 160, 255 },
    { -489, 424, 996, 0, 5106, 4046, 197, 98, 201, 255 },
    { -976, 290, 985, 0, 7568, 2945, 126, 254, 238, 255 },
    { -992, 290, 1101, 0, 7352, 2918, 117, 253, 49, 255 },
    { -995, 172, 1099, 0, 7354, 2924, 92, 176, 36, 255 },
    { -1492, 262, 1010, 0, 7274, 3604, 140, 0, 204, 255 },
    { -1408, 282, 842, 0, 7616, 3534, 168, 3, 164, 255 },
    { -1418, 169, 847, 0, 7602, 3550, 185, 180, 183, 255 },
    { -1243, 373, 764, 0, 3360, 8015, 169, 87, 225, 255 },
    { -1213, 373, 678, 0, 3370, 8156, 208, 74, 165, 255 },
    { -1213, 293, 678, 0, 3370, 8156, 208, 182, 165, 255 },
    { -1050, 373, 722, 0, 3606, 8156, 86, 74, 199, 255 },
    { -1063, 373, 813, 0, 3621, 8015, 92, 86, 13, 255 },
    { -1063, 293, 813, 0, 3621, 8015, 92, 170, 13, 255 },
    { -1050, 293, 722, 0, 3606, 8156, 86, 182, 199, 255 },
    { -1243, 293, 764, 0, 3360, 8015, 169, 169, 225, 255 },
    { -1238, 203, 757, 0, 3365, 8029, 169, 88, 227, 255 },
    { -1212, 203, 682, 0, 3373, 8152, 210, 72, 163, 255 },
    { -1215, 122, 686, 0, 3370, 8144, 205, 181, 167, 255 },
    { -1065, 203, 803, 0, 3614, 8029, 91, 87, 17, 255 },
    { -1065, 122, 803, 0, 3614, 8029, 91, 169, 17, 255 },
    { -1052, 122, 730, 0, 3606, 8144, 87, 180, 203, 255 },
    { -1238, 122, 757, 0, 3365, 8029, 169, 168, 228, 255 },
    { -1050, 203, 725, 0, 3606, 8152, 88, 72, 199, 255 },
    { -1271, 394, 822, 0, 5255, 7046, 23, 89, 169, 255 },
    { -1362, 394, 1163, 0, 6623, 7046, 233, 89, 87, 255 },
    { -881, 394, 1292, 0, 6623, 5312, 233, 89, 87, 255 },
    { -1362, 174, 1161, 0, 7014, 2934, 233, 166, 86, 255 },
    { -1272, 174, 824, 0, 7014, 3210, 23, 166, 170, 255 },
    { -790, 174, 954, 0, 7410, 3210, 23, 166, 170, 255 },
    { -1626, 37, 1371, 0, 7081, 2910, 143, 199, 9, 255 },
    { -1547, 40, 1498, 0, 7164, 2812, 198, 206, 101, 255 },
    { -1572, 72, 1473, 0, 7163, 2843, 164, 253, 88, 255 },
    { -1500, 157, 1042, 0, 7175, 3448, 175, 179, 196, 255 },
    { -1556, 32, 1239, 0, 6992, 3108, 210, 152, 199, 255 },
    { -1591, 103, 1233, 0, 7113, 3129, 140, 237, 208, 255 },
    { -1626, 116, 1376, 0, 7149, 2948, 137, 38, 24, 255 },
    { -1572, 116, 1472, 0, 7187, 2856, 175, 48, 85, 255 },
    { -1399, 418, 1174, 0, 7644, 3217, 215, 113, 42, 255 },
    { -1418, 169, 847, 0, 7602, 3550, 185, 180, 183, 255 },
    { -1408, 282, 842, 0, 7616, 3534, 168, 3, 164, 255 },
    { -1297, 270, 791, 0, 7762, 3359, 172, 1, 160, 255 },
    { -1034, 275, 752, 0, 7447, 2906, 100, 251, 178, 255 },
    { -1035, 277, 855, 0, 7260, 2859, 124, 0, 229, 255 },
    { -1037, 167, 852, 0, 7265, 2863, 96, 174, 13, 255 },
    { -1035, 277, 855, 0, 7772, 3115, 124, 0, 229, 255 },
    { -976, 290, 985, 0, 7568, 2945, 126, 254, 238, 255 },
    { -982, 170, 960, 0, 7608, 2969, 94, 172, 237, 255 },
    { -1272, 37, 1354, 0, 7030, 2641, 73, 152, 10, 255 },
    { -1556, 32, 1239, 0, 7073, 2994, 210, 152, 199, 255 },
    { -1316, 128, 1135, 0, 7263, 2756, 13, 136, 216, 255 },
    { -1401, 426, 842, 0, 7619, 3521, 191, 85, 188, 255 },
    { -1298, 426, 789, 0, 7764, 3363, 205, 99, 196, 255 },
    { -1236, 418, 697, 0, 7959, 3296, 221, 71, 157, 255 },
    { -1236, 275, 697, 0, 7959, 3296, 52, 0, 140, 255 },
    { -973, 426, 984, 0, 7571, 2941, 95, 83, 241, 255 },
    { -989, 425, 1103, 0, 7348, 2911, 87, 84, 38, 255 },
    { -992, 290, 1101, 0, 7352, 2918, 117, 253, 49, 255 },
    { -1077, 419, 1215, 0, 7105, 3016, 58, 82, 78, 255 },
    { -1476, 124, 1517, 0, 7249, 2780, 229, 49, 114, 255 },
    { -1572, 116, 1472, 0, 7187, 2856, 175, 48, 85, 255 },
    { -1572, 72, 1473, 0, 7163, 2843, 164, 253, 88, 255 },
    { -1077, 419, 1215, 0, 6530, 6235, 58, 82, 78, 255 },
    { -989, 425, 1103, 0, 6056, 6032, 87, 84, 38, 255 },
    { -973, 426, 984, 0, 5623, 6090, 95, 83, 241, 255 },
    { -1039, 424, 849, 0, 5212, 6445, 79, 98, 238, 255 },
    { -1193, 424, 773, 0, 5090, 7057, 1, 127, 250, 255 },
    { -1298, 426, 789, 0, 5246, 7410, 205, 99, 196, 255 },
    { -1401, 426, 842, 0, 5529, 7719, 191, 85, 188, 255 },
    { -1463, 425, 953, 0, 5975, 7833, 171, 90, 226, 255 },
    { -1449, 424, 1086, 0, 6427, 7662, 197, 111, 17, 255 },
    { -1399, 418, 1174, 0, 6687, 7403, 215, 113, 42, 255 },
    { -1275, 418, 1245, 0, 6819, 6901, 243, 115, 53, 255 },
    { -1171, 416, 1251, 0, 6743, 6530, 32, 94, 79, 255 },
    { -790, 174, 954, 0, 7410, 3160, 23, 166, 170, 255 },
    { -1272, 174, 824, 0, 7014, 3160, 23, 166, 170, 255 },
    { -1271, 394, 822, 0, 7014, 2985, 23, 89, 169, 255 },
    { -1362, 394, 1163, 0, 7014, 2985, 233, 89, 87, 255 },
    { -1362, 174, 1161, 0, 7014, 3160, 233, 166, 86, 255 },
    { -880, 174, 1290, 0, 7410, 3160, 233, 166, 86, 255 },
    { -1236, 418, 697, 0, 7959, 3296, 221, 71, 157, 255 },
    { -1034, 418, 752, 0, 7959, 2906, 83, 72, 193, 255 },
    { -1034, 275, 752, 0, 7959, 2906, 100, 251, 178, 255 },
    { -1039, 79, 770, 0, 7923, 2906, 73, 154, 235, 255 },
    { -1241, 79, 716, 0, 7923, 3296, 210, 154, 195, 255 },
    { -1236, 275, 697, 0, 7959, 3296, 52, 0, 140, 255 },
    { -1034, 418, 752, 0, 7447, 2906, 83, 72, 193, 255 },
    { -1039, 424, 849, 0, 7269, 2868, 79, 98, 238, 255 },
    { -1035, 277, 855, 0, 7260, 2859, 124, 0, 229, 255 },
    { -1299, 167, 787, 0, 7766, 3366, 171, 175, 207, 255 },
    { -1297, 270, 791, 0, 7762, 3359, 172, 1, 160, 255 },
    { -1626, 37, 1371, 0, 7081, 2910, 143, 199, 9, 255 },
    { -1591, 103, 1233, 0, 7113, 3129, 140, 237, 208, 255 },
    { -1556, 32, 1239, 0, 6992, 3108, 210, 152, 199, 255 },
    { -1408, 282, 842, 0, 7616, 3534, 168, 3, 164, 255 },
    { -1492, 262, 1010, 0, 7274, 3604, 140, 0, 204, 255 },
    { -1463, 425, 953, 0, 7390, 3580, 171, 90, 226, 255 },
    { -976, 290, 985, 0, 7568, 2945, 126, 254, 238, 255 },
    { -1035, 277, 855, 0, 7772, 3115, 124, 0, 229, 255 },
    { -1039, 424, 849, 0, 7781, 3124, 79, 98, 238, 255 },
    { -1193, 424, 773, 0, 4992, 7069, 1, 127, 250, 255 },
    { -1039, 424, 849, 0, 5123, 6415, 79, 98, 238, 255 },
    { -1034, 418, 752, 0, 4706, 6535, 83, 72, 193, 255 },
    { -1236, 418, 697, 0, 4706, 7266, 221, 71, 157, 255 },
    { -1298, 426, 789, 0, 5159, 7446, 205, 99, 196, 255 },
    { 1591, 103, 989, 0, 7113, 3129, 97, 237, 176, 255 },
    { 1665, 69, 1112, 0, 7108, 2931, 125, 0, 235, 255 },
    { 1664, 37, 1111, 0, 7081, 2910, 111, 199, 232, 255 },
    { 1558, 32, 1006, 0, 7073, 2992, 27, 152, 188, 255 },
    { 1298, 128, 975, 0, 7263, 2754, 231, 136, 221, 255 },
    { 1447, 157, 833, 0, 7312, 2989, 60, 179, 175, 255 },
    { 1440, 171, 1299, 0, 7377, 2753, 250, 50, 117, 255 },
    { 1291, 418, 1092, 0, 7747, 3048, 27, 115, 46, 255 },
    { 1194, 416, 1129, 0, 7854, 2941, 249, 94, 85, 255 },
    { 1412, 424, 890, 0, 7608, 3377, 61, 112, 255, 255 },
    { 1666, 116, 1116, 0, 7149, 2948, 121, 38, 245, 255 },
    { 1386, 425, 759, 0, 7588, 3594, 72, 90, 203, 255 },
    { 1612, 0, 1123, 0, 6925, 2972, 35, 135, 244, 255 },
    { 1321, 37, 1198, 0, 7030, 2640, 190, 152, 31, 255 },
    { 1428, 90, 1300, 0, 7327, 2666, 215, 251, 120, 255 },
    { 1228, 185, 1190, 0, 7670, 2659, 181, 240, 101, 255 },
    { 1452, 9, 1300, 0, 7222, 2606, 233, 165, 86, 255 },
    { 1228, 185, 1190, 0, 7670, 2659, 181, 240, 101, 255 },
    { 1195, 110, 1103, 0, 7719, 2495, 192, 149, 27, 255 },
    { 1321, 37, 1198, 0, 7460, 2513, 190, 152, 31, 255 },
    { 929, 290, 931, 0, 7568, 2960, 131, 254, 20, 255 },
    { 981, 172, 1035, 0, 7354, 2940, 179, 176, 61, 255 },
    { 979, 290, 1037, 0, 7352, 2933, 158, 253, 81, 255 },
    { 981, 172, 1035, 0, 7400, 2405, 179, 176, 61, 255 },
    { 1312, 169, 671, 0, 7555, 2956, 47, 180, 166, 255 },
    { 1298, 128, 975, 0, 7263, 2754, 231, 136, 221, 255 },
    { 1020, 138, 728, 0, 7678, 2632, 31, 158, 75, 255 },
    { 927, 79, 707, 0, 7756, 2553, 180, 154, 1, 255 },
    { 1105, 79, 597, 0, 7756, 2797, 26, 154, 184, 255 },
    { 1312, 169, 671, 0, 7602, 3565, 47, 180, 166, 255 },
    { 1430, 262, 805, 0, 7274, 3619, 95, 0, 172, 255 },
    { 1447, 157, 833, 0, 7213, 3618, 60, 179, 175, 255 },
    { 949, 167, 786, 0, 7665, 2527, 168, 174, 40, 255 },
    { 1182, 167, 648, 0, 7658, 2841, 67, 175, 184, 255 },
    { 1118, 168, 741, 0, 7606, 2721, 17, 133, 27, 255 },
    { 929, 170, 906, 0, 7559, 2433, 161, 172, 9, 255 },
    { 1195, 110, 1103, 0, 7935, 2528, 192, 149, 27, 255 },
    { 1082, 261, 1109, 0, 7792, 2709, 198, 238, 112, 255 },
    { 981, 172, 1035, 0, 7685, 2502, 179, 176, 61, 255 },
    { 1195, 110, 1103, 0, 7201, 2574, 192, 149, 27, 255 },
    { 1452, 9, 1300, 0, 6848, 2706, 233, 165, 86, 255 },
    { 1321, 37, 1198, 0, 7030, 2640, 190, 152, 31, 255 },
    { 1612, 0, 1123, 0, 6925, 2972, 35, 135, 244, 255 },
    { 1563, 124, 1294, 0, 7249, 2780, 59, 49, 101, 255 },
    { 1390, 418, 989, 0, 7644, 3217, 51, 113, 28, 255 },
    { 1291, 418, 1092, 0, 7747, 3048, 27, 115, 46, 255 },
    { 1135, 251, 1130, 0, 7849, 2687, 201, 241, 114, 255 },
    { 1082, 261, 1109, 0, 7933, 2673, 198, 238, 112, 255 },
    { 1642, 116, 1224, 0, 7187, 2856, 102, 48, 58, 255 },
    { 1665, 69, 1112, 0, 7108, 2931, 125, 0, 235, 255 },
    { 1666, 116, 1116, 0, 7149, 2948, 121, 38, 245, 255 },
    { 1591, 103, 989, 0, 7113, 3129, 97, 237, 176, 255 },
    { 1430, 262, 805, 0, 7340, 3500, 95, 0, 172, 255 },
    { 1386, 425, 759, 0, 7588, 3594, 72, 90, 203, 255 },
    { 1440, 171, 1299, 0, 7377, 2753, 250, 50, 117, 255 },
    { 1228, 185, 1190, 0, 7670, 2659, 181, 240, 101, 255 },
    { 1428, 90, 1300, 0, 7327, 2666, 215, 251, 120, 255 },
    { 1544, 70, 1307, 0, 7223, 2731, 37, 237, 120, 255 },
    { 1121, 373, 642, 0, 3361, 8015, 74, 87, 201, 255 },
    { 1067, 293, 569, 0, 3371, 8156, 19, 182, 155, 255 },
    { 1067, 373, 569, 0, 3371, 8156, 19, 74, 155, 255 },
    { 923, 373, 659, 0, 3607, 8156, 157, 74, 227, 255 },
    { 962, 293, 741, 0, 3622, 8015, 172, 170, 40, 255 },
    { 962, 373, 741, 0, 3622, 8015, 172, 86, 40, 255 },
    { 923, 293, 659, 0, 3607, 8156, 157, 182, 227, 255 },
    { 1121, 293, 642, 0, 3361, 8015, 74, 169, 201, 255 },
    { 1114, 203, 636, 0, 3366, 8029, 74, 88, 203, 255 },
    { 1071, 122, 576, 0, 3371, 8144, 23, 181, 156, 255 },
    { 1067, 203, 573, 0, 3374, 8152, 17, 72, 153, 255 },
    { 928, 122, 665, 0, 3607, 8144, 157, 180, 231, 255 },
    { 962, 203, 731, 0, 3615, 8029, 174, 87, 42, 255 },
    { 925, 203, 661, 0, 3607, 8152, 155, 72, 227, 255 },
    { 1114, 122, 636, 0, 3366, 8029, 75, 168, 204, 255 },
    { 712, 394, 972, 0, 5255, 5312, 208, 89, 179, 255 },
    { 1351, 394, 989, 0, 6623, 3446, 48, 89, 77, 255 },
    { 1165, 394, 689, 0, 5255, 3446, 208, 89, 179, 255 },
    { 714, 174, 974, 0, 7410, 3210, 209, 166, 180, 255 },
    { 1350, 174, 987, 0, 7834, 2934, 47, 166, 76, 255 },
    { 898, 174, 1269, 0, 7410, 2934, 47, 166, 76, 255 },
    { 1664, 37, 1111, 0, 7081, 2910, 111, 199, 232, 255 },
    { 1642, 72, 1225, 0, 7163, 2843, 113, 253, 57, 255 },
    { 1626, 40, 1256, 0, 7164, 2812, 85, 206, 80, 255 },
    { 1447, 157, 833, 0, 7175, 3448, 60, 179, 175, 255 },
    { 1591, 103, 989, 0, 7113, 3129, 97, 237, 176, 255 },
    { 1558, 32, 1006, 0, 6992, 3108, 27, 152, 188, 255 },
    { 1452, 9, 1300, 0, 7222, 2606, 233, 165, 86, 255 },
    { 1544, 70, 1307, 0, 7223, 2731, 37, 237, 120, 255 },
    { 1666, 116, 1116, 0, 7149, 2948, 121, 38, 245, 255 },
    { 1390, 418, 989, 0, 7644, 3217, 51, 113, 28, 255 },
    { 1642, 116, 1224, 0, 7187, 2856, 102, 48, 58, 255 },
    { 1312, 169, 671, 0, 7602, 3565, 47, 180, 166, 255 },
    { 1180, 270, 652, 0, 7762, 3375, 52, 1, 140, 255 },
    { 1301, 282, 669, 0, 7616, 3549, 57, 3, 143, 255 },
    { 1563, 124, 1294, 0, 7249, 2780, 59, 49, 101, 255 },
    { 1440, 171, 1299, 0, 7377, 2753, 250, 50, 117, 255 },
    { 1291, 418, 1092, 0, 7747, 3048, 27, 115, 46, 255 },
    { 1612, 0, 1123, 0, 7016, 2864, 35, 135, 244, 255 },
    { 1428, 90, 1300, 0, 7327, 2666, 215, 251, 120, 255 },
    { 1135, 251, 1130, 0, 7849, 2687, 201, 241, 114, 255 },
    { 1228, 185, 1190, 0, 7670, 2659, 181, 240, 101, 255 },
    { 1194, 416, 1129, 0, 7854, 2941, 249, 94, 85, 255 },
    { 1321, 37, 1198, 0, 7460, 2513, 190, 152, 31, 255 },
    { 1195, 110, 1103, 0, 7719, 2495, 192, 149, 27, 255 },
    { 917, 275, 691, 0, 7447, 2921, 138, 251, 210, 255 },
    { 949, 167, 786, 0, 7265, 2878, 168, 174, 40, 255 },
    { 949, 277, 790, 0, 7260, 2874, 129, 0, 10, 255 },
    { 949, 277, 790, 0, 7772, 3130, 129, 0, 10, 255 },
    { 929, 170, 906, 0, 7608, 2984, 161, 172, 9, 255 },
    { 929, 290, 931, 0, 7568, 2960, 131, 254, 20, 255 },
    { 1082, 261, 1109, 0, 7137, 3025, 198, 238, 112, 255 },
    { 979, 290, 1037, 0, 7352, 2933, 158, 253, 81, 255 },
    { 981, 172, 1035, 0, 7354, 2940, 179, 176, 61, 255 },
    { 1118, 168, 741, 0, 7606, 2721, 17, 133, 27, 255 },
    { 1020, 138, 728, 0, 7678, 2632, 31, 158, 75, 255 },
    { 1105, 79, 597, 0, 7756, 2797, 26, 154, 184, 255 },
    { 929, 170, 906, 0, 7559, 2433, 161, 172, 9, 255 },
    { 981, 172, 1035, 0, 7400, 2405, 179, 176, 61, 255 },
    { 1298, 128, 975, 0, 7263, 2754, 231, 136, 221, 255 },
    { 1312, 169, 671, 0, 7555, 2956, 47, 180, 166, 255 },
    { 1447, 157, 833, 0, 7312, 2989, 60, 179, 175, 255 },
    { 1321, 37, 1198, 0, 7030, 2640, 190, 152, 31, 255 },
    { 1195, 110, 1103, 0, 7201, 2574, 192, 149, 27, 255 },
    { 1301, 282, 669, 0, 7616, 3549, 57, 3, 143, 255 },
    { 1181, 426, 650, 0, 7764, 3378, 32, 99, 183, 255 },
    { 1294, 426, 671, 0, 7619, 3536, 43, 85, 171, 255 },
    { 1626, 40, 1256, 0, 7164, 2812, 85, 206, 80, 255 },
    { 1452, 9, 1300, 0, 7222, 2606, 233, 165, 86, 255 },
    { 1612, 0, 1123, 0, 7016, 2864, 35, 135, 244, 255 },
    { 1642, 72, 1225, 0, 7163, 2843, 113, 253, 57, 255 },
    { 1544, 70, 1307, 0, 7223, 2731, 37, 237, 120, 255 },
    { 1135, 251, 1130, 0, 7849, 2687, 201, 241, 114, 255 },
    { 1194, 416, 1129, 0, 7854, 2941, 249, 94, 85, 255 },
    { 1093, 419, 1122, 0, 7992, 2895, 223, 81, 92, 255 },
    { 1591, 103, 989, 0, 7113, 3129, 97, 237, 176, 255 },
    { 1666, 116, 1116, 0, 7149, 2948, 121, 38, 245, 255 },
    { 1665, 69, 1112, 0, 7108, 2931, 125, 0, 235, 255 },
    { 1180, 270, 652, 0, 7762, 3375, 52, 1, 140, 255 },
    { 1095, 418, 580, 0, 7959, 3311, 5, 71, 151, 255 },
    { 927, 426, 931, 0, 7571, 2956, 160, 82, 14, 255 },
    { 976, 425, 1041, 0, 7348, 2926, 184, 84, 62, 255 },
    { 1093, 419, 1122, 0, 7105, 3031, 223, 81, 92, 255 },
    { 1642, 72, 1225, 0, 7163, 2843, 113, 253, 57, 255 },
    { 1563, 124, 1294, 0, 7249, 2780, 59, 49, 101, 255 },
    { 1544, 70, 1307, 0, 7223, 2731, 37, 237, 120, 255 },
    { 1135, 251, 1130, 0, 7849, 2687, 201, 241, 114, 255 },
    { 1093, 419, 1122, 0, 7992, 2895, 223, 81, 92, 255 },
    { 1082, 261, 1109, 0, 7933, 2673, 198, 238, 112, 255 },
    { 1440, 171, 1299, 0, 7377, 2753, 250, 50, 117, 255 },
    { 1642, 116, 1224, 0, 7187, 2856, 102, 48, 58, 255 },
    { 1665, 69, 1112, 0, 7108, 2931, 125, 0, 235, 255 },
    { 1291, 418, 1092, 0, 6822, 3642, 27, 115, 46, 255 },
    { 1294, 426, 671, 0, 5518, 2815, 43, 85, 171, 255 },
    { 927, 426, 931, 0, 5613, 4463, 160, 82, 14, 255 },
    { 712, 394, 972, 0, 7410, 2985, 208, 89, 179, 255 },
    { 1166, 174, 692, 0, 7834, 3160, 209, 166, 180, 255 },
    { 714, 174, 974, 0, 7410, 3160, 209, 166, 180, 255 },
    { 898, 174, 1269, 0, 7410, 3160, 47, 166, 76, 255 },
    { 1351, 394, 989, 0, 7834, 2985, 48, 89, 77, 255 },
    { 899, 394, 1271, 0, 7410, 2985, 48, 89, 77, 255 },
    { 1095, 418, 580, 0, 7959, 3311, 5, 71, 151, 255 },
    { 1105, 79, 597, 0, 7923, 3311, 26, 154, 184, 255 },
    { 917, 275, 691, 0, 7959, 2921, 138, 251, 210, 255 },
    { 917, 418, 691, 0, 7447, 2921, 158, 72, 220, 255 },
    { 949, 277, 790, 0, 7260, 2874, 129, 0, 10, 255 },
    { 950, 424, 783, 0, 7269, 2883, 175, 98, 6, 255 },
    { 1095, 275, 580, 0, 7959, 3311, 172, 0, 160, 255 },
    { 1182, 167, 648, 0, 7766, 3381, 67, 175, 184, 255 },
    { 1664, 37, 1111, 0, 7081, 2910, 111, 199, 232, 255 },
    { 1558, 32, 1006, 0, 6992, 3108, 27, 152, 188, 255 },
    { 1591, 103, 989, 0, 7113, 3129, 97, 237, 176, 255 },
    { 1301, 282, 669, 0, 7616, 3549, 57, 3, 143, 255 },
    { 1386, 425, 759, 0, 7390, 3595, 72, 90, 203, 255 },
    { 1430, 262, 805, 0, 7274, 3619, 95, 0, 172, 255 },
    { 950, 424, 783, 0, 7781, 3139, 175, 98, 6, 255 },
    { 929, 290, 931, 0, 7568, 2960, 131, 254, 20, 255 },
    { 927, 426, 931, 0, 7571, 2956, 160, 82, 14, 255 },
    { 1075, 424, 665, 0, 4988, 3458, 251, 127, 250, 255 },
    { 1095, 418, 580, 0, 4704, 3244, 5, 71, 151, 255 },
    { 950, 424, 783, 0, 5106, 4046, 175, 98, 6, 255 },
    { 371, 103, 1750, 0, 7113, 3129, 142, 237, 52, 255 },
    { 448, 37, 1870, 0, 7081, 2910, 186, 199, 89, 255 },
    { 449, 69, 1871, 0, 7108, 2931, 182, 0, 103, 255 },
    { 400, 32, 1729, 0, 7073, 2994, 183, 152, 250, 255 },
    { 294, 157, 1553, 0, 7312, 2991, 157, 179, 18, 255 },
    { 487, 128, 1482, 0, 7263, 2756, 236, 136, 219, 255 },
    { 716, 171, 1751, 0, 7377, 2753, 108, 50, 46, 255 },
    { 671, 416, 1455, 0, 7854, 2941, 79, 94, 31, 255 },
    { 595, 418, 1527, 0, 7747, 3048, 30, 115, 45, 255 },
    { 360, 424, 1546, 0, 7608, 3377, 228, 111, 54, 255 },
    { 254, 425, 1465, 0, 7588, 3594, 176, 90, 41, 255 },
    { 452, 116, 1873, 0, 7149, 2948, 193, 38, 103, 255 },
    { 677, 37, 1600, 0, 7030, 2641, 57, 152, 210, 255 },
    { 482, 0, 1828, 0, 6925, 2974, 230, 135, 27, 255 },
    { 721, 90, 1741, 0, 7327, 2666, 126, 251, 16, 255 },
    { 711, 9, 1763, 0, 7222, 2606, 87, 165, 17, 255 },
    { 711, 185, 1513, 0, 7670, 2659, 124, 240, 233, 255 },
    { 677, 37, 1600, 0, 7460, 2513, 57, 152, 210, 255 },
    { 647, 110, 1445, 0, 7719, 2495, 52, 149, 211, 255 },
    { 610, 290, 1131, 0, 7568, 2945, 73, 254, 152, 255 },
    { 680, 172, 1223, 0, 7354, 2924, 89, 176, 213, 255 },
    { 587, 170, 1119, 0, 7608, 2969, 50, 172, 174, 255 },
    { 680, 172, 1223, 0, 7400, 2407, 89, 176, 213, 255 },
    { 207, 169, 1360, 0, 7555, 2958, 155, 180, 2, 255 },
    { 388, 138, 1123, 0, 7678, 2634, 54, 158, 61, 255 },
    { 232, 79, 1141, 0, 7756, 2798, 180, 154, 248, 255 },
    { 410, 79, 1030, 0, 7756, 2555, 34, 154, 188, 255 },
    { 276, 262, 1525, 0, 7274, 3604, 139, 0, 49, 255 },
    { 207, 169, 1360, 0, 7602, 3550, 155, 180, 2, 255 },
    { 294, 157, 1553, 0, 7213, 3603, 157, 179, 18, 255 },
    { 471, 167, 1085, 0, 7665, 2528, 75, 174, 195, 255 },
    { 356, 168, 1216, 0, 7606, 2722, 17, 133, 28, 255 },
    { 244, 167, 1233, 0, 7658, 2842, 162, 175, 29, 255 },
    { 587, 170, 1119, 0, 7559, 2434, 50, 172, 174, 255 },
    { 207, 169, 1360, 0, 7555, 2958, 155, 180, 2, 255 },
    { 680, 172, 1223, 0, 7400, 2407, 89, 176, 213, 255 },
    { 647, 110, 1445, 0, 7920, 2530, 52, 149, 211, 255 },
    { 680, 172, 1223, 0, 7670, 2503, 89, 176, 213, 255 },
    { 703, 261, 1346, 0, 7777, 2710, 126, 238, 253, 255 },
    { 647, 110, 1445, 0, 7201, 2575, 52, 149, 211, 255 },
    { 487, 128, 1482, 0, 7263, 2756, 236, 136, 219, 255 },
    { 711, 9, 1763, 0, 6848, 2708, 87, 165, 17, 255 },
    { 482, 0, 1828, 0, 6925, 2974, 230, 135, 27, 255 },
    { 677, 37, 1600, 0, 7030, 2641, 57, 152, 210, 255 },
    { 657, 124, 1860, 0, 7249, 2780, 65, 49, 97, 255 },
    { 595, 418, 1527, 0, 7747, 3048, 30, 115, 45, 255 },
    { 459, 418, 1569, 0, 7644, 3217, 3, 113, 58, 255 },
    { 647, 110, 1445, 0, 7719, 2495, 52, 149, 211, 255 },
    { 703, 261, 1346, 0, 7933, 2673, 126, 238, 253, 255 },
    { 698, 251, 1403, 0, 7849, 2687, 126, 241, 1, 255 },
    { 559, 116, 1900, 0, 7187, 2856, 7, 48, 118, 255 },
    { 452, 116, 1873, 0, 7149, 2948, 193, 38, 103, 255 },
    { 449, 69, 1871, 0, 7108, 2931, 182, 0, 103, 255 },
    { 371, 103, 1750, 0, 7113, 3129, 142, 237, 52, 255 },
    { 254, 425, 1465, 0, 7588, 3594, 176, 90, 41, 255 },
    { 276, 262, 1525, 0, 7340, 3500, 139, 0, 49, 255 },
    { 716, 171, 1751, 0, 7377, 2753, 108, 50, 46, 255 },
    { 721, 90, 1741, 0, 7327, 2666, 126, 251, 16, 255 },
    { 711, 185, 1513, 0, 7670, 2659, 124, 240, 233, 255 },
    { 677, 70, 1848, 0, 7223, 2731, 92, 237, 86, 255 },
    { 266, 373, 1176, 0, 3360, 8015, 174, 87, 43, 255 },
    { 224, 293, 1095, 0, 3370, 8156, 156, 182, 229, 255 },
    { 266, 293, 1176, 0, 3360, 8015, 174, 169, 43, 255 },
    { 367, 373, 1006, 0, 3606, 8156, 17, 74, 154, 255 },
    { 425, 293, 1077, 0, 3621, 8015, 73, 170, 198, 255 },
    { 367, 293, 1006, 0, 3606, 8156, 17, 182, 154, 255 },
    { 224, 373, 1095, 0, 3370, 8156, 156, 74, 229, 255 },
    { 264, 203, 1167, 0, 3365, 8029, 175, 88, 43, 255 },
    { 228, 122, 1102, 0, 3370, 8144, 156, 181, 232, 255 },
    { 264, 122, 1167, 0, 3365, 8029, 176, 168, 44, 255 },
    { 416, 203, 1072, 0, 3614, 8029, 74, 87, 201, 255 },
    { 371, 122, 1013, 0, 3606, 8144, 21, 180, 156, 255 },
    { 369, 203, 1008, 0, 3606, 8152, 18, 72, 153, 255 },
    { 227, 203, 1097, 0, 3373, 8152, 156, 72, 226, 255 },
    { 289, 394, 1236, 0, 5255, 7046, 208, 89, 179, 255 },
    { 899, 394, 1271, 0, 6623, 5312, 48, 89, 77, 255 },
    { 712, 394, 972, 0, 5255, 5312, 208, 89, 179, 255 },
    { 475, 174, 1533, 0, 7014, 2934, 47, 166, 76, 255 },
    { 714, 174, 974, 0, 7410, 3210, 209, 166, 180, 255 },
    { 898, 174, 1269, 0, 7410, 2934, 47, 166, 76, 255 },
    { 448, 37, 1870, 0, 7081, 2910, 186, 199, 89, 255 },
    { 560, 72, 1900, 0, 7163, 2843, 2, 253, 127, 255 },
    { 449, 69, 1871, 0, 7108, 2931, 182, 0, 103, 255 },
    { 294, 157, 1553, 0, 7175, 3448, 157, 179, 18, 255 },
    { 371, 103, 1750, 0, 7113, 3129, 142, 237, 52, 255 },
    { 276, 262, 1525, 0, 7340, 3500, 139, 0, 49, 255 },
    { 711, 9, 1763, 0, 7222, 2606, 87, 165, 17, 255 },
    { 595, 40, 1899, 0, 7164, 2812, 34, 206, 111, 255 },
    { 452, 116, 1873, 0, 7149, 2948, 193, 38, 103, 255 },
    { 459, 418, 1569, 0, 7644, 3217, 3, 113, 58, 255 },
    { 360, 424, 1546, 0, 7608, 3377, 228, 111, 54, 255 },
    { 207, 169, 1360, 0, 7602, 3550, 155, 180, 2, 255 },
    { 249, 270, 1233, 0, 7762, 3359, 129, 1, 252, 255 },
    { 244, 167, 1233, 0, 7766, 3366, 162, 175, 29, 255 },
    { 657, 124, 1860, 0, 7249, 2780, 65, 49, 97, 255 },
    { 559, 116, 1900, 0, 7187, 2856, 7, 48, 118, 255 },
    { 716, 171, 1751, 0, 7377, 2753, 108, 50, 46, 255 },
    { 595, 418, 1527, 0, 7747, 3048, 30, 115, 45, 255 },
    { 448, 37, 1870, 0, 7081, 2910, 186, 199, 89, 255 },
    { 482, 0, 1828, 0, 7016, 2864, 230, 135, 27, 255 },
    { 595, 40, 1899, 0, 7164, 2812, 34, 206, 111, 255 },
    { 677, 70, 1848, 0, 7223, 2731, 92, 237, 86, 255 },
    { 711, 9, 1763, 0, 7222, 2606, 87, 165, 17, 255 },
    { 721, 90, 1741, 0, 7327, 2666, 126, 251, 16, 255 },
    { 698, 251, 1403, 0, 7849, 2687, 126, 241, 1, 255 },
    { 671, 416, 1455, 0, 7854, 2941, 79, 94, 31, 255 },
    { 711, 185, 1513, 0, 7670, 2659, 124, 240, 233, 255 },
    { 677, 37, 1600, 0, 7460, 2513, 57, 152, 210, 255 },
    { 647, 110, 1445, 0, 7719, 2495, 52, 149, 211, 255 },
    { 400, 275, 1014, 0, 7447, 2906, 11, 251, 130, 255 },
    { 471, 167, 1085, 0, 7265, 2863, 75, 174, 195, 255 },
    { 410, 79, 1030, 0, 7411, 2906, 34, 154, 188, 255 },
    { 474, 277, 1086, 0, 7772, 3115, 65, 0, 147, 255 },
    { 587, 170, 1119, 0, 7608, 2969, 50, 172, 174, 255 },
    { 471, 167, 1085, 0, 7777, 3119, 75, 174, 195, 255 },
    { 703, 261, 1346, 0, 7137, 3010, 126, 238, 253, 255 },
    { 680, 172, 1223, 0, 7354, 2924, 89, 176, 213, 255 },
    { 683, 290, 1222, 0, 7352, 2918, 116, 253, 204, 255 },
    { 356, 168, 1216, 0, 7606, 2722, 17, 133, 28, 255 },
    { 232, 79, 1141, 0, 7756, 2798, 180, 154, 248, 255 },
    { 388, 138, 1123, 0, 7678, 2634, 54, 158, 61, 255 },
    { 587, 170, 1119, 0, 7559, 2434, 50, 172, 174, 255 },
    { 680, 172, 1223, 0, 7400, 2407, 89, 176, 213, 255 },
    { 487, 128, 1482, 0, 7263, 2756, 236, 136, 219, 255 },
    { 294, 157, 1553, 0, 7312, 2991, 157, 179, 18, 255 },
    { 207, 169, 1360, 0, 7555, 2958, 155, 180, 2, 255 },
    { 677, 37, 1600, 0, 7030, 2641, 57, 152, 210, 255 },
    { 647, 110, 1445, 0, 7201, 2575, 52, 149, 211, 255 },
    { 210, 282, 1349, 0, 7616, 3534, 129, 3, 2, 255 },
    { 247, 426, 1233, 0, 7764, 3363, 177, 99, 252, 255 },
    { 249, 270, 1233, 0, 7762, 3359, 129, 1, 252, 255 },
    { 595, 40, 1899, 0, 7164, 2812, 34, 206, 111, 255 },
    { 482, 0, 1828, 0, 7016, 2864, 230, 135, 27, 255 },
    { 711, 9, 1763, 0, 7222, 2606, 87, 165, 17, 255 },
    { 560, 72, 1900, 0, 7163, 2843, 2, 253, 127, 255 },
    { 677, 70, 1848, 0, 7223, 2731, 92, 237, 86, 255 },
    { 698, 251, 1403, 0, 7849, 2687, 126, 241, 1, 255 },
    { 709, 419, 1362, 0, 7992, 2895, 97, 82, 11, 255 },
    { 671, 416, 1455, 0, 7854, 2941, 79, 94, 31, 255 },
    { 371, 103, 1750, 0, 7113, 3129, 142, 237, 52, 255 },
    { 449, 69, 1871, 0, 7108, 2931, 182, 0, 103, 255 },
    { 452, 116, 1873, 0, 7149, 2948, 193, 38, 103, 255 },
    { 222, 418, 1125, 0, 7959, 3296, 159, 71, 214, 255 },
    { 611, 426, 1128, 0, 7571, 2941, 54, 83, 176, 255 },
    { 683, 290, 1222, 0, 7352, 2918, 116, 253, 204, 255 },
    { 610, 290, 1131, 0, 7568, 2945, 73, 254, 152, 255 },
    { 709, 419, 1362, 0, 7105, 3016, 97, 82, 11, 255 },
    { 703, 261, 1346, 0, 7137, 3010, 126, 238, 253, 255 },
    { 657, 124, 1860, 0, 7249, 2780, 65, 49, 97, 255 },
    { 703, 261, 1346, 0, 7933, 2673, 126, 238, 253, 255 },
    { 657, 124, 1860, 0, 7249, 2780, 65, 49, 97, 255 },
    { 677, 70, 1848, 0, 7223, 2731, 92, 237, 86, 255 },
    { 716, 171, 1751, 0, 7377, 2753, 108, 50, 46, 255 },
    { 559, 116, 1900, 0, 7187, 2856, 7, 48, 118, 255 },
    { 449, 69, 1871, 0, 7108, 2931, 182, 0, 103, 255 },
    { 560, 72, 1900, 0, 7163, 2843, 2, 253, 127, 255 },
    { 306, 424, 1145, 0, 5090, 7057, 253, 127, 251, 255 },
    { 360, 424, 1546, 0, 6427, 7662, 228, 111, 54, 255 },
    { 709, 419, 1362, 0, 6530, 6235, 97, 82, 11, 255 },
    { 714, 174, 974, 0, 7410, 3160, 209, 166, 180, 255 },
    { 289, 394, 1236, 0, 7014, 2985, 208, 89, 179, 255 },
    { 712, 394, 972, 0, 7410, 2985, 208, 89, 179, 255 },
    { 476, 394, 1535, 0, 7014, 2985, 48, 89, 77, 255 },
    { 898, 174, 1269, 0, 7410, 3160, 47, 166, 76, 255 },
    { 899, 394, 1271, 0, 7410, 2985, 48, 89, 77, 255 },
    { 400, 275, 1014, 0, 7959, 2906, 11, 251, 130, 255 },
    { 232, 79, 1141, 0, 7923, 3296, 180, 154, 248, 255 },
    { 222, 418, 1125, 0, 7959, 3296, 159, 71, 214, 255 },
    { 400, 418, 1014, 0, 7447, 2906, 11, 72, 152, 255 },
    { 474, 277, 1086, 0, 7260, 2859, 65, 0, 147, 255 },
    { 400, 275, 1014, 0, 7447, 2906, 11, 251, 130, 255 },
    { 244, 167, 1233, 0, 7766, 3366, 162, 175, 29, 255 },
    { 222, 275, 1125, 0, 7959, 3296, 207, 0, 139, 255 },
    { 448, 37, 1870, 0, 7081, 2910, 186, 199, 89, 255 },
    { 400, 32, 1729, 0, 6992, 3108, 183, 152, 250, 255 },
    { 482, 0, 1828, 0, 7016, 2864, 230, 135, 27, 255 },
    { 210, 282, 1349, 0, 7616, 3534, 129, 3, 2, 255 },
    { 254, 425, 1465, 0, 7390, 3580, 176, 90, 41, 255 },
    { 216, 426, 1344, 0, 7619, 3521, 161, 85, 1, 255 },
    { 610, 290, 1131, 0, 7568, 2945, 73, 254, 152, 255 },
    { 467, 424, 1084, 0, 7781, 3124, 41, 98, 186, 255 },
    { 611, 426, 1128, 0, 7571, 2941, 54, 83, 176, 255 },
    { 306, 424, 1145, 0, 4992, 7069, 253, 127, 251, 255 },
    { 400, 418, 1014, 0, 4706, 6535, 11, 72, 152, 255 },
    { 222, 418, 1125, 0, 4706, 7266, 159, 71, 214, 255 },
    { 1664, 37, 1111, 0, 7081, 2910, 111, 199, 232, 255 },
    { 1665, 69, 1112, 0, 7108, 2931, 125, 0, 235, 255 },
    { 1642, 72, 1225, 0, 7163, 2843, 113, 253, 57, 255 },
    { 1447, 157, 833, 0, 7175, 3448, 60, 179, 175, 255 },
    { 1430, 262, 805, 0, 7340, 3500, 95, 0, 172, 255 },
    { 1591, 103, 989, 0, 7113, 3129, 97, 237, 176, 255 },
    { 1666, 116, 1116, 0, 7149, 2948, 121, 38, 245, 255 },
    { 1412, 424, 890, 0, 7608, 3377, 61, 112, 255, 255 },
    { 1390, 418, 989, 0, 7644, 3217, 51, 113, 28, 255 },
    { 1642, 116, 1224, 0, 7187, 2856, 102, 48, 58, 255 },
    { 1563, 124, 1294, 0, 7249, 2780, 59, 49, 101, 255 },
    { 1612, 0, 1123, 0, 7016, 2864, 35, 135, 244, 255 },
    { 1558, 32, 1006, 0, 6992, 3108, 27, 152, 188, 255 },
    { 929, 290, 931, 0, 7568, 2960, 131, 254, 20, 255 },
    { 929, 170, 906, 0, 7608, 2984, 161, 172, 9, 255 },
    { 981, 172, 1035, 0, 7354, 2940, 179, 176, 61, 255 },
    { 1312, 169, 671, 0, 7602, 3565, 47, 180, 166, 255 },
    { 1301, 282, 669, 0, 7616, 3549, 57, 3, 143, 255 },
    { 1430, 262, 805, 0, 7274, 3619, 95, 0, 172, 255 },
    { 1121, 373, 642, 0, 3361, 8015, 74, 87, 201, 255 },
    { 1121, 293, 642, 0, 3361, 8015, 74, 169, 201, 255 },
    { 1067, 293, 569, 0, 3371, 8156, 19, 182, 155, 255 },
    { 923, 373, 659, 0, 3607, 8156, 157, 74, 227, 255 },
    { 923, 293, 659, 0, 3607, 8156, 157, 182, 227, 255 },
    { 962, 293, 741, 0, 3622, 8015, 172, 170, 40, 255 },
    { 1067, 373, 569, 0, 3371, 8156, 19, 74, 155, 255 },
    { 962, 373, 741, 0, 3622, 8015, 172, 86, 40, 255 },
    { 1114, 203, 636, 0, 3366, 8029, 74, 88, 203, 255 },
    { 1114, 122, 636, 0, 3366, 8029, 75, 168, 204, 255 },
    { 1071, 122, 576, 0, 3371, 8144, 23, 181, 156, 255 },
    { 928, 122, 665, 0, 3607, 8144, 157, 180, 231, 255 },
    { 962, 122, 731, 0, 3615, 8029, 174, 169, 42, 255 },
    { 962, 203, 731, 0, 3615, 8029, 174, 87, 42, 255 },
    { 925, 203, 661, 0, 3607, 8152, 155, 72, 227, 255 },
    { 1067, 203, 573, 0, 3374, 8152, 17, 72, 153, 255 },
    { 712, 394, 972, 0, 5255, 5312, 208, 89, 179, 255 },
    { 899, 394, 1271, 0, 6623, 5312, 48, 89, 77, 255 },
    { 1351, 394, 989, 0, 6623, 3446, 48, 89, 77, 255 },
    { 714, 174, 974, 0, 7410, 3210, 209, 166, 180, 255 },
    { 1166, 174, 692, 0, 7834, 3210, 209, 166, 180, 255 },
    { 1350, 174, 987, 0, 7834, 2934, 47, 166, 76, 255 },
    { 1312, 169, 671, 0, 7602, 3565, 47, 180, 166, 255 },
    { 1182, 167, 648, 0, 7766, 3381, 67, 175, 184, 255 },
    { 1180, 270, 652, 0, 7762, 3375, 52, 1, 140, 255 },
    { 917, 275, 691, 0, 7447, 2921, 138, 251, 210, 255 },
    { 927, 79, 707, 0, 7411, 2921, 180, 154, 1, 255 },
    { 949, 167, 786, 0, 7265, 2878, 168, 174, 40, 255 },
    { 949, 277, 790, 0, 7772, 3130, 129, 0, 10, 255 },
    { 949, 167, 786, 0, 7777, 3134, 168, 174, 40, 255 },
    { 929, 170, 906, 0, 7608, 2984, 161, 172, 9, 255 },
    { 1298, 128, 975, 0, 7263, 2754, 231, 136, 221, 255 },
    { 1558, 32, 1006, 0, 7073, 2992, 27, 152, 188, 255 },
    { 1321, 37, 1198, 0, 7030, 2640, 190, 152, 31, 255 },
    { 1301, 282, 669, 0, 7616, 3549, 57, 3, 143, 255 },
    { 1181, 426, 650, 0, 7764, 3378, 32, 99, 183, 255 },
    { 1095, 275, 580, 0, 7959, 3311, 172, 0, 160, 255 },
    { 1095, 418, 580, 0, 7959, 3311, 5, 71, 151, 255 },
    { 927, 426, 931, 0, 7571, 2956, 160, 82, 14, 255 },
    { 929, 290, 931, 0, 7568, 2960, 131, 254, 20, 255 },
    { 979, 290, 1037, 0, 7352, 2933, 158, 253, 81, 255 },
    { 1082, 261, 1109, 0, 7137, 3025, 198, 238, 112, 255 },
    { 1093, 419, 1122, 0, 7105, 3031, 223, 81, 92, 255 },
    { 927, 426, 931, 0, 5613, 4463, 160, 82, 14, 255 },
    { 976, 425, 1041, 0, 6051, 4522, 184, 84, 62, 255 },
    { 1093, 419, 1122, 0, 6530, 4316, 223, 81, 92, 255 },
    { 1194, 416, 1129, 0, 6746, 4017, 249, 94, 85, 255 },
    { 1291, 418, 1092, 0, 6822, 3642, 27, 115, 46, 255 },
    { 1390, 418, 989, 0, 6690, 3135, 51, 113, 28, 255 },
    { 1412, 424, 890, 0, 6426, 2873, 61, 112, 255, 255 },
    { 1386, 425, 759, 0, 5969, 2700, 72, 90, 203, 255 },
    { 1294, 426, 671, 0, 5518, 2815, 43, 85, 171, 255 },
    { 1181, 426, 650, 0, 5232, 3127, 32, 99, 183, 255 },
    { 1075, 424, 665, 0, 5074, 3485, 251, 127, 250, 255 },
    { 950, 424, 783, 0, 5198, 4103, 175, 98, 6, 255 },
    { 712, 394, 972, 0, 7410, 2985, 208, 89, 179, 255 },
    { 1165, 394, 689, 0, 7834, 2985, 208, 89, 179, 255 },
    { 1166, 174, 692, 0, 7834, 3160, 209, 166, 180, 255 },
    { 898, 174, 1269, 0, 7410, 3160, 47, 166, 76, 255 },
    { 1350, 174, 987, 0, 7834, 3160, 47, 166, 76, 255 },
    { 1351, 394, 989, 0, 7834, 2985, 48, 89, 77, 255 },
    { 917, 275, 691, 0, 7959, 2921, 138, 251, 210, 255 },
    { 917, 418, 691, 0, 7959, 2921, 158, 72, 220, 255 },
    { 1095, 418, 580, 0, 7959, 3311, 5, 71, 151, 255 },
    { 1095, 275, 580, 0, 7959, 3311, 172, 0, 160, 255 },
    { 1105, 79, 597, 0, 7923, 3311, 26, 154, 184, 255 },
    { 927, 79, 707, 0, 7923, 2921, 180, 154, 1, 255 },
    { 917, 418, 691, 0, 7447, 2921, 158, 72, 220, 255 },
    { 917, 275, 691, 0, 7447, 2921, 138, 251, 210, 255 },
    { 949, 277, 790, 0, 7260, 2874, 129, 0, 10, 255 },
    { 1095, 275, 580, 0, 7959, 3311, 172, 0, 160, 255 },
    { 1180, 270, 652, 0, 7762, 3375, 52, 1, 140, 255 },
    { 1182, 167, 648, 0, 7766, 3381, 67, 175, 184, 255 },
    { 1301, 282, 669, 0, 7616, 3549, 57, 3, 143, 255 },
    { 1294, 426, 671, 0, 7619, 3536, 43, 85, 171, 255 },
    { 1386, 425, 759, 0, 7390, 3595, 72, 90, 203, 255 },
    { 950, 424, 783, 0, 7781, 3139, 175, 98, 6, 255 },
    { 949, 277, 790, 0, 7772, 3130, 129, 0, 10, 255 },
    { 929, 290, 931, 0, 7568, 2960, 131, 254, 20, 255 },
    { 1075, 424, 665, 0, 4988, 3458, 251, 127, 250, 255 },
    { 1181, 426, 650, 0, 5138, 3118, 32, 99, 183, 255 },
    { 1095, 418, 580, 0, 4704, 3244, 5, 71, 151, 255 },
    { 917, 418, 691, 0, 4704, 3975, 158, 72, 220, 255 },
    { 950, 424, 783, 0, 5106, 4046, 175, 98, 6, 255 },
    { 610, 290, 1131, 0, 7568, 2945, 73, 254, 152, 255 },
    { 683, 290, 1222, 0, 7352, 2918, 116, 253, 204, 255 },
    { 680, 172, 1223, 0, 7354, 2924, 89, 176, 213, 255 },
    { 276, 262, 1525, 0, 7274, 3604, 139, 0, 49, 255 },
    { 210, 282, 1349, 0, 7616, 3534, 129, 3, 2, 255 },
    { 207, 169, 1360, 0, 7602, 3550, 155, 180, 2, 255 },
    { 266, 373, 1176, 0, 3360, 8015, 174, 87, 43, 255 },
    { 224, 373, 1095, 0, 3370, 8156, 156, 74, 229, 255 },
    { 224, 293, 1095, 0, 3370, 8156, 156, 182, 229, 255 },
    { 367, 373, 1006, 0, 3606, 8156, 17, 74, 154, 255 },
    { 425, 373, 1077, 0, 3621, 8015, 73, 86, 198, 255 },
    { 425, 293, 1077, 0, 3621, 8015, 73, 170, 198, 255 },
    { 367, 293, 1006, 0, 3606, 8156, 17, 182, 154, 255 },
    { 266, 293, 1176, 0, 3360, 8015, 174, 169, 43, 255 },
    { 264, 203, 1167, 0, 3365, 8029, 175, 88, 43, 255 },
    { 227, 203, 1097, 0, 3373, 8152, 156, 72, 226, 255 },
    { 228, 122, 1102, 0, 3370, 8144, 156, 181, 232, 255 },
    { 416, 203, 1072, 0, 3614, 8029, 74, 87, 201, 255 },
    { 416, 122, 1072, 0, 3614, 8029, 74, 169, 201, 255 },
    { 371, 122, 1013, 0, 3606, 8144, 21, 180, 156, 255 },
    { 228, 122, 1102, 0, 3370, 8144, 156, 181, 232, 255 },
    { 227, 203, 1097, 0, 3373, 8152, 156, 72, 226, 255 },
    { 264, 122, 1167, 0, 3365, 8029, 176, 168, 44, 255 },
    { 264, 203, 1167, 0, 3365, 8029, 175, 88, 43, 255 },
    { 369, 203, 1008, 0, 3606, 8152, 18, 72, 153, 255 },
    { 289, 394, 1236, 0, 5255, 7046, 208, 89, 179, 255 },
    { 476, 394, 1535, 0, 6623, 7046, 48, 89, 77, 255 },
    { 899, 394, 1271, 0, 6623, 5312, 48, 89, 77, 255 },
    { 475, 174, 1533, 0, 7014, 2934, 47, 166, 76, 255 },
    { 290, 174, 1238, 0, 7014, 3210, 209, 166, 180, 255 },
    { 714, 174, 974, 0, 7410, 3210, 209, 166, 180, 255 },
    { 448, 37, 1870, 0, 7081, 2910, 186, 199, 89, 255 },
    { 595, 40, 1899, 0, 7164, 2812, 34, 206, 111, 255 },
    { 560, 72, 1900, 0, 7163, 2843, 2, 253, 127, 255 },
    { 294, 157, 1553, 0, 7175, 3448, 157, 179, 18, 255 },
    { 400, 32, 1729, 0, 6992, 3108, 183, 152, 250, 255 },
    { 371, 103, 1750, 0, 7113, 3129, 142, 237, 52, 255 },
    { 452, 116, 1873, 0, 7149, 2948, 193, 38, 103, 255 },
    { 559, 116, 1900, 0, 7187, 2856, 7, 48, 118, 255 },
    { 459, 418, 1569, 0, 7644, 3217, 3, 113, 58, 255 },
    { 207, 169, 1360, 0, 7602, 3550, 155, 180, 2, 255 },
    { 210, 282, 1349, 0, 7616, 3534, 129, 3, 2, 255 },
    { 249, 270, 1233, 0, 7762, 3359, 129, 1, 252, 255 },
    { 400, 275, 1014, 0, 7447, 2906, 11, 251, 130, 255 },
    { 474, 277, 1086, 0, 7260, 2859, 65, 0, 147, 255 },
    { 471, 167, 1085, 0, 7265, 2863, 75, 174, 195, 255 },
    { 474, 277, 1086, 0, 7772, 3115, 65, 0, 147, 255 },
    { 610, 290, 1131, 0, 7568, 2945, 73, 254, 152, 255 },
    { 587, 170, 1119, 0, 7608, 2969, 50, 172, 174, 255 },
    { 677, 37, 1600, 0, 7030, 2641, 57, 152, 210, 255 },
    { 400, 32, 1729, 0, 7073, 2994, 183, 152, 250, 255 },
    { 487, 128, 1482, 0, 7263, 2756, 236, 136, 219, 255 },
    { 210, 282, 1349, 0, 7616, 3534, 129, 3, 2, 255 },
    { 216, 426, 1344, 0, 7619, 3521, 161, 85, 1, 255 },
    { 247, 426, 1233, 0, 7764, 3363, 177, 99, 252, 255 },
    { 222, 418, 1125, 0, 7959, 3296, 159, 71, 214, 255 },
    { 222, 275, 1125, 0, 7959, 3296, 207, 0, 139, 255 },
    { 249, 270, 1233, 0, 7762, 3359, 129, 1, 252, 255 },
    { 611, 426, 1128, 0, 7571, 2941, 54, 83, 176, 255 },
    { 688, 425, 1221, 0, 7348, 2911, 87, 84, 219, 255 },
    { 683, 290, 1222, 0, 7352, 2918, 116, 253, 204, 255 },
    { 709, 419, 1362, 0, 7105, 3016, 97, 82, 11, 255 },
    { 657, 124, 1860, 0, 7249, 2780, 65, 49, 97, 255 },
    { 559, 116, 1900, 0, 7187, 2856, 7, 48, 118, 255 },
    { 560, 72, 1900, 0, 7163, 2843, 2, 253, 127, 255 },
    { 709, 419, 1362, 0, 6530, 6235, 97, 82, 11, 255 },
    { 688, 425, 1221, 0, 6056, 6032, 87, 84, 219, 255 },
    { 611, 426, 1128, 0, 5623, 6090, 54, 83, 176, 255 },
    { 467, 424, 1084, 0, 5212, 6445, 41, 98, 186, 255 },
    { 306, 424, 1145, 0, 5090, 7057, 253, 127, 251, 255 },
    { 247, 426, 1233, 0, 5246, 7410, 177, 99, 252, 255 },
    { 216, 426, 1344, 0, 5529, 7719, 161, 85, 1, 255 },
    { 254, 425, 1465, 0, 5975, 7833, 176, 90, 41, 255 },
    { 360, 424, 1546, 0, 6427, 7662, 228, 111, 54, 255 },
    { 459, 418, 1569, 0, 6687, 7403, 3, 113, 58, 255 },
    { 595, 418, 1527, 0, 6819, 6901, 30, 115, 45, 255 },
    { 671, 416, 1455, 0, 6743, 6530, 79, 94, 31, 255 },
    { 714, 174, 974, 0, 7410, 3160, 209, 166, 180, 255 },
    { 290, 174, 1238, 0, 7014, 3160, 209, 166, 180, 255 },
    { 289, 394, 1236, 0, 7014, 2985, 208, 89, 179, 255 },
    { 476, 394, 1535, 0, 7014, 2985, 48, 89, 77, 255 },
    { 475, 174, 1533, 0, 7014, 3160, 47, 166, 76, 255 },
    { 898, 174, 1269, 0, 7410, 3160, 47, 166, 76, 255 },
    { 222, 418, 1125, 0, 7959, 3296, 159, 71, 214, 255 },
    { 400, 418, 1014, 0, 7959, 2906, 11, 72, 152, 255 },
    { 400, 275, 1014, 0, 7959, 2906, 11, 251, 130, 255 },
    { 410, 79, 1030, 0, 7923, 2906, 34, 154, 188, 255 },
    { 232, 79, 1141, 0, 7923, 3296, 180, 154, 248, 255 },
    { 222, 275, 1125, 0, 7959, 3296, 207, 0, 139, 255 },
    { 400, 418, 1014, 0, 7447, 2906, 11, 72, 152, 255 },
    { 467, 424, 1084, 0, 7269, 2868, 41, 98, 186, 255 },
    { 474, 277, 1086, 0, 7260, 2859, 65, 0, 147, 255 },
    { 244, 167, 1233, 0, 7766, 3366, 162, 175, 29, 255 },
    { 249, 270, 1233, 0, 7762, 3359, 129, 1, 252, 255 },
    { 448, 37, 1870, 0, 7081, 2910, 186, 199, 89, 255 },
    { 371, 103, 1750, 0, 7113, 3129, 142, 237, 52, 255 },
    { 400, 32, 1729, 0, 6992, 3108, 183, 152, 250, 255 },
    { 210, 282, 1349, 0, 7616, 3534, 129, 3, 2, 255 },
    { 276, 262, 1525, 0, 7274, 3604, 139, 0, 49, 255 },
    { 254, 425, 1465, 0, 7390, 3580, 176, 90, 41, 255 },
    { 610, 290, 1131, 0, 7568, 2945, 73, 254, 152, 255 },
    { 474, 277, 1086, 0, 7772, 3115, 65, 0, 147, 255 },
    { 467, 424, 1084, 0, 7781, 3124, 41, 98, 186, 255 },
    { 306, 424, 1145, 0, 4992, 7069, 253, 127, 251, 255 },
    { 467, 424, 1084, 0, 5123, 6415, 41, 98, 186, 255 },
    { 400, 418, 1014, 0, 4706, 6535, 11, 72, 152, 255 },
    { 222, 418, 1125, 0, 4706, 7266, 159, 71, 214, 255 },
    { 247, 426, 1233, 0, 5159, 7446, 177, 99, 252, 255 },
};

Gfx int_psx_model[] = {
    gsSPTexture(0, 0, 0, G_TX_RENDERTILE, G_ON),
    gsDPSetCombineLERP(TEXEL0, 0, SHADE, 0, 0, 0, 0, TEXEL0, PRIMITIVE, 0, COMBINED, 0, 0, 0, 0, COMBINED),
    gsDPSetRenderMode(G_RM_FOG_SHADE_A, G_RM_AA_ZB_TEX_EDGE2),
    gsDPLoadTLUT_Dolphin(15, 256, 1, int_psx_pal),
    gsDPSetTextureImage_Dolphin(G_IM_FMT_CI, G_IM_SIZ_8b, 256, 256, int_psx_tex),
    gsDPSetTile_Dolphin(G_DOLPHIN_TLUT_DEFAULT_MODE, 0, 15, GX_CLAMP, GX_CLAMP, 0, 0),
    gsDPSetPrimColor(0, 128, 255, 255, 255, 255),
    gsSPLoadGeometryMode(G_ZBUFFER | G_SHADE | G_CULL_BACK | G_FOG | G_LIGHTING | G_SHADING_SMOOTH | G_DECAL_LEQUAL),
    gsSPVertex(&int_psx_v[0], 30, 0),
    gsSPNTrianglesInit_5b(14, 0, 1, 2, 3, 4, 5, 6, 7, 8),
    gsSPNTriangles_5b(9, 10, 11, 12, 13, 14, 15, 16, 17, 0, 18, 1),
    gsSPNTriangles_5b(3, 19, 4, 6, 20, 7, 9, 21, 10, 12, 22, 13),
    gsSPNTriangles_5b(15, 23, 16, 24, 25, 26, 27, 28, 29, 0, 0, 0),
    gsSPVertex(&int_psx_v[30], 31, 0),
    gsSPNTrianglesInit_5b(17, 0, 1, 2, 3, 4, 5, 6, 7, 8),
    gsSPNTriangles_5b(4, 9, 5, 10, 11, 12, 11, 0, 2, 11, 13, 14),
    gsSPNTriangles_5b(15, 16, 17, 18, 19, 20, 21, 22, 23, 24, 25, 26),
    gsSPNTriangles_5b(21, 27, 22, 23, 28, 29, 27, 21, 29, 30, 27, 29),
    gsSPNTriangles_5b(28, 19, 29, 29, 19, 18, 0, 0, 0, 0, 0, 0),
    gsSPVertex(&int_psx_v[61], 32, 0),
    gsSPNTrianglesInit_5b(12, 0, 1, 2, 3, 4, 5, 6, 7, 8),
    gsSPNTriangles_5b(9, 10, 11, 12, 13, 14, 15, 16, 17, 18, 19, 20),
    gsSPNTriangles_5b(21, 22, 23, 21, 23, 24, 25, 26, 27, 28, 29, 30),
    gsSPNTriangles_5b(31, 27, 26, 0, 0, 0, 0, 0, 0, 0, 0, 0),
    gsSPVertex(&int_psx_v[93], 30, 0),
    gsSPNTrianglesInit_5b(13, 0, 1, 2, 3, 4, 5, 6, 7, 8),
    gsSPNTriangles_5b(9, 10, 11, 9, 8, 7, 12, 9, 7, 11, 6, 8),
    gsSPNTriangles_5b(13, 14, 15, 16, 17, 18, 19, 20, 21, 22, 23, 24),
    gsSPNTriangles_5b(25, 21, 26, 27, 28, 29, 0, 0, 0, 0, 0, 0),
    gsSPVertex(&int_psx_v[123], 31, 0),
    gsSPNTrianglesInit_5b(12, 0, 1, 2, 3, 4, 5, 6, 3, 7),
    gsSPNTriangles_5b(8, 9, 10, 11, 12, 13, 14, 15, 16, 13, 15, 17),
    gsSPNTriangles_5b(15, 14, 18, 19, 20, 21, 22, 23, 24, 25, 26, 27),
    gsSPNTriangles_5b(28, 29, 30, 0, 0, 0, 0, 0, 0, 0, 0, 0),
    gsSPVertex(&int_psx_v[154], 32, 0),
    gsSPNTrianglesInit_5b(15, 0, 1, 2, 3, 4, 5, 3, 6, 7),
    gsSPNTriangles_5b(8, 9, 10, 11, 12, 13, 14, 15, 11, 16, 17, 18),
    gsSPNTriangles_5b(19, 20, 21, 22, 23, 9, 24, 25, 26, 25, 27, 26),
    gsSPNTriangles_5b(14, 28, 15, 16, 18, 29, 28, 30, 15, 31, 14, 21),
    gsSPVertex(&int_psx_v[186], 32, 0),
    gsSPNTrianglesInit_5b(11, 0, 1, 2, 3, 4, 5, 6, 7, 8),
    gsSPNTriangles_5b(9, 10, 11, 12, 13, 14, 15, 16, 10, 17, 18, 19),
    gsSPNTriangles_5b(20, 21, 22, 23, 24, 25, 26, 27, 28, 29, 30, 31),
    gsSPVertex(&int_psx_v[218], 32, 0),
    gsSPNTrianglesInit_5b(18, 0, 1, 2, 3, 4, 5, 6, 7, 8),
    gsSPNTriangles_5b(0, 9, 10, 8, 7, 11, 12, 13, 14, 14, 4, 3),
    gsSPNTriangles_5b(14, 15, 16, 17, 18, 19, 20, 2, 21, 22, 23, 24),
    gsSPNTriangles_5b(25, 26, 27, 22, 24, 28, 23, 29, 30, 28, 29, 22),
    gsSPNTriangles_5b(31, 29, 28, 30, 29, 21, 29, 20, 21, 0, 0, 0),
    gsSPVertex(&int_psx_v[250], 32, 0),
    gsSPNTrianglesInit_5b(14, 0, 1, 2, 3, 4, 5, 6, 7, 8),
    gsSPNTriangles_5b(9, 10, 11, 12, 13, 14, 15, 16, 17, 18, 19, 20),
    gsSPNTriangles_5b(21, 22, 23, 21, 24, 22, 25, 26, 27, 28, 29, 30),
    gsSPNTriangles_5b(30, 31, 28, 30, 27, 26, 25, 28, 31, 0, 0, 0),
    gsSPVertex(&int_psx_v[282], 32, 0),
    gsSPNTrianglesInit_5b(14, 0, 1, 2, 3, 4, 5, 4, 6, 5),
    gsSPNTriangles_5b(4, 2, 1, 0, 5, 6, 7, 8, 9, 10, 11, 12),
    gsSPNTriangles_5b(13, 14, 15, 16, 17, 18, 19, 20, 21, 22, 23, 24),
    gsSPNTriangles_5b(25, 26, 27, 28, 23, 29, 30, 31, 28, 0, 0, 0),
    gsSPVertex(&int_psx_v[314], 30, 0),
    gsSPNTrianglesInit_5b(12, 0, 1, 2, 3, 4, 5, 6, 7, 8),
    gsSPNTriangles_5b(4, 9, 8, 8, 10, 6, 11, 12, 13, 14, 15, 16),
    gsSPNTriangles_5b(17, 18, 19, 20, 21, 22, 23, 24, 20, 25, 26, 27),
    gsSPNTriangles_5b(28, 25, 29, 0, 0, 0, 0, 0, 0, 0, 0, 0),
    gsSPVertex(&int_psx_v[344], 30, 0),
    gsSPNTrianglesInit_5b(14, 0, 1, 2, 3, 4, 5, 6, 3, 7),
    gsSPNTriangles_5b(8, 9, 10, 11, 12, 13, 14, 2, 1, 15, 16, 17),
    gsSPNTriangles_5b(16, 18, 19, 20, 6, 7, 8, 21, 9, 20, 7, 22),
    gsSPNTriangles_5b(23, 12, 6, 24, 25, 26, 27, 28, 29, 0, 0, 0),
    gsSPVertex(&int_psx_v[374], 32, 0),
    gsSPNTrianglesInit_5b(11, 0, 1, 2, 3, 4, 5, 6, 7, 8),
    gsSPNTriangles_5b(9, 10, 4, 11, 12, 13, 14, 15, 16, 17, 18, 19),
    gsSPNTriangles_5b(20, 21, 22, 23, 24, 25, 26, 27, 28, 29, 30, 31),
    gsSPVertex(&int_psx_v[406], 31, 0),
    gsSPNTrianglesInit_5b(15, 0, 1, 2, 3, 4, 5, 6, 7, 8),
    gsSPNTriangles_5b(9, 10, 11, 12, 13, 14, 15, 16, 17, 16, 15, 18),
    gsSPNTriangles_5b(13, 17, 16, 15, 19, 12, 20, 21, 22, 23, 24, 25),
    gsSPNTriangles_5b(23, 26, 27, 21, 24, 23, 26, 25, 20, 28, 29, 30),
    gsSPVertex(&int_psx_v[437], 31, 0),
    gsSPNTrianglesInit_5b(12, 0, 1, 2, 3, 4, 5, 6, 7, 8),
    gsSPNTriangles_5b(9, 10, 11, 12, 13, 14, 15, 5, 16, 5, 17, 18),
    gsSPNTriangles_5b(19, 20, 21, 21, 22, 23, 24, 25, 26, 26, 27, 28),
    gsSPNTriangles_5b(28, 29, 30, 0, 0, 0, 0, 0, 0, 0, 0, 0),
    gsSPVertex(&int_psx_v[468], 32, 0),
    gsSPNTrianglesInit_5b(15, 0, 1, 2, 2, 3, 4, 4, 5, 6),
    gsSPNTriangles_5b(6, 7, 8, 8, 0, 2, 2, 4, 6, 9, 10, 11),
    gsSPNTriangles_5b(12, 13, 14, 15, 16, 17, 17, 18, 19, 19, 20, 15),
    gsSPNTriangles_5b(21, 22, 23, 18, 24, 25, 26, 27, 28, 29, 30, 31),
    gsSPVertex(&int_psx_v[500], 30, 0),
    gsSPNTrianglesInit_5b(15, 0, 1, 2, 2, 3, 4, 5, 6, 7),
    gsSPNTriangles_5b(8, 9, 10, 11, 12, 13, 14, 15, 16, 17, 13, 12),
    gsSPNTriangles_5b(17, 16, 18, 11, 15, 14, 19, 20, 21, 22, 23, 24),
    gsSPNTriangles_5b(24, 21, 20, 24, 23, 25, 19, 22, 26, 27, 28, 29),
    gsSPVertex(&int_psx_v[530], 32, 0),
    gsSPNTrianglesInit_5b(12, 0, 1, 2, 3, 4, 5, 6, 7, 8),
    gsSPNTriangles_5b(9, 10, 11, 12, 13, 14, 15, 16, 17, 18, 19, 20),
    gsSPNTriangles_5b(21, 22, 23, 13, 24, 25, 26, 27, 14, 28, 29, 30),
    gsSPNTriangles_5b(30, 29, 31, 0, 0, 0, 0, 0, 0, 0, 0, 0),
    gsSPVertex(&int_psx_v[562], 32, 0),
    gsSPNTrianglesInit_5b(17, 0, 1, 2, 3, 4, 5, 5, 6, 7),
    gsSPNTriangles_5b(7, 8, 9, 9, 10, 11, 11, 12, 13, 13, 14, 3),
    gsSPNTriangles_5b(3, 5, 7, 7, 9, 11, 11, 13, 3, 15, 16, 17),
    gsSPNTriangles_5b(18, 19, 20, 21, 22, 23, 23, 24, 25, 25, 26, 21),
    gsSPNTriangles_5b(27, 28, 29, 30, 31, 26, 0, 0, 0, 0, 0, 0),
    gsSPVertex(&int_psx_v[594], 31, 0),
    gsSPNTrianglesInit_5b(13, 0, 1, 2, 3, 4, 5, 6, 7, 8),
    gsSPNTriangles_5b(9, 10, 11, 12, 13, 9, 14, 15, 16, 17, 18, 19),
    gsSPNTriangles_5b(20, 21, 22, 23, 24, 25, 17, 26, 27, 24, 14, 25),
    gsSPNTriangles_5b(28, 29, 30, 29, 20, 22, 0, 0, 0, 0, 0, 0),
    gsSPVertex(&int_psx_v[625], 31, 0),
    gsSPNTrianglesInit_5b(16, 0, 1, 2, 3, 4, 5, 6, 7, 8),
    gsSPNTriangles_5b(9, 10, 11, 12, 13, 14, 9, 15, 10, 11, 16, 17),
    gsSPNTriangles_5b(15, 9, 17, 18, 15, 17, 16, 7, 17, 17, 7, 6),
    gsSPNTriangles_5b(19, 20, 21, 22, 6, 8, 23, 24, 25, 26, 27, 28),
    gsSPNTriangles_5b(1, 29, 30, 0, 0, 0, 0, 0, 0, 0, 0, 0),
    gsSPVertex(&int_psx_v[656], 31, 0),
    gsSPNTrianglesInit_5b(16, 0, 1, 2, 3, 4, 5, 6, 7, 8),
    gsSPNTriangles_5b(6, 8, 9, 10, 11, 12, 13, 14, 15, 16, 12, 11),
    gsSPNTriangles_5b(17, 16, 11, 13, 10, 12, 18, 19, 20, 21, 22, 23),
    gsSPNTriangles_5b(21, 20, 19, 24, 21, 19, 23, 18, 20, 25, 26, 27),
    gsSPNTriangles_5b(28, 29, 30, 0, 0, 0, 0, 0, 0, 0, 0, 0),
    gsSPVertex(&int_psx_v[687], 30, 0),
    gsSPNTrianglesInit_5b(14, 0, 1, 2, 3, 4, 5, 6, 2, 7),
    gsSPNTriangles_5b(8, 9, 10, 11, 12, 13, 14, 10, 9, 15, 14, 16),
    gsSPNTriangles_5b(0, 2, 17, 7, 18, 6, 19, 20, 21, 6, 20, 22),
    gsSPNTriangles_5b(20, 19, 23, 24, 25, 26, 27, 28, 29, 0, 0, 0),
    gsSPVertex(&int_psx_v[717], 32, 0),
    gsSPNTrianglesInit_5b(13, 0, 1, 2, 3, 4, 5, 6, 3, 7),
    gsSPNTriangles_5b(8, 9, 10, 8, 11, 12, 13, 14, 15, 16, 17, 18),
    gsSPNTriangles_5b(19, 20, 16, 21, 22, 23, 24, 25, 26, 27, 28, 14),
    gsSPNTriangles_5b(29, 1, 30, 1, 31, 30, 0, 0, 0, 0, 0, 0),
    gsSPVertex(&int_psx_v[749], 32, 0),
    gsSPNTrianglesInit_5b(12, 0, 1, 2, 3, 4, 5, 1, 6, 2),
    gsSPNTriangles_5b(7, 0, 8, 9, 10, 11, 12, 13, 14, 15, 16, 17),
    gsSPNTriangles_5b(18, 19, 20, 21, 22, 23, 24, 25, 19, 26, 27, 28),
    gsSPNTriangles_5b(29, 30, 31, 0, 0, 0, 0, 0, 0, 0, 0, 0),
    gsSPVertex(&int_psx_v[781], 30, 0),
    gsSPNTrianglesInit_5b(13, 0, 1, 2, 3, 4, 5, 6, 7, 8),
    gsSPNTriangles_5b(9, 10, 11, 12, 13, 14, 15, 16, 17, 9, 18, 19),
    gsSPNTriangles_5b(17, 16, 6, 20, 21, 22, 22, 13, 12, 22, 23, 24),
    gsSPNTriangles_5b(25, 26, 27, 28, 11, 29, 0, 0, 0, 0, 0, 0),
    gsSPVertex(&int_psx_v[811], 32, 0),
    gsSPNTrianglesInit_5b(15, 0, 1, 2, 3, 4, 5, 0, 2, 6),
    gsSPNTriangles_5b(1, 7, 8, 6, 7, 0, 9, 7, 6, 8, 7, 10),
    gsSPNTriangles_5b(7, 11, 10, 12, 13, 14, 15, 16, 11, 17, 18, 19),
    gsSPNTriangles_5b(20, 21, 22, 23, 24, 25, 26, 27, 28, 29, 30, 31),
    gsSPVertex(&int_psx_v[843], 32, 0),
    gsSPNTrianglesInit_5b(17, 0, 1, 2, 0, 3, 1, 4, 5, 6),
    gsSPNTriangles_5b(7, 8, 9, 9, 10, 7, 9, 6, 5, 4, 7, 10),
    gsSPNTriangles_5b(11, 12, 13, 14, 15, 16, 15, 17, 16, 15, 13, 12),
    gsSPNTriangles_5b(11, 16, 17, 18, 19, 20, 21, 22, 23, 24, 25, 26),
    gsSPNTriangles_5b(27, 28, 29, 30, 3, 31, 0, 0, 0, 0, 0, 0),
    gsSPVertex(&int_psx_v[875], 30, 0),
    gsSPNTrianglesInit_5b(12, 0, 1, 2, 3, 4, 5, 6, 1, 7),
    gsSPNTriangles_5b(8, 9, 6, 10, 11, 12, 13, 14, 15, 16, 17, 18),
    gsSPNTriangles_5b(14, 19, 18, 18, 20, 16, 21, 22, 23, 24, 25, 26),
    gsSPNTriangles_5b(27, 28, 29, 0, 0, 0, 0, 0, 0, 0, 0, 0),
    gsSPVertex(&int_psx_v[905], 32, 0),
    gsSPNTrianglesInit_5b(14, 0, 1, 2, 3, 4, 0, 5, 6, 7),
    gsSPNTriangles_5b(8, 5, 9, 10, 11, 12, 13, 14, 15, 16, 13, 17),
    gsSPNTriangles_5b(18, 19, 20, 21, 22, 23, 24, 12, 11, 25, 26, 27),
    gsSPNTriangles_5b(26, 28, 29, 30, 16, 17, 18, 31, 19, 0, 0, 0),
    gsSPVertex(&int_psx_v[937], 32, 0),
    gsSPNTrianglesInit_5b(11, 0, 1, 2, 3, 4, 5, 6, 7, 8),
    gsSPNTriangles_5b(9, 10, 11, 12, 13, 14, 15, 16, 17, 18, 19, 20),
    gsSPNTriangles_5b(21, 22, 16, 23, 24, 25, 26, 27, 28, 29, 30, 31),
    gsSPVertex(&int_psx_v[969], 30, 0),
    gsSPNTrianglesInit_5b(13, 0, 1, 2, 3, 4, 5, 6, 7, 8),
    gsSPNTriangles_5b(9, 10, 11, 5, 12, 13, 3, 14, 15, 16, 17, 18),
    gsSPNTriangles_5b(19, 20, 21, 22, 23, 24, 25, 26, 27, 26, 25, 28),
    gsSPNTriangles_5b(23, 27, 26, 25, 29, 22, 0, 0, 0, 0, 0, 0),
    gsSPVertex(&int_psx_v[999], 30, 0),
    gsSPNTrianglesInit_5b(13, 0, 1, 2, 3, 4, 5, 3, 6, 7),
    gsSPNTriangles_5b(1, 4, 3, 6, 5, 0, 8, 9, 10, 11, 12, 13),
    gsSPNTriangles_5b(14, 15, 16, 17, 18, 19, 20, 21, 22, 23, 24, 25),
    gsSPNTriangles_5b(26, 16, 27, 16, 28, 29, 0, 0, 0, 0, 0, 0),
    gsSPVertex(&int_psx_v[1029], 32, 0),
    gsSPNTrianglesInit_5b(17, 0, 1, 2, 2, 3, 4, 5, 6, 7),
    gsSPNTriangles_5b(7, 8, 9, 9, 10, 11, 11, 12, 13, 13, 14, 15),
    gsSPNTriangles_5b(15, 16, 5, 5, 7, 9, 9, 11, 13, 13, 15, 5),
    gsSPNTriangles_5b(17, 18, 19, 20, 21, 22, 23, 24, 25, 25, 26, 27),
    gsSPNTriangles_5b(27, 28, 23, 29, 30, 31, 0, 0, 0, 0, 0, 0),
    gsSPVertex(&int_psx_v[1061], 31, 0),
    gsSPNTrianglesInit_5b(13, 0, 1, 2, 3, 4, 5, 6, 7, 8),
    gsSPNTriangles_5b(9, 10, 11, 11, 12, 13, 14, 15, 16, 17, 18, 19),
    gsSPNTriangles_5b(20, 21, 22, 23, 24, 25, 26, 22, 21, 26, 25, 27),
    gsSPNTriangles_5b(20, 24, 23, 28, 29, 30, 0, 0, 0, 0, 0, 0),
    gsSPVertex(&int_psx_v[1092], 32, 0),
    gsSPNTrianglesInit_5b(12, 0, 1, 2, 2, 3, 4, 2, 1, 5),
    gsSPNTriangles_5b(6, 0, 7, 8, 9, 10, 11, 12, 13, 14, 15, 16),
    gsSPNTriangles_5b(17, 18, 19, 20, 21, 22, 23, 24, 25, 26, 27, 28),
    gsSPNTriangles_5b(29, 30, 31, 0, 0, 0, 0, 0, 0, 0, 0, 0),
    gsSPVertex(&int_psx_v[1124], 31, 0),
    gsSPNTrianglesInit_5b(16, 0, 1, 2, 3, 4, 5, 6, 7, 8),
    gsSPNTriangles_5b(9, 10, 11, 11, 10, 12, 13, 14, 15, 16, 17, 18),
    gsSPNTriangles_5b(18, 19, 20, 20, 21, 22, 22, 23, 24, 24, 25, 26),
    gsSPNTriangles_5b(26, 27, 16, 16, 18, 20, 20, 22, 24, 24, 26, 16),
    gsSPNTriangles_5b(28, 29, 30, 0, 0, 0, 0, 0, 0, 0, 0, 0),
    gsSPVertex(&int_psx_v[1155], 28, 0),
    gsSPNTrianglesInit_5b(11, 0, 1, 2, 3, 4, 5, 5, 6, 7),
    gsSPNTriangles_5b(7, 8, 3, 9, 10, 11, 12, 13, 8, 14, 15, 16),
    gsSPNTriangles_5b(17, 18, 19, 20, 21, 22, 23, 24, 25, 26, 27, 23),
    gsSPEndDisplayList(),
};
